update,time_sec,valid_steps,mean_reward,mean_return,mean_advantage,done_fraction,episodes_finished,mean_episode_return,mean_episode_length,total_env_steps,actor_loss,critic_loss,entropy,approx_kl,clip_fraction,total_loss,num_updates
1.0,1.3609368801116943,256.0,-3.129465103149414,-49.303096771240234,-49.294857025146484,0.0,0.0,0.0,0.0,768.0,0.03900074434932321,1240.9483642578125,1.838797189295292,0.143891033854743,0.4886474609375,620.4948120117188,1.0
2.0,2.3541738986968994,256.0,-3.229895830154419,-52.07118225097656,-50.58964920043945,0.0,0.0,0.0,0.0,1536.0,-0.00664710282580927,1308.2740936279297,1.8389135599136353,0.025368913589773,0.291015625,654.1120338439941,2.0
3.0,3.3261899948120117,256.0,-3.873461961746216,-51.78944778442383,-48.70577621459961,0.00390625,1.0,-870.8201293945312,219.0,2304.0,0.009756692335940897,1295.2450942993164,1.8369539007544518,0.03498232261335943,0.340087890625,647.6139373779297,3.0
4.0,4.294982671737671,256.0,-3.297635316848755,-56.4593505859375,-51.11812210083008,0.0,0.0,0.0,0.0,3072.0,-0.00044067209819331765,1337.261215209961,1.836134396493435,0.018138944225938758,0.2568359375,668.6117935180664,4.0
5.0,5.249258756637573,256.0,-4.467021465301514,-54.674560546875,-47.42555618286133,0.0078125,2.0,-570.1568908691406,127.5,3840.0,0.01747181371320039,1269.4948425292969,1.8351610973477364,0.04795271144757862,0.432373046875,634.7465209960938,5.0
6.0,6.243507623672485,256.0,-3.2596147060394287,-58.0567741394043,-50.20399475097656,0.0,0.0,0.0,0.0,4608.0,0.01587907556677237,1290.459976196289,1.8356016129255295,0.04216265210197889,0.3580322265625,645.2274971008301,6.0
7.0,7.24722146987915,256.0,-3.891321897506714,-56.6479377746582,-47.34293746948242,0.00390625,1.0,-727.9519653320312,175.0,5376.0,0.006190167565364391,1240.389549255371,1.833500660955906,0.015353207094449317,0.21533203125,620.1826591491699,7.0
8.0,8.228293180465698,256.0,-3.868619203567505,-59.986419677734375,-49.787689208984375,0.00390625,1.0,-986.784423828125,255.0,6144.0,0.0010080088977701962,1307.0242767333984,1.8332543075084686,0.023331620042881696,0.262939453125,653.4948425292969,8.0
9.0,9.244809865951538,256.0,-3.89200758934021,-58.29005813598633,-47.62919998168945,0.00390625,1.0,-895.5711059570312,226.0,6912.0,0.009684102900791913,1248.4193115234375,1.8350548967719078,0.025866484436846804,0.2994384765625,624.2009696960449,9.0
10.0,10.257250785827637,256.0,-3.8185513019561768,-57.25336837768555,-46.02140426635742,0.00390625,1.0,-571.58935546875,131.0,7680.0,0.0032692315289750695,1168.4295196533203,1.8350601717829704,0.024566204083384946,0.26220703125,584.1996574401855,10.0,-939.9540771484375,3.939190585192447,264.8,0.0,1.0,0.0,1.0
11.0,15.830488920211792,256.0,-3.203240156173706,-59.2316780090332,-48.64995193481445,0.0,0.0,0.0,0.0,8448.0,-0.008335369697306305,1206.4320602416992,1.8349313586950302,0.015882304691331228,0.208251953125,603.1893310546875,11.0
12.0,16.90842366218567,256.0,-3.1131207942962646,-59.25397872924805,-46.859432220458984,0.0,0.0,0.0,0.0,9216.0,-0.005405229749158025,1125.3609619140625,1.832716777920723,0.01717665195974405,0.1973876953125,562.6567726135254,12.0
13.0,17.96756100654602,256.0,-3.0923805236816406,-59.3943977355957,-46.40304946899414,0.0,0.0,0.0,0.0,9984.0,-0.004136016999837011,1099.479232788086,1.828123815357685,0.01579731802121387,0.1953125,549.7171974182129,13.0
14.0,19.12175726890564,256.0,-3.120177984237671,-61.018157958984375,-46.78620529174805,0.0,0.0,0.0,0.0,10752.0,-0.0040751776250544935,1119.2260665893555,1.8182633817195892,0.019629071601229953,0.21728515625,559.5907707214355,14.0
15.0,20.266520977020264,256.0,-3.1562130451202393,-62.94081497192383,-47.236328125,0.0,0.0,0.0,0.0,11520.0,-0.00504253403050825,1141.0813369750977,1.8128174021840096,0.011505327089253115,0.154296875,570.5175018310547,15.0
16.0,21.38145685195923,256.0,-3.1087284088134766,-62.7359733581543,-46.25458908081055,0.0,0.0,0.0,0.0,12288.0,-0.0014362499059643596,1095.5701751708984,1.809633195400238,0.02816389717918355,0.28515625,547.7655487060547,16.0
17.0,22.533379793167114,256.0,-3.07061767578125,-62.613677978515625,-45.4996223449707,0.0,0.0,0.0,0.0,13056.0,-0.0030284436070360243,1062.6631546020508,1.8062680959701538,0.014795421873714076,0.1947021484375,531.310474395752,17.0
18.0,23.6478488445282,256.0,-5.056438446044922,-58.437408447265625,-40.345863342285156,0.01171875,3.0,-428.12282307942706,84.33333333333333,13824.0,-0.00044863257789984345,1094.6273651123047,1.802403301000595,0.01787136811981327,0.2283935546875,547.2952156066895,18.0
19.0,24.736774682998657,256.0,-3.1720354557037354,-65.24060821533203,-46.98334884643555,0.0,0.0,0.0,0.0,14592.0,-0.002083041879814118,1138.4061584472656,1.7968007624149323,0.016370015357097145,0.1734619140625,569.1830215454102,19.0
20.0,25.82170844078064,256.0,-5.087116241455078,-57.785003662109375,-38.69997024536133,0.01171875,3.0,-407.9377136230469,77.33333333333333,15360.0,-0.004023806541226804,1040.5653343200684,1.7922122552990913,0.013644178616232239,0.1719970703125,520.260705947876,20.0,-318.57208251953125,0.008256051214050052,54.0,0.0,1.0,0.0,1.0
21.0,27.933295965194702,256.0,-4.509031772613525,-61.22554397583008,-42.01158142089844,0.0078125,2.0,-402.07318115234375,75.5,16128.0,-0.008545150980353355,1097.2711791992188,1.7925317287445068,0.010150333946512546,0.1416015625,548.6091041564941,21.0
22.0,29.04733109474182,256.0,-3.8494346141815186,-63.97782516479492,-44.579708099365234,0.00390625,1.0,-339.1061706542969,57.0,16896.0,0.006182042823638767,1128.675926208496,1.7906563729047775,0.02311794968409231,0.285888671875,564.3262634277344,22.0
23.0,30.180957078933716,256.0,-3.758692979812622,-62.484798431396484,-42.99372863769531,0.00390625,1.0,-376.581787109375,68.0,17664.0,-0.005227241723332554,1052.4104461669922,1.7904150635004044,0.011109352442872478,0.156982421875,526.1821002960205,23.0
24.0,31.318464279174805,256.0,-3.823035478591919,-63.640777587890625,-44.09065628051758,0.00390625,1.0,-455.9523010253906,92.0,18432.0,-0.011810239404439926,1091.686809539795,1.7905865162611008,0.009559181235090364,0.12939453125,545.8137073516846,24.0
25.0,32.39083456993103,256.0,-3.818899154663086,-63.70268630981445,-43.926456451416016,0.00390625,1.0,-448.9730529785156,91.0,19200.0,0.012971894699148834,1095.73335647583,1.7896697521209717,0.02268221268968773,0.27294921875,547.8617630004883,25.0
26.0,33.522183895111084,256.0,-4.472061634063721,-61.22113037109375,-41.16435241699219,0.0078125,2.0,-484.23939514160156,101.5,19968.0,-0.002992533496581018,1061.256477355957,1.7897248938679695,0.021178829305426916,0.249267578125,530.6073570251465,26.0
27.0,34.62334728240967,256.0,-3.237586259841919,-68.09296417236328,-47.8200798034668,0.0,0.0,0.0,0.0,20736.0,-0.006630637566559017,1179.6941146850586,1.7900053709745407,0.013105646925396286,0.17529296875,589.8225440979004,27.0
28.0,35.743279457092285,256.0,-5.093944549560547,-60.389495849609375,-39.56718826293945,0.01171875,3.0,-427.0166422526042,83.0,21504.0,-0.005407121847383678,1072.7094764709473,1.7867385521531105,0.00931702574234805,0.123779296875,536.3314609527588,28.0
29.0,36.841201066970825,256.0,-3.2305266857147217,-68.46793365478516,-47.55159378051758,0.0,0.0,0.0,0.0,22272.0,-0.0036996547714807093,1164.8440551757812,1.782077506184578,0.01809312601471902,0.2236328125,582.4005088806152,29.0
30.0,37.9565224647522,256.0,-3.1797945499420166,-68.20929718017578,-46.724884033203125,0.0,0.0,0.0,0.0,23040.0,-0.008038330095587298,1127.429084777832,1.7759473994374275,0.020607431044481928,0.2496337890625,563.6887435913086,30.0,-330.3826965332031,0.029837499183603632,59.0,0.0,1.0,0.0,0.0
31.0,40.058053493499756,256.0,-5.0869622230529785,-61.35799789428711,-39.2697639465332,0.01171875,3.0,-429.86631266276044,84.0,23808.0,0.000493421801365912,1052.7764320373535,1.7730777636170387,0.013329641351447208,0.1806640625,526.3709831237793,31.0
32.0,41.05029916763306,256.0,-4.477613925933838,-63.69355392456055,-41.4979362487793,0.0078125,2.0,-540.5246429443359,118.0,24576.0,0.005851700290804729,1106.0012474060059,1.7748515531420708,0.009237159181793686,0.1273193359375,552.9887084960938,32.0
33.0,42.07380437850952,256.0,-5.104024887084961,-60.79398727416992,-38.40324783325195,0.01171875,3.0,-419.9387715657552,80.66666666666667,25344.0,-0.004259609122527763,1038.2504920959473,1.7794785723090172,0.007149014403694309,0.094482421875,519.1031970977783,33.0
34.0,43.06588625907898,256.0,-4.446884632110596,-62.930721282958984,-40.21380615234375,0.0078125,2.0,-475.71107482910156,99.5,26112.0,-0.0069050241727381945,1034.3143157958984,1.7881185412406921,0.008711251215572702,0.1182861328125,517.1323642730713,34.0
35.0,44.08129906654358,256.0,-3.1976044178009033,-69.74291229248047,-46.77854537963867,0.0,0.0,0.0,0.0,26880.0,-0.008723868581000715,1127.3103790283203,1.7955272272229195,0.011263450564001687,0.1419677734375,563.6285057067871,35.0
36.0,45.22495126724243,256.0,-3.1239020824432373,-68.90564727783203,-45.4837532043457,0.0,0.0,0.0,0.0,27648.0,-0.006684382678940892,1061.7570037841797,1.7976792454719543,0.007104470754711656,0.0953369140625,530.8538360595703,36.0
37.0,46.31735920906067,256.0,-3.2443923950195312,-71.44330596923828,-47.403106689453125,0.0,0.0,0.0,0.0,28416.0,-0.0018856932292692363,1152.3011932373047,1.7924929782748222,0.010103758915647632,0.134521484375,576.1307640075684,37.0
38.0,47.48411417007446,256.0,-3.1677186489105225,-70.55968475341797,-45.9620361328125,0.0,0.0,0.0,0.0,29184.0,-0.002779271046165377,1087.8524169921875,1.7915194109082222,0.008160736095305765,0.1036376953125,543.9055061340332,38.0
39.0,48.68105387687683,256.0,-3.1933887004852295,-71.4548110961914,-46.28419876098633,0.0,0.0,0.0,0.0,29952.0,-0.0009783203713595867,1101.3308715820312,1.786138691008091,0.009613681988412281,0.1378173828125,550.6465721130371,39.0
40.0,49.78489804267883,256.0,-3.2535440921783447,-73.03766632080078,-47.31410598754883,0.0,0.0,0.0,0.0,30720.0,0.0014255506685003638,1149.3081283569336,1.7832573279738426,0.006035770235030213,0.0740966796875,574.6376724243164,40.0,-937.591845703125,1.5490319691039365,264.4,0.0,1.0,0.0,0.0
41.0,55.166642904281616,256.0,-3.1799328327178955,-72.35834503173828,-46.10687255859375,0.0,0.0,0.0,0.0,31488.0,-0.0048879560781642795,1086.75048828125,1.7784849256277084,0.010902315792918671,0.161376953125,543.3525848388672,41.0
42.0,56.1673104763031,256.0,-3.8472917079925537,-69.8861083984375,-43.01486587524414,0.00390625,1.0,-716.9450073242188,172.0,32256.0,-0.006622482149396092,1058.758945465088,1.7772983685135841,0.008829181952023646,0.1173095703125,529.3550910949707,42.0
43.0,57.15015125274658,256.0,-3.175389051437378,-72.85782623291016,-45.817569732666016,0.0,0.0,0.0,0.0,33024.0,0.0013055778108537197,1081.3633728027344,1.7780759781599045,0.011423806412494741,0.1441650390625,540.6652336120605,43.0
44.0,58.22328186035156,256.0,-3.1917057037353516,-73.52757263183594,-45.93128967285156,0.0,0.0,0.0,0.0,33792.0,-0.002534927218221128,1082.445785522461,1.7803745716810226,0.013846429414115846,0.2000732421875,541.2025299072266,44.0
45.0,59.33982038497925,256.0,-3.1693007946014404,-73.57878875732422,-45.41573715209961,0.0,0.0,0.0,0.0,34560.0,0.005591618246398866,1060.693717956543,1.7816490605473518,0.017914501597260823,0.1982421875,530.3346252441406,45.0
46.0,60.48787760734558,256.0,-3.8206098079681396,-70.75727844238281,-42.07429504394531,0.00390625,1.0,-492.80029296875,106.0,35328.0,-0.0020930697792209685,1034.0987396240234,1.7799978256225586,0.012619555123819737,0.165283203125,517.0294666290283,46.0
47.0,61.59472370147705,256.0,-3.0570478439331055,-72.3999252319336,-43.57502365112305,0.0,0.0,0.0,0.0,36096.0,0.0027222653734497726,981.077018737793,1.7776773795485497,0.010115769240655936,0.147705078125,490.5234546661377,47.0
48.0,62.74840331077576,256.0,-2.912684679031372,-70.40275573730469,-41.02241516113281,0.0,0.0,0.0,0.0,36864.0,-0.007188944204244763,875.0676383972168,1.7760025337338448,0.009394918994075852,0.1260986328125,437.5088691711426,48.0
49.0,63.88814401626587,256.0,-3.0517685413360596,-73.2364730834961,-43.29713821411133,0.0,0.0,0.0,0.0,37632.0,-0.008457581250695512,960.1325340270996,1.7685709297657013,0.010575804135442013,0.142822265625,480.0401248931885,49.0
50.0,65.07436633110046,256.0,-3.0897843837738037,-74.36071014404297,-43.88691329956055,0.0,0.0,0.0,0.0,38400.0,0.00047998863738030195,989.1775169372559,1.7629242613911629,0.0102022587780084,0.14208984375,494.5716075897217,50.0,-1533.8709106445312,261.6920618734816,528.8,0.0,0.6,0.4,0.0
51.0,74.89447069168091,256.0,-2.979651689529419,-72.90090942382812,-41.89897155761719,0.0,0.0,0.0,0.0,39168.0,-0.008868342323694378,901.8537101745605,1.7586924135684967,0.011298048793833004,0.1380615234375,450.90040397644043,51.0
52.0,75.8811182975769,256.0,-3.0850934982299805,-75.12060546875,-43.5872802734375,0.0,0.0,0.0,0.0,39936.0,0.0025280083646066487,976.5369911193848,1.7507236450910568,0.006929066203156253,0.091796875,488.2535171508789,52.0
53.0,76.86882448196411,256.0,-3.006821393966675,-74.41413116455078,-42.345306396484375,0.0,0.0,0.0,0.0,40704.0,0.003585230908356607,916.6942596435547,1.744235560297966,0.021850777935469523,0.2296142578125,458.3332710266113,53.0
54.0,77.85146284103394,256.0,-3.0579700469970703,-75.71979522705078,-43.10981369018555,0.0,0.0,0.0,0.0,41472.0,0.002742861397564411,952.548210144043,1.7416768595576286,0.015269463863660349,0.2152099609375,476.2594242095947,54.0
55.0,78.8301362991333,256.0,-3.0474627017974854,-76.02916717529297,-42.87685775756836,0.0,0.0,0.0,0.0,42240.0,-0.0014581128489226103,942.5839538574219,1.7416299730539322,0.00740178257910884,0.1014404296875,471.2731018066406,55.0
56.0,79.82290196418762,256.0,-3.0468852519989014,-76.4286880493164,-42.7308349609375,0.0,0.0,0.0,0.0,43008.0,-0.010736572177847847,934.9411201477051,1.7451250478625298,0.01407500450295629,0.1812744140625,467.4423713684082,56.0
57.0,80.79129958152771,256.0,-2.9987125396728516,-76.10745239257812,-41.867008209228516,0.0,0.0,0.0,0.0,43776.0,-0.011760712193790823,899.3457489013672,1.7461332827806473,0.015299439037335105,0.18798828125,449.6436595916748,57.0
58.0,81.77406430244446,256.0,-3.15740966796875,-79.13489532470703,-44.34064865112305,0.0,0.0,0.0,0.0,44544.0,-0.004679302510339767,1005.533561706543,1.7448948919773102,0.013517223127564648,0.176025390625,502.7446460723877,58.0
59.0,82.7659044265747,256.0,-3.07871413230896,-78.31521606445312,-42.971805572509766,0.0,0.0,0.0,0.0,45312.0,-0.008100773149635643,945.6223220825195,1.7449819147586823,0.012482224163250066,0.15283203125,472.7856044769287,59.0
60.0,83.80189633369446,256.0,-3.0319879055023193,-77.96432495117188,-42.06496810913086,0.0,0.0,0.0,0.0,46080.0,-0.008120032522128895,904.7925224304199,1.7438081726431847,0.011151993970997864,0.1456298828125,452.3707046508789,60.0,-1239.931640625,9.01702160686797,387.6,0.0,1.0,0.0,0.0
61.0,92.68776488304138,256.0,-3.181497812271118,-80.90653228759766,-44.44972610473633,0.0,0.0,0.0,0.0,46848.0,-0.007157082960475236,1012.4564552307129,1.742663636803627,0.013492961748852395,0.181640625,506.2036437988281,61.0
62.0,93.96156573295593,256.0,-3.1391847133636475,-80.77590942382812,-43.76015090942383,0.0,0.0,0.0,0.0,47616.0,-0.003702543763210997,979.7478370666504,1.7423753440380096,0.009267945737519767,0.116455078125,489.8527889251709,62.0
63.0,95.23375844955444,256.0,-3.035881757736206,-79.4768295288086,-41.90140151977539,0.0,0.0,0.0,0.0,48384.0,0.0026657998096197844,900.9890975952148,1.7406975105404854,0.009422405768418685,0.1285400390625,450.47980308532715,63.0
64.0,96.51864910125732,256.0,-3.053341865539551,-80.27017974853516,-42.12984848022461,0.0,0.0,0.0,0.0,49152.0,0.005631885374896228,909.658145904541,1.7373031601309776,0.013788790158287156,0.183349609375,454.8173313140869,64.0
65.0,97.66165900230408,256.0,-3.0991220474243164,-81.47132110595703,-42.76444625854492,0.0,0.0,0.0,0.0,49920.0,-0.006968092871829867,936.3263969421387,1.737057127058506,0.009448158489249181,0.127197265625,468.1388626098633,65.0
66.0,98.85266518592834,256.0,-3.564669370651245,-76.53816986083984,-37.26283264160156,0.00390625,1.0,-876.9821166992188,244.0,50688.0,0.002466757840011269,848.3528137207031,1.7401266694068909,0.017055992833775235,0.225341796875,424.16147804260254,66.0
67.0,100.16307425498962,256.0,-3.137183427810669,-82.66027069091797,-43.235321044921875,0.0,0.0,0.0,0.0,51456.0,-0.0011622122256085277,956.826473236084,1.7395140081644058,0.017093019112508046,0.207275390625,478.394681930542,67.0
68.0,101.49688911437988,256.0,-3.0932254791259766,-82.4021224975586,-42.45627975463867,0.0,0.0,0.0,0.0,52224.0,-0.0021074003307148814,921.8840370178223,1.7333690971136093,0.013406416601355886,0.183349609375,460.92257499694824,68.0
69.0,102.61365246772766,256.0,-3.1023988723754883,-83.05168914794922,-42.53521728515625,0.0,0.0,0.0,0.0,52992.0,-0.0020234138937667012,927.5540733337402,1.7278695330023766,0.013592442803201266,0.1826171875,463.7577362060547,69.0
70.0,103.72980690002441,256.0,-3.1038761138916016,-83.52944946289062,-42.445716857910156,0.0,0.0,0.0,0.0,53760.0,-0.0017511887999717146,922.4489440917969,1.7242202460765839,0.008926993701606989,0.1202392578125,461.2054805755615,70.0,-1499.53916015625,223.2050046166204,480.2,0.0,1.0,0.0,0.0
71.0,112.8846504688263,256.0,-3.046010971069336,-83.14286041259766,-41.490901947021484,0.0,0.0,0.0,0.0,54528.0,-0.00226206163642928,880.0217094421387,1.7185154631733894,0.012435060943971621,0.147705078125,439.9914073944092,71.0
72.0,113.89265656471252,256.0,-3.08282470703125,-84.21536254882812,-41.99220275878906,0.0,0.0,0.0,0.0,55296.0,-0.001896814676001668,901.3856239318848,1.7188594490289688,0.011826112728158478,0.1641845703125,450.673734664917,72.0
73.0,114.91900086402893,256.0,-3.044830083847046,-84.0304946899414,-41.2349967956543,0.0,0.0,0.0,0.0,56064.0,-0.014298492576926947,868.1469268798828,1.7197454422712326,0.013995467827044195,0.1702880859375,434.0419635772705,73.0
74.0,115.99101042747498,256.0,-3.042914628982544,-84.47298431396484,-41.102176666259766,0.0,0.0,0.0,0.0,56832.0,-0.013476428110152483,864.3843040466309,1.7160827368497849,0.016476265427627368,0.20849609375,432.16151237487793,74.0
75.0,117.07341074943542,256.0,-3.044009208679199,-84.9310073852539,-40.98394012451172,0.0,0.0,0.0,0.0,57600.0,-0.003240958962123841,857.6869430541992,1.7138247713446617,0.013072768044366967,0.1708984375,428.8230838775635,75.0
76.0,118.22756147384644,256.0,-3.1197879314422607,-86.70867919921875,-42.1823844909668,0.0,0.0,0.0,0.0,58368.0,0.00739826331846416,910.6428146362305,1.7138951122760773,0.007663604828849202,0.09814453125,455.31166076660156,76.0
77.0,119.39162611961365,256.0,-3.09159779548645,-86.69757843017578,-41.59160614013672,0.0,0.0,0.0,0.0,59136.0,0.0045626500505022705,884.5099563598633,1.710925504565239,0.008428351939073764,0.1129150390625,442.24243545532227,77.0
78.0,120.52707290649414,256.0,-2.884577989578247,-83.76953887939453,-38.082027435302734,0.0,0.0,0.0,0.0,59904.0,0.0007792037213221192,751.843879699707,1.7068184316158295,0.00853248894054559,0.117919921875,375.90564727783203,78.0
79.0,121.70062232017517,256.0,-3.0438621044158936,-86.88741302490234,-40.61479949951172,0.0,0.0,0.0,0.0,60672.0,0.0028958436450921,851.3437538146973,1.702717237174511,0.011031698933948064,0.1473388671875,425.6577434539795,79.0
80.0,122.9051103591919,256.0,-3.0535640716552734,-87.4940185546875,-40.63479995727539,0.0,0.0,0.0,0.0,61440.0,0.005350600287783891,850.4900550842285,1.701355941593647,0.011766531879402464,0.15380859375,425.23336029052734,80.0,-1525.5585205078125,101.29111443967051,471.6,0.0,1.0,0.0,0.0
81.0,132.21645641326904,256.0,-3.083796262741089,-88.583251953125,-41.13579559326172,0.0,0.0,0.0,0.0,62208.0,-0.0014444654807448387,865.0672149658203,1.700137160718441,0.02170777496212395,0.2237548828125,432.51516342163086,81.0
82.0,133.2970404624939,256.0,-3.156461000442505,-90.20413970947266,-42.16666030883789,0.0,0.0,0.0,0.0,62976.0,0.00648407347034663,909.5098915100098,1.6991031989455223,0.017391091991157737,0.186767578125,454.7444324493408,82.0
83.0,134.48165035247803,256.0,-3.163311243057251,-90.83734130859375,-42.208316802978516,0.0,0.0,0.0,0.0,63744.0,-0.0039511411159764975,911.8055763244629,1.6976478546857834,0.01818646963874926,0.2156982421875,455.88186264038086,83.0
84.0,135.64922833442688,256.0,-3.120229721069336,-90.62323760986328,-41.40153884887695,0.0,0.0,0.0,0.0,64512.0,-0.0027342940447852015,876.4637260437012,1.6962050795555115,0.010716128039348405,0.1339111328125,438.21216011047363,84.0
85.0,136.80007600784302,256.0,-3.1792538166046143,-92.0324935913086,-42.21578598022461,0.0,0.0,0.0,0.0,65280.0,-0.007244473788887262,910.8351287841797,1.6940689012408257,0.013740010679612169,0.1773681640625,455.39338302612305,85.0
86.0,137.92329239845276,256.0,-3.0792458057403564,-90.91796875,-40.50534439086914,0.0,0.0,0.0,0.0,66048.0,-0.0019207036821171641,837.983039855957,1.6936303973197937,0.014807970412221039,0.1910400390625,418.97266006469727,86.0
87.0,139.0168662071228,256.0,-3.0898659229278564,-91.62271881103516,-40.612613677978516,0.0,0.0,0.0,0.0,66816.0,-0.004557846870739013,844.4046058654785,1.6905537098646164,0.007963936583109898,0.1075439453125,422.1808338165283,87.0
88.0,140.13145565986633,256.0,-3.053853988647461,-91.64632415771484,-40.037017822265625,0.0,0.0,0.0,0.0,67584.0,-0.002775788598228246,820.9550857543945,1.6832284331321716,0.010563058585830731,0.1451416015625,410.4579372406006,88.0
89.0,141.28799176216125,256.0,-3.0839946269989014,-92.57018280029297,-40.359039306640625,0.0,0.0,0.0,0.0,68352.0,-0.0026851078728213906,833.5951347351074,1.6790514662861824,0.012060157841915498,0.154052734375,416.7780990600586,89.0
90.0,142.44641399383545,256.0,-3.1366875171661377,-93.91751861572266,-41.103328704833984,0.0,0.0,0.0,0.0,69120.0,-0.014150255592539907,862.2893371582031,1.6801049932837486,0.011414965611038497,0.145263671875,431.1137161254883,90.0,-1444.02646484375,8.064911128587374,451.4,0.0,1.0,0.0,0.0
91.0,150.95360779762268,256.0,-3.0443050861358643,-92.87088012695312,-39.4530029296875,0.0,0.0,0.0,0.0,69888.0,-0.0033790962770581245,796.3646125793457,1.680981621146202,0.007710654401307693,0.0982666015625,398.1621208190918,91.0
92.0,152.07043743133545,256.0,-3.076374053955078,-93.92740631103516,-39.90390396118164,0.0,0.0,0.0,0.0,70656.0,-0.009809192328248173,817.1603889465332,1.6785097196698189,0.02291395390420803,0.2626953125,408.5536003112793,92.0
93.0,153.23403191566467,256.0,-3.0423505306243896,-93.9849624633789,-39.35457229614258,0.0,0.0,0.0,0.0,71424.0,0.0015780534595251083,795.4209251403809,1.679337352514267,0.010361429325712379,0.1419677734375,397.695255279541,93.0
94.0,154.46271514892578,256.0,-3.078481912612915,-94.97838592529297,-39.739681243896484,0.0,0.0,0.0,0.0,72192.0,-0.00955663833883591,810.1148490905762,1.6793141067028046,0.008702531886228826,0.1142578125,405.0310859680176,94.0
95.0,155.6596086025238,256.0,-3.7369391918182373,-90.89205169677734,-35.043827056884766,0.00390625,1.0,-663.078125,159.0,72960.0,-0.0008785977843217552,810.2158813476562,1.6778636127710342,0.018860263469832717,0.2376708984375,405.0902843475342,95.0
96.0,156.85268378257751,256.0,-2.9676692485809326,-93.80950927734375,-37.802059173583984,0.0,0.0,0.0,0.0,73728.0,0.005392596853198484,738.047908782959,1.6749161556363106,0.00982973486679839,0.1356201171875,369.0125923156738,96.0
97.0,157.93474769592285,256.0,-3.6830272674560547,-90.5984878540039,-34.034202575683594,0.00390625,1.0,-737.0687866210938,190.0,74496.0,-0.0007428028038702905,769.3686752319336,1.6723563447594643,0.01727898693206953,0.200927734375,384.6668701171875,97.0
98.0,159.06621718406677,256.0,-3.7160940170288086,-91.0916976928711,-34.36283874511719,0.00390625,1.0,-737.7880249023438,186.0,75264.0,-0.0009845710010267794,783.7739181518555,1.6721446216106415,0.012607435699464986,0.1685791015625,391.86924934387207,98.0
99.0,160.28732466697693,256.0,-2.958918809890747,-94.3266830444336,-37.469303131103516,0.0,0.0,0.0,0.0,76032.0,0.0030202249763533473,737.8816680908203,1.675163634121418,0.01344100139249349,0.182373046875,368.92710304260254,99.0
100.0,161.47971868515015,256.0,-3.6630795001983643,-90.84674835205078,-33.47261047363281,0.00390625,1.0,-747.9482421875,195.0,76800.0,-0.007939373317640275,754.9030914306641,1.6770213395357132,0.014002908690599725,0.159423828125,377.4268283843994,100.0,-830.249951171875,14.977893197297242,228.6,0.0,1.0,0.0,0.0
101.0,166.61793065071106,256.0,-3.6401901245117188,-91.08231353759766,-33.5971794128418,0.00390625,1.0,-841.9580688476562,228.0,77568.0,0.005395987944211811,747.1113357543945,1.6767557635903358,0.025024546433996875,0.2596435546875,373.54431533813477,101.0
102.0,167.64194536209106,256.0,-3.7299764156341553,-92.1348876953125,-34.43369674682617,0.00390625,1.0,-680.2184448242188,167.0,78336.0,-0.008808325335849077,791.4670906066895,1.6760765314102173,0.012024633535475004,0.1632080078125,395.7079830169678,102.0
103.0,168.74905705451965,256.0,-2.9211509227752686,-94.60525512695312,-36.61704635620117,0.0,0.0,0.0,0.0,79104.0,-0.006307161645963788,700.1967697143555,1.6752101257443428,0.015282042470062152,0.2008056640625,350.07532501220703,103.0
104.0,169.8818874359131,256.0,-3.0236549377441406,-96.7452163696289,-38.259246826171875,0.0,0.0,0.0,0.0,79872.0,-0.003024004865437746,752.3371200561523,1.6729474514722824,0.013488754200807307,0.181884765625,376.14881324768066,104.0
105.0,171.00986742973328,256.0,-2.904237985610962,-95.22692108154297,-36.13258743286133,0.0,0.0,0.0,0.0,80640.0,-0.00042736539035104215,681.7073860168457,1.671328566968441,0.01018560821103165,0.1280517578125,340.83654022216797,105.0
106.0,172.2411367893219,256.0,-2.773758888244629,-93.49581909179688,-33.82844161987305,0.0,0.0,0.0,0.0,81408.0,-0.011259329621680081,602.230396270752,1.670016497373581,0.011555274879356148,0.1500244140625,301.0872402191162,106.0
107.0,173.4175078868866,256.0,-2.936040163040161,-96.77584075927734,-36.53887939453125,0.0,0.0,0.0,0.0,82176.0,-0.009823097381740808,687.0008354187012,1.6668410077691078,0.018817488718923414,0.1881103515625,343.4739246368408,107.0
108.0,174.52196073532104,256.0,-3.64316725730896,-93.28268432617188,-32.47430419921875,0.00390625,1.0,-672.7980346679688,169.0,82944.0,0.0014723917411174625,722.5191383361816,1.6651957109570503,0.014302827665233053,0.180908203125,361.24437713623047,108.0
109.0,175.6987988948822,256.0,-3.6308200359344482,-93.3865966796875,-32.42946243286133,0.00390625,1.0,-774.284423828125,207.0,83712.0,0.008678585174493492,737.3553886413574,1.6647916361689568,0.019293343710160116,0.2376708984375,368.6697196960449,109.0
110.0,176.89811968803406,256.0,-3.6923410892486572,-94.21746826171875,-33.077632904052734,0.00390625,1.0,-743.4899291992188,191.0,84480.0,-0.007080476731061935,743.6939163208008,1.6632456481456757,0.017209753357747104,0.2081298828125,371.82324600219727,110.0,-1146.79892578125,329.6722670663718,391.0,0.0,0.6,0.4,0.0
111.0,185.43450236320496,256.0,-2.624826192855835,-92.3891372680664,-31.095495223999023,0.0,0.0,0.0,0.0,85248.0,0.005000560136977583,519.9994125366211,1.6586256995797157,0.011512063352711266,0.1483154296875,259.9881248474121,111.0
112.0,186.57129955291748,256.0,-3.117342948913574,-101.10298919677734,-39.31399917602539,0.0,0.0,0.0,0.0,86016.0,-0.0006470557418651879,790.2379913330078,1.6549576446413994,0.01927292172695161,0.2325439453125,395.101806640625,112.0
113.0,187.69535422325134,256.0,-2.762866258621216,-95.65886688232422,-33.29646682739258,0.0,0.0,0.0,0.0,86784.0,-0.008513937762472779,670.5327758789062,1.654857724905014,0.014765858853934333,0.1815185546875,335.24133682250977,113.0
114.0,188.83428382873535,256.0,-2.6139776706695557,-93.59236907958984,-30.669967651367188,0.0,0.0,0.0,0.0,87552.0,-0.00023441208759322762,504.3075637817383,1.6538405418395996,0.011870307513163425,0.1573486328125,252.13701057434082,114.0
115.0,189.96644568443298,256.0,-3.6225550174713135,-94.87740325927734,-31.39593505859375,0.00390625,1.0,-707.5514526367188,185.0,88320.0,-0.012208412867039442,692.9023246765137,1.6495322361588478,0.011185179031599546,0.145751953125,346.42245864868164,115.0
116.0,191.09766459465027,256.0,-3.587826728820801,-94.26619720458984,-30.63920783996582,0.00390625,1.0,-610.256103515625,155.0,89088.0,0.001515884418040514,656.4288711547852,1.6458078771829605,0.017560433654580265,0.20703125,328.199499130249,116.0
117.0,192.25999093055725,256.0,-4.22213888168335,-89.4544906616211,-25.6486759185791,0.0078125,2.0,-502.726806640625,116.5,89856.0,-0.006733815651386976,664.6322593688965,1.6480474174022675,0.017414166508388007,0.2174072265625,332.2929172515869,117.0
118.0,193.44878101348877,256.0,-4.217907428741455,-90.37606811523438,-26.417917251586914,0.0078125,2.0,-451.9618606567383,98.5,90624.0,-0.013020385173149407,688.9857864379883,1.6524392664432526,0.013352408044738695,0.1864013671875,344.46334648132324,118.0
119.0,194.6136176586151,256.0,-2.7426462173461914,-96.67929077148438,-32.55235290527344,0.0,0.0,0.0,0.0,91392.0,-0.0017685912316665053,563.7356338500977,1.654277764260769,0.014177350985846715,0.1744384765625,281.8495044708252,119.0
120.0,195.78502345085144,256.0,-3.448131561279297,-92.90496826171875,-28.2594051361084,0.00390625,1.0,-363.7489318847656,70.0,92160.0,0.00873387249885127,606.9853706359863,1.6540044024586678,0.02869623634251184,0.314453125,303.4848804473877,120.0,-544.6521728515625,11.995965035846394,130.8,0.0,1.0,0.0,0.0
121.0,199.33825731277466,256.0,-4.900018692016602,-89.34891510009766,-24.534326553344727,0.01171875,3.0,-232.1122792561849,24.0,92928.0,0.003853339934721589,794.6834487915039,1.6567187309265137,0.015841528394958004,0.199462890625,397.3290138244629,121.0
122.0,200.5081045627594,256.0,-4.3393235206604,-92.9211196899414,-27.90948486328125,0.0078125,2.0,-425.1386032104492,86.0,93696.0,-0.00011780601926147938,752.3935050964355,1.6576739326119423,0.011507193066790933,0.1439208984375,376.18006134033203,122.0
123.0,201.63173079490662,256.0,-4.284077167510986,-92.68132781982422,-27.34765625,0.0078125,2.0,-534.8924255371094,124.0,94464.0,0.02036698180017993,709.7191162109375,1.6580512449145317,0.04328153813548852,0.392822265625,354.86335372924805,123.0
124.0,202.77859354019165,256.0,-3.6115188598632812,-96.2436294555664,-30.732568740844727,0.00390625,1.0,-603.0394897460938,145.0,95232.0,0.01612777536502108,674.088996887207,1.6598935276269913,0.06405938548778067,0.455078125,337.0440273284912,124.0
125.0,203.96034502983093,256.0,-4.248988628387451,-91.822998046875,-26.148910522460938,0.0078125,2.0,-411.953857421875,83.0,96000.0,-0.006088830705266446,695.8672218322754,1.6613208577036858,0.031432124887942336,0.3492431640625,347.9109134674072,125.0
126.0,205.06293487548828,256.0,-5.469158172607422,-83.97586822509766,-18.048715591430664,0.015625,4.0,-350.026123046875,64.0,96768.0,0.022384946467354894,729.390438079834,1.6624534949660301,0.028325851453701034,0.3143310546875,364.7009754180908,126.0
127.0,206.22001719474792,256.0,-7.410520553588867,-73.32772827148438,-7.186547756195068,0.02734375,7.0,-231.6762411934989,23.285714285714285,97536.0,-0.010106277477461845,833.9796867370605,1.6648079603910446,0.019074325675319415,0.2373046875,416.9630870819092,127.0
128.0,207.36970210075378,256.0,-9.960352897644043,-59.6482048034668,6.80408239364624,0.04296875,11.0,-231.1201962557706,23.09090909090909,98304.0,-0.0007280163117684424,1003.191234588623,1.667178750038147,0.014773818547837436,0.196044921875,501.5782241821289,128.0
129.0,208.52610850334167,256.0,-8.740208625793457,-66.41207122802734,-0.129263237118721,0.03515625,9.0,-231.25526428222656,23.0,99072.0,-0.004986104613635689,919.0334205627441,1.6682812720537186,0.013883607716707047,0.1920166015625,459.4950428009033,129.0
130.0,209.62926530838013,256.0,-9.367679595947266,-62.13885498046875,4.254857540130615,0.0390625,10.0,-234.54247131347657,24.1,99840.0,0.0031796253751963377,937.1904144287109,1.6704119592905045,0.02112635876983404,0.27392578125,468.5816822052002,130.0,-347.20838317871096,50.98891621262902,66.4,0.0,1.0,0.0,0.0
131.0,211.8894715309143,256.0,-7.392969131469727,-71.8094253540039,-5.5891804695129395,0.02734375,7.0,-239.35298374720983,26.0,100608.0,-0.003324982011690736,815.7288475036621,1.6726020723581314,0.010630346172547434,0.148681640625,407.84437561035156,131.0
132.0,212.99039912223816,256.0,-9.381171226501465,-62.16310119628906,4.206817626953125,0.0390625,10.0,-235.1333999633789,24.2,101376.0,-0.0008215440611820668,966.0237083435059,1.6734469681978226,0.014739255522727035,0.185546875,482.9943084716797,132.0
133.0,214.15437698364258,256.0,-9.342270851135254,-61.882843017578125,4.3341827392578125,0.0390625,10.0,-237.6529327392578,25.2,102144.0,0.023796765599399805,972.4013786315918,1.6724093034863472,0.030164059549861122,0.3173828125,486.20775985717773,133.0
134.0,215.34775352478027,256.0,-9.334452629089355,-61.66595458984375,4.240417957305908,0.0390625,10.0,-234.4896224975586,24.3,102912.0,-0.005540977494092658,959.2091674804688,1.671861618757248,0.019223043254896766,0.2320556640625,479.5823211669922,134.0
135.0,216.58026146888733,256.0,-9.387248992919922,-62.10622787475586,3.526679039001465,0.0390625,10.0,-233.51628570556642,23.7,103680.0,-0.004627428366802633,936.592529296875,1.6729985773563385,0.015335581214458216,0.210205078125,468.2749137878418,135.0
136.0,217.71185994148254,256.0,-9.311491966247559,-61.24917984008789,4.073539733886719,0.0390625,10.0,-234.78812713623046,24.6,104448.0,0.0133885977556929,920.0724029541016,1.6720293015241623,0.02083678093185881,0.266357421875,460.03286361694336,136.0
137.0,218.88112330436707,256.0,-8.733089447021484,-64.30048370361328,0.750924289226532,0.03515625,9.0,-239.7768842909071,26.0,105216.0,-0.004223216150421649,895.4364585876465,1.6734155043959618,0.011892344053194392,0.144775390625,447.6972846984863,137.0
138.0,219.97522282600403,256.0,-9.272368431091309,-60.85514831542969,4.116409778594971,0.0390625,10.0,-234.8511474609375,24.9,105984.0,0.004085318825673312,936.1804656982422,1.673961840569973,0.012439436701242812,0.1768798828125,468.07757568359375,138.0
139.0,221.0644187927246,256.0,-8.710661888122559,-64.02708435058594,0.7410181164741516,0.03515625,9.0,-238.33910963270398,25.666666666666668,106752.0,-0.0004949620924890041,880.6112060546875,1.6749467179179192,0.011347560499416431,0.1595458984375,440.28836250305176,139.0
140.0,222.18716382980347,256.0,-8.683127403259277,-63.47132873535156,0.8871656060218811,0.03515625,9.0,-241.7558068169488,26.88888888888889,107520.0,-0.005334823566954583,865.6557197570801,1.6785013377666473,0.011520510088303126,0.1505126953125,432.80573654174805,140.0,-228.94668273925782,0.020061535847007376,24.0,0.0,1.0,0.0,1.0
141.0,223.7995777130127,256.0,-8.6926851272583,-63.35343933105469,0.8471739292144775,0.03515625,9.0,-240.06117248535156,26.333333333333332,108288.0,-0.007134663290344179,858.4882621765137,1.680462308228016,0.018590928924822947,0.216064453125,429.2201900482178,141.0
142.0,224.97689628601074,256.0,-5.520407199859619,-83.0108413696289,-18.589235305786133,0.015625,4.0,-255.16420364379883,31.25,109056.0,-0.0038597944658249617,748.2441635131836,1.6829543560743332,0.011508971903822385,0.1536865234375,374.10139083862305,142.0
143.0,226.1513547897339,256.0,-6.054887294769287,-79.37267303466797,-14.352299690246582,0.01953125,5.0,-310.01019897460935,51.2,109824.0,0.005902001401409507,750.7550392150879,1.6826620697975159,0.0188497344024654,0.23681640625,375.3665962219238,143.0
144.0,227.36120581626892,256.0,-4.504624843597412,-95.81267547607422,-30.10793113708496,0.0078125,2.0,-458.6278381347656,91.5,110592.0,-0.0004677244578488171,816.8641395568848,1.6810994893312454,0.012953367600857746,0.1697998046875,408.4147891998291,144.0
145.0,228.49393558502197,256.0,-8.674373626708984,-62.906768798828125,1.2176262140274048,0.03515625,9.0,-245.28268263075086,28.0,111360.0,-0.01021595046040602,825.6391868591309,1.6812759339809418,0.01436692900097114,0.1981201171875,412.7925634384155,145.0
146.0,229.6878731250763,256.0,-4.244893550872803,-93.9017333984375,-27.56441307067871,0.0078125,2.0,-531.5901870727539,124.5,112128.0,0.007349072548095137,716.9242057800293,1.6796218529343605,0.028445723350159824,0.3134765625,358.45265769958496,146.0
147.0,230.84778881072998,256.0,-7.444644927978516,-70.27324676513672,-4.924707889556885,0.02734375,7.0,-255.84347316196985,31.571428571428573,112896.0,-0.002438855590298772,786.7765922546387,1.678559847176075,0.013340273762878496,0.167724609375,393.3690700531006,147.0
148.0,232.0322687625885,256.0,-6.819665431976318,-73.79752349853516,-8.420604705810547,0.0234375,6.0,-277.5512924194336,38.5,113664.0,-0.007478326937416568,728.1689605712891,1.679775021970272,0.009466908264585072,0.1136474609375,364.0602035522461,148.0
149.0,233.1912932395935,256.0,-7.426353931427002,-70.15631866455078,-4.887635707855225,0.02734375,7.0,-267.90850612095426,35.42857142857143,114432.0,-0.0006101218750700355,770.1564636230469,1.6778830662369728,0.013413383636361687,0.175048828125,385.0608386993408,149.0
150.0,234.33437752723694,256.0,-6.814900875091553,-73.55525970458984,-7.945774555206299,0.0234375,6.0,-278.35299428304035,38.833333333333336,115200.0,-0.0013441744958981872,746.1774101257324,1.678063526749611,0.01281755630770931,0.169189453125,373.0705757141113,150.0,-241.83731994628906,0.011008839749500674,29.0,0.0,1.0,0.0,0.0
151.0,236.03783178329468,256.0,-5.568229675292969,-85.6025619506836,-18.801111221313477,0.015625,4.0,-352.9694480895996,63.0,115968.0,0.004015778366010636,779.7980537414551,1.6796452105045319,0.011775920229410985,0.1627197265625,389.8862495422363,151.0
152.0,237.25634098052979,256.0,-7.405651092529297,-69.41887664794922,-3.8251094818115234,0.02734375,7.0,-263.69825962611606,34.285714285714285,116736.0,-0.0057379527715966105,815.2133750915527,1.6808331906795502,0.01539254202725715,0.2105712890625,407.58413887023926,152.0
153.0,238.4257926940918,256.0,-6.790904998779297,-72.02301025390625,-7.4379096031188965,0.0234375,6.0,-277.3247604370117,38.833333333333336,117504.0,-0.005015781091060489,683.881477355957,1.6828176602721214,0.014858627142530167,0.18798828125,341.9188928604126,153.0
154.0,239.582444190979,256.0,-7.382106781005859,-68.94831085205078,-4.244555950164795,0.02734375,7.0,-268.5096413748605,36.142857142857146,118272.0,-0.009323452599346638,736.5275917053223,1.6875332593917847,0.013389561379881343,0.181396484375,368.23759841918945,154.0
155.0,240.67938947677612,256.0,-6.812314510345459,-73.22042083740234,-8.979613304138184,0.0234375,6.0,-288.10094197591144,41.833333333333336,119040.0,-0.004630940587958321,727.1196022033691,1.687686912715435,0.01162816709256731,0.1534423828125,363.5382947921753,155.0
156.0,241.77000093460083,256.0,-6.2012763023376465,-78.68614959716797,-12.888070106506348,0.01953125,5.0,-305.3612457275391,47.4,119808.0,-0.003877965616993606,734.3623237609863,1.6860242262482643,0.013585358108684886,0.176513671875,367.16042709350586,156.0
157.0,242.88699531555176,256.0,-3.6755571365356445,-100.33832550048828,-32.15863037109375,0.00390625,1.0,-280.4966125488281,39.0,120576.0,-0.0017942856065928936,728.540096282959,1.6849962770938873,0.012131626575865084,0.1427001953125,364.251407623291,157.0
158.0,244.06894731521606,256.0,-6.8486504554748535,-72.78961944580078,-7.999782085418701,0.0234375,6.0,-284.69489034016925,40.333333333333336,121344.0,-0.005089598154881969,665.6986408233643,1.6859289035201073,0.023321679662331007,0.2613525390625,332.82737159729004,158.0
159.0,245.22279286384583,256.0,-5.043046951293945,-90.9602279663086,-22.799638748168945,0.01171875,3.0,-299.56983439127606,44.666666666666664,122112.0,-0.002158790855901316,753.1409111022949,1.6860362216830254,0.009574991785484599,0.1212158203125,376.5514373779297,159.0
160.0,246.34187078475952,256.0,-6.822176456451416,-73.64347076416016,-7.14088249206543,0.0234375,6.0,-282.0902735392253,39.833333333333336,122880.0,0.0011268227826803923,720.3264541625977,1.6860988065600395,0.016156291399965994,0.2083740234375,360.1474914550781,160.0,-280.75164794921875,0.003610682197105876,42.0,0.0,1.0,0.0,0.0
161.0,248.0922393798828,256.0,-5.628076076507568,-83.95426177978516,-16.580034255981445,0.015625,4.0,-345.0945281982422,59.25,123648.0,-0.011922430247068405,724.7897872924805,1.6871464848518372,0.013788081429083832,0.1932373046875,362.36609077453613,161.0
162.0,249.1889455318451,256.0,-5.627302646636963,-82.56903839111328,-15.380473136901855,0.015625,4.0,-334.27247619628906,56.0,124416.0,-0.005898648465517908,698.0942802429199,1.6855273246765137,0.01602299732985557,0.205810546875,349.0243835449219,162.0
163.0,250.30804705619812,256.0,-3.1730144023895264,-110.64665985107422,-38.75644302368164,0.0,0.0,0.0,0.0,125184.0,-0.0031586682016495615,772.2268295288086,1.6826212480664253,0.014760534650122281,0.1905517578125,386.09342765808105,163.0
164.0,251.41653418540955,256.0,-3.067186117172241,-109.90789031982422,-36.76395797729492,0.0,0.0,0.0,0.0,125952.0,0.0029219940188340843,692.5432205200195,1.6811842247843742,0.011968150382017484,0.1656494140625,346.257719039917,164.0
165.0,252.5545585155487,256.0,-2.9246842861175537,-108.0109634399414,-34.1783561706543,0.0,0.0,0.0,0.0,126720.0,-0.01821749232476577,605.8872756958008,1.6804847344756126,0.009749987977556884,0.127685546875,302.90861892700195,165.0
166.0,253.6532289981842,256.0,-4.3211870193481445,-98.96039581298828,-24.846860885620117,0.0078125,2.0,-329.71739196777344,55.0,127488.0,0.002646658685989678,706.6971969604492,1.6748724952340126,0.010769234060717281,0.15771484375,353.3344974517822,166.0
167.0,254.77501106262207,256.0,-2.855849504470825,-107.70916748046875,-32.88884353637695,0.0,0.0,0.0,0.0,128256.0,-0.007147155643906444,564.0061378479004,1.6718174293637276,0.014775728926906595,0.181640625,281.9792079925537,167.0
168.0,255.90065956115723,256.0,-5.61558198928833,-88.88629150390625,-13.89404010772705,0.015625,4.0,-317.63145446777344,51.25,129024.0,0.0020352707360871136,751.4191513061523,1.6682473197579384,0.016436433183116606,0.2119140625,375.6949291229248,168.0
169.0,257.0469377040863,256.0,-5.570614337921143,-89.97897338867188,-14.830584526062012,0.015625,4.0,-355.7441177368164,63.75,129792.0,-0.007261001679580659,776.1556015014648,1.6656148359179497,0.009633128091081744,0.140869140625,388.0538845062256,169.0
170.0,258.1580066680908,256.0,-5.621459484100342,-90.82686614990234,-15.386756896972656,0.015625,4.0,-358.1927719116211,63.5,130560.0,-0.004224422213155776,798.8890533447266,1.6636100187897682,0.013390263502515154,0.178466796875,399.4236717224121,170.0,-597.5825317382812,35.319293308159025,149.2,0.0,1.0,0.0,0.0
171.0,261.8980941772461,256.0,-3.0294125080108643,-111.69808197021484,-35.695003509521484,0.0,0.0,0.0,0.0,131328.0,0.0022747402545064688,657.3744163513184,1.6644253432750702,0.010889195240451954,0.1448974609375,328.67284393310547,171.0
172.0,263.0146322250366,256.0,-3.6615869998931885,-106.2431411743164,-29.785972595214844,0.00390625,1.0,-862.6058959960938,232.0,132096.0,-9.136088192462921e-05,655.7460556030273,1.6644495278596878,0.012171187954663765,0.1658935546875,327.8562927246094,172.0
173.0,264.1103355884552,256.0,-3.0431644916534424,-112.41791534423828,-35.7299919128418,0.0,0.0,0.0,0.0,132864.0,-0.0016908940160647035,662.7256050109863,1.6620025932788849,0.011710360882716486,0.15869140625,331.34449195861816,173.0
174.0,265.24434876441956,256.0,-3.712693929672241,-107.27201080322266,-30.198869705200195,0.00390625,1.0,-780.2998657226562,203.0,133632.0,-0.016475748328957707,671.1096305847168,1.6586108356714249,0.01745191442387295,0.198974609375,335.5217590332031,174.0
175.0,266.4065511226654,256.0,-3.061436891555786,-113.2655258178711,-35.99345397949219,0.0,0.0,0.0,0.0,134400.0,-0.007882572244852781,669.0676307678223,1.6567984893918037,0.014332048187498003,0.1829833984375,334.50936126708984,175.0
176.0,267.6191825866699,256.0,-2.8783137798309326,-110.5206069946289,-32.76325607299805,0.0,0.0,0.0,0.0,135168.0,-0.004994625807739794,561.8230438232422,1.6562142670154572,0.009963105909264414,0.128173828125,280.8899612426758,176.0
177.0,268.76466703414917,256.0,-3.023020029067993,-113.41583251953125,-35.04188537597656,0.0,0.0,0.0,0.0,135936.0,-0.00024288365966640413,637.2721405029297,1.6583828553557396,0.016099904954899102,0.1912841796875,318.6192455291748,177.0
178.0,269.9064157009125,256.0,-2.773427963256836,-109.85111236572266,-30.955841064453125,0.0,0.0,0.0,0.0,136704.0,-0.008498209528625011,506.56143379211426,1.661280907690525,0.011058364725613501,0.1497802734375,253.25560569763184,178.0
179.0,271.10347867012024,256.0,-5.610528469085693,-91.66986083984375,-12.297127723693848,0.015625,4.0,-319.36883544921875,52.0,137472.0,-0.00899335989379324,742.7772903442383,1.662182442843914,0.012519070547568845,0.166748046875,371.3630180358887,179.0
180.0,272.2662453651428,256.0,-4.340198516845703,-103.45832061767578,-23.914527893066406,0.0078125,2.0,-323.98614501953125,53.0,138240.0,0.00055531389079988,721.3965492248535,1.6621225476264954,0.022540089528774843,0.24755859375,360.6822052001953,180.0,-300.0937561035156,3.8797599330582355,48.4,0.0,1.0,0.0,0.0
181.0,274.3017358779907,256.0,-5.590306758880615,-92.83734130859375,-13.185684204101562,0.015625,4.0,-356.08885955810547,63.5,139008.0,-0.0024041145807132125,773.7326622009277,1.6644107475876808,0.008458666401566006,0.116943359375,386.8472843170166,181.0
182.0,275.47801780700684,256.0,-3.7000529766082764,-109.37042999267578,-29.280975341796875,0.00390625,1.0,-528.541748046875,122.0,139776.0,-0.0067238432238809764,694.7321243286133,1.6622765064239502,0.013049426270299591,0.1724853515625,347.3427200317383,182.0
183.0,276.63986802101135,256.0,-3.6517627239227295,-109.01921844482422,-28.56867027282715,0.00390625,1.0,-408.0525817871094,80.0,140544.0,-0.012506131373811513,648.3446998596191,1.6607922166585922,0.015295815872377716,0.2039794921875,324.1432418823242,183.0
184.0,277.83233308792114,256.0,-5.604116439819336,-92.53585052490234,-11.821749687194824,0.015625,4.0,-344.5802459716797,59.5,141312.0,0.001411325967637822,748.2248611450195,1.661998689174652,0.01280715220127604,0.165283203125,374.09721755981445,184.0
185.0,278.97548937797546,256.0,-3.690298080444336,-110.31466674804688,-29.31285285949707,0.00390625,1.0,-294.3890686035156,43.0,142080.0,-0.0060996931861154735,663.6936874389648,1.662437453866005,0.013268862308905227,0.178955078125,331.8241138458252,185.0
186.0,280.06902599334717,256.0,-5.6632914543151855,-93.47284698486328,-12.324414253234863,0.015625,4.0,-317.82171630859375,50.5,142848.0,-0.006092782772611827,785.5009765625,1.6609028801321983,0.008854871830408229,0.1251220703125,392.7277946472168,186.0
187.0,281.1459708213806,256.0,-5.667476654052734,-93.15743255615234,-11.818514823913574,0.015625,4.0,-329.23577880859375,54.0,143616.0,0.0002313571167178452,766.941032409668,1.6620182693004608,0.011528173105034512,0.1488037109375,383.4541263580322,187.0
188.0,282.27235746383667,256.0,-4.355711460113525,-105.18730926513672,-23.405868530273438,0.0078125,2.0,-326.0917053222656,54.0,144384.0,-0.0025305263698101044,714.4898300170898,1.6658355295658112,0.009170120669296011,0.126953125,357.22572898864746,188.0
189.0,283.3830990791321,256.0,-6.262348651885986,-88.59716796875,-6.5701985359191895,0.01953125,5.0,-316.8817932128906,50.0,145152.0,-0.010613195481710136,789.0243377685547,1.6686849147081375,0.00929957719927188,0.1280517578125,394.48486709594727,189.0
190.0,284.5372016429901,256.0,-4.982750415802002,-99.34581756591797,-16.95556640625,0.01171875,3.0,-393.0106913248698,75.33333333333333,145920.0,-0.00574996427167207,723.495189666748,1.6698663532733917,0.007521733088651672,0.099609375,361.7251453399658,190.0,-290.3642150878906,0.043243296642603755,45.0,0.0,1.0,0.0,0.0
191.0,286.53147554397583,256.0,-3.6831748485565186,-111.1980972290039,-28.212331771850586,0.00390625,1.0,-347.9920654296875,59.0,146688.0,-0.0006143235368654132,623.4500617980957,1.6733877286314964,0.012651864981307881,0.188720703125,311.7076816558838,191.0
192.0,287.61438965797424,256.0,-3.02325701713562,-117.83281707763672,-34.30897521972656,0.0,0.0,0.0,0.0,147456.0,0.010235431487672031,606.9003448486328,1.675617277622223,0.023362054547760636,0.2481689453125,303.4436550140381,192.0
193.0,288.7655243873596,256.0,-3.0288875102996826,-118.64764404296875,-34.31599426269531,0.0,0.0,0.0,0.0,148224.0,-0.0008474921341985464,613.2166328430176,1.6746432930231094,0.022987567557720467,0.275634765625,306.5907173156738,193.0
194.0,289.9092390537262,256.0,-5.590930938720703,-94.82791900634766,-10.076403617858887,0.015625,4.0,-340.37921142578125,58.5,148992.0,-0.0076136047136969864,776.6543922424316,1.6730646565556526,0.011202402452909155,0.167724609375,388.30286026000977,194.0
195.0,291.06607460975647,256.0,-3.017285108566284,-119.1817626953125,-33.94219970703125,0.0,0.0,0.0,0.0,149760.0,-0.01177470595575869,594.2916831970215,1.6716447621583939,0.012221486496855505,0.154052734375,297.11734771728516,195.0
196.0,292.26879954338074,256.0,-3.035933494567871,-119.83600616455078,-34.14250564575195,0.0,0.0,0.0,0.0,150528.0,-0.00034161750227212906,602.6814804077148,1.6680763736367226,0.01154709473848925,0.1429443359375,301.3237190246582,196.0
197.0,293.48233437538147,256.0,-3.0563995838165283,-120.69889068603516,-34.33367919921875,0.0,0.0,0.0,0.0,151296.0,-0.01803778513567522,605.0154800415039,1.6651164293289185,0.017881716372357914,0.22607421875,302.473051071167,197.0
198.0,294.69253754615784,256.0,-4.997943878173828,-102.94617462158203,-16.100263595581055,0.01171875,3.0,-304.50531005859375,46.333333333333336,152064.0,-0.001036654255585745,747.6526794433594,1.6633731126785278,0.01195049160378403,0.1602783203125,373.8086681365967,198.0
199.0,295.84270548820496,256.0,-3.7239959239959717,-115.63796997070312,-28.365163803100586,0.00390625,1.0,-330.5351257324219,55.0,152832.0,-0.005203774897381663,667.5462913513184,1.6630512177944183,0.0131541594164446,0.1644287109375,333.7513065338135,199.0
200.0,296.9900848865509,256.0,-3.7745237350463867,-116.9404296875,-29.393556594848633,0.00390625,1.0,-300.7601318359375,46.0,153600.0,0.0003186879330314696,704.2689056396484,1.6615875959396362,0.012836168294597883,0.159912109375,352.11816215515137,200.0,-272.874755859375,1.1908735131681587,39.2,0.0,1.0,0.0,0.0
1.0,2.20965313911438,512.0,-3.1285879611968994,-50.97584915161133,-50.917720794677734,0.0,0.0,0.0,0.0,1536.0,0.01178676240767042,1307.1290934244792,1.8386751532554626,0.09553925283641244,0.4244791666666667,653.5579691569011,1.0
2.0,4.053381443023682,512.0,-3.430690050125122,-51.62668991088867,-49.9458122253418,0.001953125,1.0,-1700.6292724609375,494.0,3072.0,0.00642108175282677,1292.0383707682292,1.8365816235542298,0.022752629530926546,0.2913411458333333,646.0072326660156,2.0
3.0,5.856231689453125,512.0,-3.318910598754883,-50.85712814331055,-47.24606704711914,0.001953125,1.0,-1529.80859375,457.0,4608.0,0.003530150077616175,1165.7939615885416,1.8300257682800294,0.02705092862403641,0.28704427083333334,582.8822143554687,3.0
4.0,7.686313152313232,512.0,-3.0492641925811768,-54.342411041259766,-48.60467529296875,0.0,0.0,0.0,0.0,6144.0,-0.004280013994624217,1190.6434611002603,1.8235591769218444,0.019994596015506735,0.23899739583333332,595.2992004394531,4.0
5.0,9.542548656463623,512.0,-3.117316961288452,-57.66218185424805,-49.46112060546875,0.0,0.0,0.0,0.0,7680.0,-0.0012864786821107069,1233.5806762695313,1.8243917226791382,0.01810874483004833,0.22473958333333333,616.7708048502604,5.0
6.0,11.395350217819214,512.0,-3.4671077728271484,-59.56703186035156,-48.33183670043945,0.001953125,1.0,-1355.3404541015625,368.0,9216.0,0.0037739370949566365,1230.0951863606772,1.8262094259262085,0.017252360911030943,0.23170572916666668,615.0331176757812,6.0
7.0,13.24576735496521,512.0,-3.225555419921875,-62.51454544067383,-50.60886764526367,0.0,0.0,0.0,0.0,10752.0,-0.0020961789259066185,1291.236482747396,1.8237135648727416,0.011510224244557322,0.1560546875,645.5979187011719,7.0
8.0,15.098098993301392,512.0,-3.213653802871704,-64.09798431396484,-50.147396087646484,0.0,0.0,0.0,0.0,12288.0,0.004745709554602702,1266.1340006510416,1.8118493517239889,0.019524236659829816,0.25462239583333335,633.0536295572916,8.0
9.0,16.936649084091187,512.0,-3.1744070053100586,-64.6025161743164,-49.21763229370117,0.0,0.0,0.0,0.0,13824.0,-0.0020613990413645904,1220.8730143229166,1.7993591825167339,0.011941785388626159,0.15748697916666668,610.4164571126302,9.0
10.0,18.783854722976685,512.0,-3.258751630783081,-67.0105209350586,-50.4656982421875,0.0,0.0,0.0,0.0,15360.0,-0.0006698217242956161,1284.6128011067708,1.782812198003133,0.01250663223133112,0.16764322916666666,642.2878926595052,10.0,-1737.4886474609375,0.4166072095728781,600.0,0.0,0.0,1.0,1.0
11.0,29.843880653381348,512.0,-3.0995452404022217,-65.36965942382812,-47.6389045715332,0.0,0.0,0.0,0.0,16896.0,-0.0006506986450403929,1143.978389485677,1.7813454747200013,0.012590651171437154,0.14654947916666666,571.9707194010417,11.0
12.0,31.74863052368164,512.0,-3.2069828510284424,-68.13826751708984,-49.247528076171875,0.0,0.0,0.0,0.0,18432.0,-0.0022844821214675903,1222.0473673502604,1.7841882228851318,0.011753137921914458,0.15533854166666666,611.003574625651,12.0
13.0,33.659027338027954,512.0,-3.1418275833129883,-67.92440032958984,-47.97288513183594,0.0,0.0,0.0,0.0,19968.0,-0.0009711584852387507,1160.5295776367188,1.7885371645291646,0.011065794892298678,0.15006510416666666,580.245926920573,13.0
14.0,35.53571152687073,512.0,-3.18408465385437,-69.45592498779297,-48.48724365234375,0.0,0.0,0.0,0.0,21504.0,-0.004382767714560032,1186.454813639323,1.7906418323516846,0.01221597997743326,0.16634114583333334,593.2051106770833,14.0
15.0,37.39158225059509,512.0,-3.1269569396972656,-69.31803131103516,-47.367340087890625,0.0,0.0,0.0,0.0,23040.0,-0.0061605542277296385,1132.564383951823,1.782968572775523,0.013838981817631673,0.17493489583333333,566.2582010904948,15.0
16.0,39.252485275268555,512.0,-3.1852333545684814,-71.1118392944336,-48.181427001953125,0.0,0.0,0.0,0.0,24576.0,-0.004629115605105956,1170.3571940104166,1.7779347936312357,0.009859793689489986,0.12610677083333333,585.1562093098959,16.0
17.0,41.113099336624146,512.0,-3.1261978149414062,-70.91645050048828,-47.04289627075195,0.0,0.0,0.0,0.0,26112.0,-0.0011879942379891873,1115.708650716146,1.7734276016553243,0.008986500076328714,0.11953125,557.8354064941407,17.0
18.0,42.96622395515442,512.0,-3.2205474376678467,-73.30249786376953,-48.493560791015625,0.0,0.0,0.0,0.0,27648.0,-0.003853759511063496,1185.0364095052084,1.762424151102702,0.007627379839929441,0.09791666666666667,592.4967244466146,18.0
19.0,44.80599665641785,512.0,-3.1373708248138428,-72.67130279541016,-46.93988037109375,0.0,0.0,0.0,0.0,29184.0,-0.003716552257537842,1110.052315266927,1.7479775508244833,0.008961403003195301,0.11868489583333333,555.0049682617188,19.0
20.0,46.65975737571716,512.0,-3.1540632247924805,-73.70732879638672,-47.05088424682617,0.0,0.0,0.0,0.0,30720.0,-0.002905562116454045,1117.5746704101562,1.735411234696706,0.007982902500467995,0.1017578125,558.7670674641927,20.0,-1739.950341796875,1.3230051210323073,600.0,0.0,0.0,1.0,0.0
21.0,71.89935445785522,512.0,-3.1045265197753906,-73.6815185546875,-46.119232177734375,0.0,0.0,0.0,0.0,32256.0,-0.0021028335050990183,1071.4754353841147,1.727681036790212,0.011164448218187318,0.15052083333333333,535.7183430989584,21.0
22.0,73.74957275390625,512.0,-3.1229965686798096,-74.72379302978516,-46.257503509521484,0.0,0.0,0.0,0.0,33792.0,-0.003358032150814931,1079.2346313476562,1.726444149017334,0.012749609353098398,0.16178385416666666,539.5966878255208,22.0
23.0,75.58601212501526,512.0,-3.1979713439941406,-76.70211791992188,-47.33595657348633,0.0,0.0,0.0,0.0,35328.0,-0.0010074110080798466,1130.919852701823,1.7283673842748006,0.009625431413102585,0.12604166666666666,565.441650390625,23.0
24.0,77.4487099647522,512.0,-3.076899290084839,-75.46332550048828,-45.205291748046875,0.0,0.0,0.0,0.0,36864.0,-0.010218529092768828,1030.0771626790365,1.723591144879659,0.010356246028095484,0.12610677083333333,515.0111155192058,24.0
25.0,79.29479765892029,512.0,-3.1252143383026123,-77.04932403564453,-45.89718246459961,0.0,0.0,0.0,0.0,38400.0,-0.002663141613205274,1065.737666829427,1.7165518999099731,0.010698990727541968,0.144921875,532.8490152994792,25.0
26.0,81.14047408103943,512.0,-3.06827712059021,-76.78223419189453,-44.74869918823242,0.0,0.0,0.0,0.0,39936.0,-0.007181144140971204,1008.8273763020833,1.7122816483179728,0.01106298909483788,0.140234375,504.38938598632814,26.0
27.0,83.00043487548828,512.0,-2.8620030879974365,-74.14881134033203,-41.23505783081055,0.0,0.0,0.0,0.0,41472.0,-0.0030523744722207387,858.6648396809895,1.7025477091471355,0.005375903014404078,0.06145833333333333,429.3123402913412,27.0
28.0,84.8488097190857,512.0,-3.098322629928589,-78.80974578857422,-45.00553512573242,0.0,0.0,0.0,0.0,43008.0,-0.0032637746073305605,1021.0685180664062,1.701224676767985,0.010872890134730065,0.14837239583333334,510.51397603352865,28.0
29.0,86.6834044456482,512.0,-3.128199577331543,-80.0742416381836,-45.39106369018555,0.0,0.0,0.0,0.0,44544.0,-0.0012834194426735242,1036.4349243164063,1.7050003210703533,0.013525221205782145,0.17903645833333334,518.1991292317708,29.0
30.0,88.53668069839478,512.0,-3.060114622116089,-79.62120819091797,-44.06353759765625,0.0,0.0,0.0,0.0,46080.0,-0.0054226537855962915,977.6781860351563,1.7083468596140543,0.009910447092261165,0.13365885416666667,488.81658833821615,30.0,-1777.4615966796875,19.420769989268702,576.6,0.0,1.0,0.0,0.0
31.0,99.3509590625763,512.0,-3.140531539916992,-81.6921615600586,-45.256343841552734,0.0,0.0,0.0,0.0,47616.0,-0.005556476100658377,1032.2557474772136,1.7037420511245727,0.011257507448317484,0.1431640625,516.1052805582682,31.0
1.0,2.155613422393799,512.0,-3.1285879611968994,-50.97584915161133,-50.917720794677734,0.0,0.0,0.0,0.0,1536.0,0.01178676240767042,1307.1290934244792,1.8386751532554626,0.09553925283641244,0.4244791666666667,653.5579691569011,1.0
2.0,4.039188623428345,512.0,-3.430690050125122,-51.62668991088867,-49.9458122253418,0.001953125,1.0,-1700.6292724609375,494.0,3072.0,0.00642108175282677,1292.0383707682292,1.8365816235542298,0.022752629530926546,0.2913411458333333,646.0072326660156,2.0
3.0,5.857711315155029,512.0,-3.318910598754883,-50.85712814331055,-47.24606704711914,0.001953125,1.0,-1529.80859375,457.0,4608.0,0.003530150077616175,1165.7939615885416,1.8300257682800294,0.02705092862403641,0.28704427083333334,582.8822143554687,3.0
4.0,7.7245423793792725,512.0,-3.0492641925811768,-54.342411041259766,-48.60467529296875,0.0,0.0,0.0,0.0,6144.0,-0.004280013994624217,1190.6434611002603,1.8235591769218444,0.019994596015506735,0.23899739583333332,595.2992004394531,4.0
5.0,9.591351747512817,512.0,-3.117316961288452,-57.66218185424805,-49.46112060546875,0.0,0.0,0.0,0.0,7680.0,-0.0012864786821107069,1233.5806762695313,1.8243917226791382,0.01810874483004833,0.22473958333333333,616.7708048502604,5.0
6.0,11.45951223373413,512.0,-3.4671077728271484,-59.56703186035156,-48.33183670043945,0.001953125,1.0,-1355.3404541015625,368.0,9216.0,0.0037739370949566365,1230.0951863606772,1.8262094259262085,0.017252360911030943,0.23170572916666668,615.0331176757812,6.0
7.0,13.429779052734375,512.0,-3.225555419921875,-62.51454544067383,-50.60886764526367,0.0,0.0,0.0,0.0,10752.0,-0.0020961789259066185,1291.236482747396,1.8237135648727416,0.011510224244557322,0.1560546875,645.5979187011719,7.0
8.0,15.306271076202393,512.0,-3.213653802871704,-64.09798431396484,-50.147396087646484,0.0,0.0,0.0,0.0,12288.0,0.004745709554602702,1266.1340006510416,1.8118493517239889,0.019524236659829816,0.25462239583333335,633.0536295572916,8.0
9.0,17.19746232032776,512.0,-3.1744070053100586,-64.6025161743164,-49.21763229370117,0.0,0.0,0.0,0.0,13824.0,-0.0020613990413645904,1220.8730143229166,1.7993591825167339,0.011941785388626159,0.15748697916666668,610.4164571126302,9.0
10.0,19.09628129005432,512.0,-3.258751630783081,-67.0105209350586,-50.4656982421875,0.0,0.0,0.0,0.0,15360.0,-0.0006698217242956161,1284.6128011067708,1.782812198003133,0.01250663223133112,0.16764322916666666,642.2878926595052,10.0,-1737.4886474609375,0.4166072095728781,600.0,0.0,0.0,1.0,1.0
11.0,30.148428678512573,512.0,-3.0995452404022217,-65.36965942382812,-47.6389045715332,0.0,0.0,0.0,0.0,16896.0,-0.0006506986450403929,1143.978389485677,1.7813454747200013,0.012590651171437154,0.14654947916666666,571.9707194010417,11.0
12.0,32.03073000907898,512.0,-3.2069828510284424,-68.13826751708984,-49.247528076171875,0.0,0.0,0.0,0.0,18432.0,-0.0022844821214675903,1222.0473673502604,1.7841882228851318,0.011753137921914458,0.15533854166666666,611.003574625651,12.0
13.0,33.90618085861206,512.0,-3.1418275833129883,-67.92440032958984,-47.97288513183594,0.0,0.0,0.0,0.0,19968.0,-0.0009711584852387507,1160.5295776367188,1.7885371645291646,0.011065794892298678,0.15006510416666666,580.245926920573,13.0
14.0,35.75912141799927,512.0,-3.18408465385437,-69.45592498779297,-48.48724365234375,0.0,0.0,0.0,0.0,21504.0,-0.004382767714560032,1186.454813639323,1.7906418323516846,0.01221597997743326,0.16634114583333334,593.2051106770833,14.0
15.0,37.60393691062927,512.0,-3.1269569396972656,-69.31803131103516,-47.367340087890625,0.0,0.0,0.0,0.0,23040.0,-0.0061605542277296385,1132.564383951823,1.782968572775523,0.013838981817631673,0.17493489583333333,566.2582010904948,15.0
16.0,39.474557399749756,512.0,-3.1852333545684814,-71.1118392944336,-48.181427001953125,0.0,0.0,0.0,0.0,24576.0,-0.004629115605105956,1170.3571940104166,1.7779347936312357,0.009859793689489986,0.12610677083333333,585.1562093098959,16.0
17.0,41.33534383773804,512.0,-3.1261978149414062,-70.91645050048828,-47.04289627075195,0.0,0.0,0.0,0.0,26112.0,-0.0011879942379891873,1115.708650716146,1.7734276016553243,0.008986500076328714,0.11953125,557.8354064941407,17.0
18.0,43.18781137466431,512.0,-3.2205474376678467,-73.30249786376953,-48.493560791015625,0.0,0.0,0.0,0.0,27648.0,-0.003853759511063496,1185.0364095052084,1.762424151102702,0.007627379839929441,0.09791666666666667,592.4967244466146,18.0
19.0,45.0413978099823,512.0,-3.1373708248138428,-72.67130279541016,-46.93988037109375,0.0,0.0,0.0,0.0,29184.0,-0.003716552257537842,1110.052315266927,1.7479775508244833,0.008961403003195301,0.11868489583333333,555.0049682617188,19.0
20.0,46.91744804382324,512.0,-3.1540632247924805,-73.70732879638672,-47.05088424682617,0.0,0.0,0.0,0.0,30720.0,-0.002905562116454045,1117.5746704101562,1.735411234696706,0.007982902500467995,0.1017578125,558.7670674641927,20.0,-1739.950341796875,1.3230051210323073,600.0,0.0,0.0,1.0,0.0
21.0,58.02069067955017,512.0,-3.1045265197753906,-73.6815185546875,-46.119232177734375,0.0,0.0,0.0,0.0,32256.0,-0.0021028335050990183,1071.4754353841147,1.727681036790212,0.011164448218187318,0.15052083333333333,535.7183430989584,21.0
22.0,59.991862297058105,512.0,-3.1229965686798096,-74.72379302978516,-46.257503509521484,0.0,0.0,0.0,0.0,33792.0,-0.003358032150814931,1079.2346313476562,1.726444149017334,0.012749609353098398,0.16178385416666666,539.5966878255208,22.0
23.0,61.85821747779846,512.0,-3.1979713439941406,-76.70211791992188,-47.33595657348633,0.0,0.0,0.0,0.0,35328.0,-0.0010074110080798466,1130.919852701823,1.7283673842748006,0.009625431413102585,0.12604166666666666,565.441650390625,23.0
24.0,63.7248113155365,512.0,-3.076899290084839,-75.46332550048828,-45.205291748046875,0.0,0.0,0.0,0.0,36864.0,-0.010218529092768828,1030.0771626790365,1.723591144879659,0.010356246028095484,0.12610677083333333,515.0111155192058,24.0
25.0,65.60271954536438,512.0,-3.1252143383026123,-77.04932403564453,-45.89718246459961,0.0,0.0,0.0,0.0,38400.0,-0.002663141613205274,1065.737666829427,1.7165518999099731,0.010698990727541968,0.144921875,532.8490152994792,25.0
26.0,67.48826909065247,512.0,-3.06827712059021,-76.78223419189453,-44.74869918823242,0.0,0.0,0.0,0.0,39936.0,-0.007181144140971204,1008.8273763020833,1.7122816483179728,0.01106298909483788,0.140234375,504.38938598632814,26.0
27.0,69.36184310913086,512.0,-2.8620030879974365,-74.14881134033203,-41.23505783081055,0.0,0.0,0.0,0.0,41472.0,-0.0030523744722207387,858.6648396809895,1.7025477091471355,0.005375903014404078,0.06145833333333333,429.3123402913412,27.0
28.0,71.22799491882324,512.0,-3.098322629928589,-78.80974578857422,-45.00553512573242,0.0,0.0,0.0,0.0,43008.0,-0.0032637746073305605,1021.0685180664062,1.701224676767985,0.010872890134730065,0.14837239583333334,510.51397603352865,28.0
29.0,73.09069347381592,512.0,-3.128199577331543,-80.0742416381836,-45.39106369018555,0.0,0.0,0.0,0.0,44544.0,-0.0012834194426735242,1036.4349243164063,1.7050003210703533,0.013525221205782145,0.17903645833333334,518.1991292317708,29.0
30.0,74.95618796348572,512.0,-3.060114622116089,-79.62120819091797,-44.06353759765625,0.0,0.0,0.0,0.0,46080.0,-0.0054226537855962915,977.6781860351563,1.7083468596140543,0.009910447092261165,0.13365885416666667,488.81658833821615,30.0,-1777.4615966796875,19.420769989268702,576.6,0.0,1.0,0.0,0.0
31.0,85.5820426940918,512.0,-3.140531539916992,-81.6921615600586,-45.256343841552734,0.0,0.0,0.0,0.0,47616.0,-0.005556476100658377,1032.2557474772136,1.7037420511245727,0.011257507448317484,0.1431640625,516.1052805582682,31.0
32.0,87.42988181114197,512.0,-3.0545883178710938,-80.94518280029297,-43.64076614379883,0.0,0.0,0.0,0.0,49152.0,-0.0006787802403171857,961.4592651367187,1.6968085447947183,0.011937606359909599,0.16204427083333334,480.7119862874349,32.0
33.0,89.30397891998291,512.0,-3.0022027492523193,-80.8393783569336,-42.660118103027344,0.0,0.0,0.0,0.0,50688.0,-0.010093096643686295,919.4976928710937,1.689902094999949,0.009262741605440775,0.126171875,459.7218505859375,33.0
34.0,91.3540267944336,512.0,-3.1556129455566406,-84.10150146484375,-45.05244064331055,0.0,0.0,0.0,0.0,52224.0,-0.0029577442910522223,1025.1173075358072,1.6795670588811238,0.010785175838585322,0.14010416666666667,512.5388987223307,34.0
35.0,93.47225332260132,512.0,-3.1859519481658936,-78.13336944580078,-38.22306823730469,0.001953125,1.0,-1467.244140625,457.0,53760.0,-0.005070329178124666,795.8458170572917,1.6712627172470094,0.010427339506956438,0.13763020833333334,397.90111185709634,35.0
36.0,95.71431803703308,512.0,-2.9759585857391357,-82.13482666015625,-41.99270248413086,0.0,0.0,0.0,0.0,55296.0,-0.00158858560025692,892.1932291666667,1.6724095702171327,0.014018394955201074,0.18697916666666667,446.07830200195315,36.0
37.0,98.0018060207367,512.0,-3.0589332580566406,-84.28667449951172,-43.22428894042969,0.0,0.0,0.0,0.0,56832.0,-0.00769118609217306,1155.0947509765624,1.6769451419512431,0.02306598349047514,0.24967447916666666,577.5229207356771,37.0
38.0,100.37899899482727,512.0,-3.2903244495391846,-81.51378631591797,-39.50071716308594,0.001953125,1.0,-1195.417236328125,351.0,58368.0,-0.0071290999030073484,857.6660319010417,1.6793463389078775,0.016416409978410228,0.18567708333333333,428.80909423828126,38.0
39.0,102.5842924118042,512.0,-2.884944200515747,-82.33747100830078,-40.15108108520508,0.0,0.0,0.0,0.0,59904.0,-0.0035966466801861923,817.1144205729166,1.6726555069287619,0.0163660813937895,0.21432291666666667,408.53688557942706,39.0
40.0,104.90383768081665,512.0,-3.2577991485595703,-81.94560241699219,-38.87673568725586,0.001953125,1.0,-981.1952514648438,275.0,61440.0,-0.00032103639096021653,841.431406656901,1.6694526473681133,0.02571265323009963,0.2799479166666667,420.6986877441406,40.0,-1430.7633666992188,933.111301626935,314.8,0.0,1.0,0.0,1.0
41.0,113.22585225105286,512.0,-2.7732772827148438,-81.33389282226562,-38.091617584228516,0.0,0.0,0.0,0.0,62976.0,-0.006561662737901012,738.1854532877604,1.668306867281596,0.009201264734535168,0.11888020833333333,369.0694844563802,41.0
42.0,115.52850127220154,512.0,-2.787501573562622,-82.182373046875,-38.156681060791016,0.0,0.0,0.0,0.0,64512.0,-0.000575713999569416,738.1012105305989,1.6646463950475057,0.010749347711680457,0.14361979166666666,369.03338012695315,42.0
43.0,117.72842836380005,512.0,-3.1486692428588867,-82.16263580322266,-37.321231842041016,0.001953125,1.0,-1583.1632080078125,501.0,66048.0,-0.0018339728005230427,766.5441853841146,1.6626942078272502,0.01999909170359994,0.226953125,383.2536285400391,43.0
44.0,119.94539594650269,512.0,-3.7737510204315186,-84.94304656982422,-39.85568618774414,0.00390625,2.0,-915.2365112304688,238.5,67584.0,-0.017631572453926006,1137.6210408528646,1.6652421871821086,0.023208534837855645,0.23671875,568.7762298583984,44.0
45.0,122.11329388618469,512.0,-2.6191418170928955,-80.40775299072266,-35.17079544067383,0.0,0.0,0.0,0.0,69120.0,-0.0034889154136180877,644.663975016276,1.6657697717348734,0.010486484710903217,0.134375,322.3118418375651,45.0
46.0,124.34540176391602,512.0,-2.464611768722534,-78.45632934570312,-32.447052001953125,0.0,0.0,0.0,0.0,70656.0,-0.0007383767360200484,549.438779703776,1.6606887340545655,0.009984055262369415,0.13802083333333334,274.70204366048176,46.0
47.0,126.5426857471466,512.0,-3.056866407394409,-89.08135986328125,-42.343753814697266,0.0,0.0,0.0,0.0,72192.0,-0.009502805179605882,1284.7577473958333,1.6603599945704142,0.0135825814853888,0.16061197916666667,642.3527547200521,47.0
48.0,128.72646474838257,512.0,-2.5741472244262695,-81.5123291015625,-34.04182815551758,0.0,0.0,0.0,0.0,73728.0,0.0003322489559650421,600.2379089355469,1.6638561685880024,0.011741340660955757,0.1634765625,300.10264282226564,48.0
49.0,130.8800346851349,512.0,-2.5945823192596436,-82.51910400390625,-34.322784423828125,0.0,0.0,0.0,0.0,75264.0,-0.007745902643849453,663.9080098470052,1.6583581169446309,0.015846033460305383,0.19322916666666667,331.92967732747394,49.0
50.0,133.00475144386292,512.0,-3.117640256881714,-84.42058563232422,-35.46881103515625,0.001953125,1.0,-1087.6544189453125,331.0,76800.0,0.0011128030406932037,713.8325907389323,1.660660183429718,0.02221896544409295,0.2652994791666667,356.9008066813151,50.0,-706.8866333007812,96.38561340266071,207.4,0.0,1.0,0.0,1.0
51.0,138.17580652236938,512.0,-3.1376163959503174,-84.9624252319336,-35.80367660522461,0.001953125,1.0,-1189.61376953125,369.0,78336.0,-0.004602675900484124,736.4311177571615,1.6618605613708497,0.013016698866461713,0.17916666666666667,368.1943298339844,51.0
52.0,140.0577790737152,512.0,-3.0316827297210693,-83.2701644897461,-33.948551177978516,0.001953125,1.0,-867.4046020507812,257.0,79872.0,-0.008847533849378426,659.1766235351563,1.6586245059967042,0.013163932505995036,0.17727864583333333,329.56287943522136,52.0
53.0,141.95984959602356,512.0,-3.26701283454895,-87.4184799194336,-37.89414596557617,0.001953125,1.0,-1076.51806640625,295.0,81408.0,-0.010788076805571716,962.0680236816406,1.6539910395940145,0.020946245027395585,0.2302734375,481.0066813151042,53.0
54.0,143.84018063545227,512.0,-2.9880809783935547,-82.87679290771484,-33.177764892578125,0.001953125,1.0,-1091.6920166015625,355.0,82944.0,0.0002241282102962335,631.0065856933594,1.6545265078544618,0.01564533233953019,0.1982421875,315.4869761149088,54.0
55.0,145.86323165893555,512.0,-2.538065195083618,-82.98296356201172,-33.14219284057617,0.0,0.0,0.0,0.0,84480.0,-0.0036093325975040595,565.8065002441406,1.6538151661554972,0.015499406162416563,0.18828125,282.8831075032552,55.0
56.0,147.97810339927673,512.0,-3.0838756561279297,-92.75638580322266,-42.12812423706055,0.0,0.0,0.0,0.0,86016.0,-0.006525034643709659,1543.854268391927,1.6525782783826193,0.013585332841224347,0.168359375,771.9040873209635,56.0
57.0,150.0867326259613,512.0,-3.145259141921997,-86.94414520263672,-35.524227142333984,0.001953125,1.0,-1099.67236328125,320.0,87552.0,-0.01069077152448396,836.5292175292968,1.6563628832499186,0.01857040444544206,0.21373697916666667,418.2373504638672,57.0
58.0,152.2556619644165,512.0,-2.3079025745391846,-80.59188079833984,-28.989990234375,0.0,0.0,0.0,0.0,89088.0,0.0015194606967270374,448.8637654622396,1.6533504366874694,0.014324025716632605,0.18619791666666666,224.4168670654297,58.0
59.0,154.41057348251343,512.0,-2.382972478866577,-82.48162078857422,-30.099172592163086,0.0,0.0,0.0,0.0,90624.0,-0.0007586000797649224,474.4694000244141,1.6509040991465251,0.015969348918103303,0.219140625,237.217431640625,59.0
60.0,156.66143226623535,512.0,-2.2271859645843506,-80.4981460571289,-27.385255813598633,0.0,0.0,0.0,0.0,92160.0,-0.002597131518026193,403.9544718424479,1.6454294641812643,0.009879967766270663,0.13743489583333332,201.95818328857422,60.0,-1460.1108642578124,399.6777744459318,426.8,0.0,1.0,0.0,0.0
61.0,165.52400064468384,512.0,-2.1680591106414795,-80.12421417236328,-26.279022216796875,0.0,0.0,0.0,0.0,93696.0,0.002832576244448622,368.59568583170574,1.635752252737681,0.021058839394633346,0.2111328125,184.28431854248046,61.0
62.0,167.6343846321106,512.0,-2.078666925430298,-79.1905517578125,-24.59105110168457,0.0,0.0,0.0,0.0,95232.0,-0.004021647696693738,338.5129821777344,1.629699456691742,0.007957307687805344,0.10651041666666666,169.23617248535157,62.0
63.0,169.7845869064331,512.0,-3.3402111530303955,-86.16400909423828,-30.78542137145996,0.00390625,2.0,-836.7776794433594,249.0,96768.0,-0.006556661582241456,645.7838175455729,1.6248570442199708,0.010583719830416763,0.13841145833333332,322.8691029866537,63.0
64.0,171.9478256702423,512.0,-2.8111627101898193,-92.3392105102539,-36.76266860961914,0.0,0.0,0.0,0.0,98304.0,-0.008283057312170664,1079.5600524902343,1.622974967956543,0.014843795786146075,0.18561197916666666,539.7555094401042,64.0
65.0,174.10524344444275,512.0,-3.003077268600464,-88.5058822631836,-32.142704010009766,0.001953125,1.0,-1072.3822021484375,341.0,99840.0,-0.006653625766436259,613.2465861002604,1.6261035641034445,0.013679338114646574,0.1681640625,306.6003774007161,65.0
66.0,176.24191880226135,512.0,-2.8766613006591797,-86.60550689697266,-30.025720596313477,0.001953125,1.0,-1014.0416870117188,339.0,101376.0,-0.0049204639159142975,560.1786844889323,1.624216341972351,0.01348090342944488,0.1748046875,280.06818033854165,66.0
67.0,178.52086353302002,512.0,-3.505082368850708,-90.60082244873047,-33.72175979614258,0.00390625,2.0,-888.8059997558594,252.5,102912.0,-0.016808747577791414,988.125830078125,1.6210381070772806,0.02380426175756535,0.241796875,494.02989298502604,67.0
68.0,180.76316332817078,512.0,-3.084307909011841,-90.60101318359375,-33.51914978027344,0.001953125,1.0,-1029.2406005859375,298.0,104448.0,-0.006647598107034961,779.7948588053385,1.6223173062006633,0.014258335284345473,0.1689453125,389.8745544433594,68.0
69.0,182.9686942100525,512.0,-3.5766255855560303,-83.81360626220703,-26.45917510986328,0.005859375,3.0,-571.0427652994791,156.33333333333334,105984.0,-0.0017451925513645014,572.7451314290364,1.6214811523755392,0.022584951643754417,0.27005208333333336,286.3546142578125,69.0
70.0,185.12845015525818,512.0,-2.92572021484375,-88.22906494140625,-30.777328491210938,0.001953125,1.0,-1308.2822265625,445.0,107520.0,-0.004581741476431489,595.8046793619792,1.622107203801473,0.023776456034587074,0.25533854166666664,297.8815399169922,70.0,-672.5285278320313,66.81931010208355,214.0,0.0,1.0,0.0,1.0
71.0,190.38371324539185,512.0,-2.8936662673950195,-88.01689910888672,-30.029211044311523,0.001953125,1.0,-1175.827880859375,402.0,109056.0,-0.011309206563358506,610.803955078125,1.62144695520401,0.01497771882956537,0.19049479166666666,305.37445271809895,71.0
72.0,192.24207758903503,512.0,-3.342935562133789,-95.9801254272461,-37.59962844848633,0.001953125,1.0,-1272.6376953125,347.0,110592.0,-0.01055374943340818,1277.3865234375,1.6156824151674907,0.022016636666376144,0.229296875,638.6665344238281,72.0
73.0,194.10154151916504,512.0,-2.6898934841156006,-85.16062927246094,-26.715927124023438,0.001953125,1.0,-1157.9949951171875,434.0,112128.0,0.0017598392441868782,458.03875325520835,1.6177997668584188,0.021360666363034398,0.24342447916666668,229.004958597819,73.0
74.0,195.97279453277588,512.0,-2.7427990436553955,-86.84622955322266,-27.333715438842773,0.001953125,1.0,-908.5881958007812,323.0,113664.0,-0.0035273472778499125,486.4292470296224,1.6155178229014078,0.011184957598258431,0.14440104166666667,243.19494069417317,74.0
75.0,197.83993673324585,512.0,-2.9802515506744385,-91.26753997802734,-31.18741798400879,0.001953125,1.0,-1109.6365966796875,359.0,115200.0,-0.008488122839480639,788.5983846028646,1.6153306126594544,0.02097285640387175,0.237890625,394.27455139160156,75.0
76.0,199.69997715950012,512.0,-2.990375518798828,-91.76123046875,-31.348791122436523,0.001953125,1.0,-985.2830200195312,280.0,116736.0,-0.013186360367884238,806.5991231282552,1.6215094566345214,0.016327307126872862,0.191015625,403.27016092936196,76.0
77.0,201.5612449645996,512.0,-3.39011287689209,-98.55550384521484,-37.93813705444336,0.001953125,1.0,-900.2007446289062,267.0,118272.0,-0.005628043164809545,1290.7322062174478,1.6326448917388916,0.013050559983821586,0.16263020833333333,645.3441487630208,77.0
78.0,203.43454909324646,512.0,-4.146168231964111,-111.546142578125,-50.524200439453125,0.001953125,1.0,-929.0877075195312,227.0,119808.0,-0.016263893681267898,2526.0439453125,1.6416320999463399,0.015755248384084552,0.19010416666666666,1262.9892903645834,78.0
79.0,205.31367707252502,512.0,-4.201039791107178,-120.44959259033203,-59.225494384765625,0.0,0.0,0.0,0.0,121344.0,-0.010045891565581163,3409.294962565104,1.6463099678357442,0.01240410982669952,0.15208333333333332,1704.620955403646,79.0
80.0,207.35574221611023,512.0,-2.882725477218628,-90.86053466796875,-29.04315757751465,0.001953125,1.0,-1208.0074462890625,414.0,122880.0,-0.006584520017107328,539.1157155354817,1.6484446406364441,0.013285027844055245,0.17265625,269.5347920735677,80.0,-1306.9665649414062,709.6362465577495,453.4,0.0,0.4,0.6,0.0
81.0,216.31114888191223,512.0,-3.328747510910034,-98.83709716796875,-36.59294509887695,0.001953125,1.0,-1345.4677734375,377.0,124416.0,-0.013774461826930444,1295.1462849934896,1.6495627681414287,0.021799658477539195,0.2535807291666667,647.5428894042968,81.0
82.0,218.31754684448242,512.0,-3.066946029663086,-94.5486068725586,-32.13376998901367,0.001953125,1.0,-1141.7740478515625,354.0,125952.0,0.00145863212334613,795.550459798177,1.6520149906476338,0.018004895641934127,0.23001302083333333,397.7601704915365,82.0
83.0,220.4929337501526,512.0,-2.907857894897461,-92.3437728881836,-29.462677001953125,0.001953125,1.0,-1193.6700439453125,404.0,127488.0,-0.011606517853215337,657.7815877278646,1.6547995368639628,0.019503397754548738,0.18092447916666668,328.8626475016276,83.0
84.0,222.62519359588623,512.0,-4.144826889038086,-113.16341400146484,-50.010528564453125,0.001953125,1.0,-1741.4967041015625,372.0,129024.0,-0.004978774519016346,2203.795861816406,1.6560509204864502,0.011592459921181823,0.153515625,1101.8763610839844,84.0
85.0,224.77195191383362,512.0,-2.9021682739257812,-91.93463134765625,-29.49309730529785,0.001953125,1.0,-1298.07421875,445.0,130560.0,-0.007471730699762702,637.6547993977864,1.6615586280822754,0.014777107886038721,0.1818359375,318.803310139974,85.0
86.0,226.96134114265442,512.0,-3.0420920848846436,-95.25921630859375,-31.621185302734375,0.001953125,1.0,-1024.9410400390625,297.0,132096.0,-0.00802792360385259,745.1031087239584,1.667574151357015,0.010439795166409265,0.1294921875,372.526850382487,86.0
87.0,229.08805918693542,512.0,-3.103895425796509,-96.38909912109375,-32.5627555847168,0.001953125,1.0,-1189.098388671875,370.0,133632.0,-0.00902224046488603,768.3458577473958,1.6719100197156271,0.015257741427437093,0.19010416666666666,384.1471903483073,87.0
88.0,231.24849486351013,512.0,-2.3614814281463623,-91.7615737915039,-27.766815185546875,0.0,0.0,0.0,0.0,135168.0,-0.006392348418012261,398.9842997233073,1.6733510613441467,0.012218286997328203,0.15162760416666668,199.46902364095052,88.0
89.0,233.3935468196869,512.0,-3.085878372192383,-97.23681640625,-32.02116012573242,0.001953125,1.0,-992.2467651367188,305.0,136704.0,-0.004077891896789272,621.8678812662761,1.6733413974444071,0.012959708504301186,0.15716145833333334,310.913129679362,89.0
90.0,235.54250931739807,512.0,-3.1629104614257812,-98.72417449951172,-33.29643630981445,0.001953125,1.0,-925.7050170898438,267.0,138240.0,-0.00269525246694684,658.0778971354167,1.6759457389513652,0.013724990101763979,0.17799479166666668,329.0194976806641,90.0,-620.9392211914062,14.21973972870892,167.8,0.0,1.0,0.0,1.0
91.0,240.8856122493744,512.0,-3.4572036266326904,-96.02970123291016,-30.434432983398438,0.00390625,2.0,-698.7834777832031,189.0,139776.0,0.000323445163667202,657.0344991048177,1.6736273845036824,0.011344249170118321,0.1515625,328.50083516438804,91.0
92.0,243.03826141357422,512.0,-3.3036792278289795,-93.73855590820312,-27.911874771118164,0.00390625,2.0,-741.1245422363281,218.0,141312.0,-0.007757252252971133,628.30771484375,1.6680938641230265,0.01542116425698623,0.19791666666666666,314.1294209798177,92.0
93.0,245.1255078315735,512.0,-3.3364360332489014,-94.3341293334961,-28.294137954711914,0.00390625,2.0,-760.8815002441406,222.5,142848.0,-0.006246539019048214,583.6233378092448,1.6646830916404725,0.011445356614422053,0.15546875,291.7887807210287,93.0
94.0,247.15545344352722,512.0,-2.7075417041778564,-91.49956512451172,-25.68626594543457,0.001953125,1.0,-1097.9097900390625,405.0,144384.0,-0.008722867025062442,441.6809153238932,1.665448792775472,0.013349451105265567,0.16790364583333334,220.81507924397786,94.0
95.0,249.2541298866272,512.0,-2.7931253910064697,-93.81341552734375,-27.036985397338867,0.001953125,1.0,-924.5392456054688,324.0,145920.0,-0.004894951560224096,495.2281026204427,1.6616525650024414,0.015114800408870603,0.17708333333333334,247.59253845214843,95.0
96.0,251.3931589126587,512.0,-3.2559707164764404,-93.95446014404297,-26.664093017578125,0.00390625,2.0,-748.43505859375,225.0,147456.0,-0.004119487432762981,557.9329284667969,1.659556500116984,0.011709814701074113,0.15279947916666667,278.9457433064779,96.0
97.0,253.43523693084717,512.0,-3.389277696609497,-96.39546966552734,-28.803205490112305,0.00390625,2.0,-719.4300231933594,204.0,148992.0,-0.005411993339657783,621.581846110026,1.6571534355481465,0.012981563344753037,0.1708984375,310.76894226074216,97.0
98.0,255.3177969455719,512.0,-3.279599189758301,-94.786865234375,-27.010793685913086,0.00390625,2.0,-682.8579406738281,199.5,150528.0,-0.0012355999710659186,567.7025756835938,1.653658350308736,0.01595845084909039,0.20416666666666666,283.8335169474284,98.0
99.0,257.16717195510864,512.0,-3.303288459777832,-95.45782470703125,-27.336355209350586,0.00390625,2.0,-738.3515625,216.0,152064.0,0.00042539572653671107,577.7163981119792,1.6505141059557598,0.00905301235228156,0.11959635416666667,288.8421183268229,99.0
100.0,259.07615089416504,512.0,-3.394392728805542,-97.26956939697266,-28.671377182006836,0.00390625,2.0,-741.2903442382812,210.5,153600.0,0.00350304472570618,616.0424560546875,1.6478015820185343,0.01588272971760792,0.20989583333333334,308.0082509358724,100.0,-560.0692993164063,4.215728272685247,149.4,0.0,1.0,0.0,1.0
101.0,263.2610619068146,512.0,-3.332066535949707,-96.50794219970703,-27.571435928344727,0.00390625,2.0,-661.4281616210938,189.0,155136.0,-0.0009013800726582606,585.8386393229167,1.6445379932721456,0.008934080581335971,0.12376302083333333,292.9019734700521,101.0
102.0,265.10363578796387,512.0,-3.394209861755371,-97.7950668334961,-28.553497314453125,0.00390625,2.0,-716.2462463378906,202.0,156672.0,-0.003571279641861717,609.3866678873698,1.6420138359069825,0.010211318612952406,0.1412109375,304.6733469645182,102.0
103.0,267.0013337135315,512.0,-3.18481707572937,-93.77689361572266,-25.270111083984375,0.00390625,2.0,-705.2773742675781,215.0,158208.0,-0.00592841807131966,507.3194132486979,1.6432405789693196,0.01169879831528912,0.15416666666666667,253.63734385172526,103.0
104.0,268.92123675346375,512.0,-3.933396339416504,-100.68196868896484,-38.9155158996582,0.00390625,2.0,-927.3448791503906,227.0,159744.0,-0.008068135427311062,1665.5773844401042,1.6462327480316161,0.016940580774098636,0.18567708333333333,832.7641479492188,104.0
105.0,270.78728461265564,512.0,-3.2206637859344482,-94.34746551513672,-25.570383071899414,0.00390625,2.0,-630.0601501464844,187.0,161280.0,0.0017106514424085617,518.1846781412761,1.649505865573883,0.018004329225126032,0.21080729166666667,259.07755381266276,105.0
106.0,272.66324734687805,512.0,-3.1892757415771484,-87.2005844116211,-26.496658325195312,0.00390625,2.0,-645.5076599121094,195.5,162816.0,0.005052576508993904,560.9192281087239,1.6515528043111165,0.02520231281329567,0.283984375,280.448149617513,106.0
107.0,274.5526533126831,512.0,-3.3879668712615967,-98.51622772216797,-27.5836124420166,0.00390625,2.0,-656.2473754882812,177.0,164352.0,-0.005299307421470682,613.2890279134115,1.6564385970433553,0.017733514580565195,0.226171875,306.6226501464844,107.0
108.0,276.417236328125,512.0,-3.471714973449707,-87.96471405029297,-23.01177978515625,0.005859375,3.0,-584.633544921875,167.66666666666666,165888.0,-0.0006359150943656762,521.4615437825521,1.6563312689463296,0.01230335384219264,0.1517578125,260.71357421875,108.0
109.0,278.2877459526062,512.0,-3.7495431900024414,-98.71161651611328,-25.202241897583008,0.005859375,3.0,-530.0529988606771,131.66666666666666,167424.0,0.007118095209201177,625.9155131022136,1.6516191760698955,0.019918004964711144,0.23671875,312.94835611979164,109.0
110.0,280.14598846435547,512.0,-3.7984039783477783,-96.4384765625,-27.36554718017578,0.005859375,3.0,-628.8183390299479,163.66666666666666,168960.0,-0.006813092219332854,783.5425638834636,1.6515956362088522,0.011929423505595576,0.15423177083333334,391.7479502360026,110.0,-580.1621826171875,38.62726012928115,175.6,0.0,1.0,0.0,0.0
111.0,284.7227408885956,512.0,-3.6960830688476562,-95.87906646728516,-24.906198501586914,0.005859375,3.0,-593.3511555989584,157.33333333333334,170496.0,-6.98508694767952e-05,552.2223551432292,1.6531877438227336,0.020853837717246883,0.24524739583333333,276.094574991862,111.0
112.0,286.5950176715851,512.0,-3.2549216747283936,-90.7503433227539,-26.45257568359375,0.00390625,2.0,-657.6517944335938,191.5,172032.0,-0.0032208938462038833,558.7773600260417,1.651538860797882,0.017181487614288928,0.19954427083333334,279.3689498901367,112.0
113.0,288.4524359703064,512.0,-2.750187635421753,-63.43667984008789,-22.53621482849121,0.00390625,2.0,-649.8504333496094,237.0,173568.0,0.0075133084629972775,490.11195983886716,1.651765775680542,0.02633329591869066,0.30071614583333334,245.0469767252604,113.0
114.0,290.34058237075806,512.0,-3.395601272583008,-86.58699798583984,-21.023710250854492,0.005859375,3.0,-553.7592569986979,161.33333333333334,175104.0,-0.0018925784000506003,451.2874033610026,1.6543505946795145,0.013101078952119375,0.15787760416666666,225.6252670288086,114.0
115.0,292.1852195262909,512.0,-3.500065565109253,-90.3593521118164,-22.238515853881836,0.005859375,3.0,-516.9219156901041,140.33333333333334,176640.0,-0.008728200461094578,517.2903208414714,1.657163429260254,0.015722861329171185,0.18541666666666667,258.61986083984374,115.0
116.0,294.0399751663208,512.0,-3.6996548175811768,-92.07466888427734,-15.893383979797363,0.0078125,4.0,-424.8209686279297,107.5,178176.0,-0.002764577263345321,462.52000020345054,1.6598250269889832,0.017644286984189725,0.19173177083333334,231.24063822428386,116.0
117.0,295.92290115356445,512.0,-3.0284423828125,-91.54064178466797,-21.201974868774414,0.00390625,2.0,-575.5791931152344,161.5,179712.0,-0.004422202582160631,556.0217295328777,1.661824377377828,0.017671125339499365,0.2033203125,277.9898173014323,117.0
118.0,297.7827959060669,512.0,-3.169327974319458,-88.22884368896484,-16.501516342163086,0.005859375,3.0,-534.4696858723959,168.0,181248.0,-0.004081450371692578,382.7314697265625,1.6628878076871236,0.015799528870653983,0.19837239583333333,191.34502614339192,118.0
119.0,299.6584553718567,512.0,-3.5635433197021484,-88.235595703125,-14.250060081481934,0.0078125,4.0,-444.17520904541016,123.25,182784.0,-0.004086345201358199,414.5727508544922,1.6657810886700948,0.011574318607260162,0.15716145833333334,207.26563212076823,119.0
120.0,301.53730273246765,512.0,-3.308656692504883,-77.27470397949219,-21.108551025390625,0.005859375,3.0,-536.5605977376302,160.33333333333334,184320.0,-0.0025076172314584255,679.8368103027344,1.6712139288584391,0.019348532859779274,0.24264322916666667,339.89918518066406,120.0,-360.70750122070314,13.60355906735759,88.8,0.0,1.0,0.0,1.0
121.0,304.7958369255066,512.0,-3.394045829772949,-93.9050521850586,-19.043241500854492,0.005859375,3.0,-523.8931884765625,148.66666666666666,185856.0,-0.006194901326671243,477.724077351888,1.6759648203849793,0.017536843560325602,0.21555989583333332,238.83908284505208,121.0
122.0,306.8032822608948,512.0,-3.5946381092071533,-93.729248046875,-23.14977264404297,0.005859375,3.0,-567.6471048990885,153.0,187392.0,-0.006527459916348259,666.1524861653646,1.677295164267222,0.0165440933216208,0.2041015625,333.0529327392578,122.0
123.0,308.9750747680664,512.0,-2.5283358097076416,-56.94162368774414,-19.96689796447754,0.00390625,2.0,-636.5908813476562,251.5,188928.0,-0.005579939857125282,422.70899353027346,1.6793343027432759,0.016035511610486233,0.19791666666666666,211.33212280273438,123.0
124.0,311.16432762145996,512.0,-2.7473366260528564,-72.81615447998047,-15.275076866149902,0.00390625,2.0,-477.9016876220703,133.0,190464.0,-0.0046464628850420315,301.45162709554035,1.6818458040555317,0.0163586992615213,0.2005859375,150.70434748331706,124.0
125.0,313.2203345298767,512.0,-3.1558046340942383,-84.46356201171875,-16.358612060546875,0.005859375,3.0,-519.5406799316406,163.66666666666666,192000.0,-0.0022216505681475003,376.6936431884766,1.680250851313273,0.013580132912223538,0.18059895833333334,188.32780024210612,125.0
126.0,315.36613273620605,512.0,-3.7601163387298584,-102.2140121459961,-24.195114135742188,0.005859375,3.0,-578.8206481933594,145.0,193536.0,-0.007095447803537051,807.6331176757812,1.6838282823562623,0.017034544962613533,0.1830078125,403.7926259358724,126.0
127.0,317.5216886997223,512.0,-3.4507229328155518,-93.32169342041016,-19.5827693939209,0.005859375,3.0,-525.7344868977865,145.33333333333334,195072.0,-0.00060563279936711,463.31891479492185,1.6900973240534465,0.020811790584897003,0.19680989583333333,231.64195149739584,127.0
128.0,319.68737721443176,512.0,-2.914605140686035,-81.00157165527344,-21.73957633972168,0.00390625,2.0,-638.135986328125,213.5,196608.0,-0.005233260430395603,463.45200703938804,1.68772843281428,0.020896639444011576,0.233203125,231.70389099121093,128.0
129.0,321.8342709541321,512.0,-3.213104009628296,-86.39382934570312,-16.94105339050293,0.005859375,3.0,-530.2639770507812,163.66666666666666,198144.0,-0.0013057359339048466,392.25902099609374,1.678739857673645,0.021000301671059183,0.22955729166666666,196.11141713460287,129.0
130.0,324.0230462551117,512.0,-3.5014708042144775,-96.8993911743164,-19.964651107788086,0.005859375,3.0,-516.581064860026,139.0,199680.0,-0.008975849098836383,525.5682149251302,1.6786609013875327,0.014953726539776351,0.185546875,262.75834401448566,130.0,-797.4870422363281,186.4747014840657,271.6,0.0,1.0,0.0,0.0
131.0,330.33013796806335,512.0,-2.598867893218994,-79.04959869384766,-25.187673568725586,0.001953125,1.0,-732.8971557617188,324.0,201216.0,-0.008780454968412716,718.0469889322917,1.6797821044921875,0.014064612986597542,0.17838541666666666,358.99791514078777,131.0
132.0,332.4040608406067,512.0,-3.3161351680755615,-92.8187026977539,-27.26304054260254,0.00390625,2.0,-789.3726806640625,234.0,202752.0,-0.010193261379996935,911.0796305338541,1.678364384174347,0.02562273398701412,0.233203125,455.51283772786456,132.0
133.0,334.5853452682495,512.0,-2.198646306991577,-67.380859375,-27.150171279907227,0.0,0.0,0.0,0.0,204288.0,-0.010252464190125465,775.2934346516927,1.6847603400548299,0.024499252011689048,0.22565104166666666,387.61961466471354,133.0
134.0,336.77105474472046,512.0,-2.1083319187164307,-97.23845672607422,-21.26542091369629,0.0,0.0,0.0,0.0,205824.0,-0.006793302359680334,260.1314208984375,1.6936390360196432,0.0175734960512879,0.21640625,130.04198048909504,134.0
135.0,338.9298779964447,512.0,-2.3255155086517334,-77.31439208984375,-20.540973663330078,0.001953125,1.0,-966.238037109375,425.0,207360.0,-0.001980995324750741,290.0298863728841,1.700055476029714,0.01701322272613955,0.201953125,144.9959622701009,135.0
136.0,341.08003783226013,512.0,-2.583918571472168,-102.49462890625,-20.003660202026367,0.001953125,1.0,-1042.45361328125,381.0,208896.0,-0.0024794289997468392,323.7513468424479,1.7014947493871053,0.013253704775706865,0.1712890625,161.8561813354492,136.0
137.0,343.18818974494934,512.0,-2.3649520874023438,-101.11934661865234,-16.29815101623535,0.001953125,1.0,-941.8327026367188,405.0,210432.0,-0.005628776270896196,283.82783762613934,1.700909725824992,0.017040187964448707,0.20930989583333334,141.891281636556,137.0
138.0,345.3232204914093,512.0,-2.975111722946167,-103.53910064697266,-18.384279251098633,0.00390625,2.0,-743.4017639160156,248.5,211968.0,-0.0054145265060166516,373.4214182535807,1.701902691523234,0.026665142087343458,0.26328125,186.6882746378581,138.0
139.0,347.4865953922272,512.0,-3.318443536758423,-119.91494750976562,-31.60080909729004,0.001953125,1.0,-1443.9498291015625,407.0,213504.0,-0.011421461155017217,831.966377766927,1.7075260122617086,0.018966524180723355,0.2224609375,415.95469258626304,139.0
140.0,349.6328818798065,512.0,-1.9178857803344727,-76.97613525390625,-10.071388244628906,0.001953125,1.0,-488.0787353515625,132.0,215040.0,-0.00042245819543798764,242.83207143147786,1.7122078975041708,0.017503770491263518,0.20891927083333334,121.39849166870117,140.0,-1024.03349609375,160.7507833784029,485.4,0.0,0.4,0.6,0.0
141.0,359.19137358665466,512.0,-3.1170737743377686,-114.9388427734375,-28.22469139099121,0.001953125,1.0,-1175.7242431640625,301.0,216576.0,-0.016512386966496706,1014.0135925292968,1.7128716309865315,0.022152650513453408,0.22350260416666667,506.973149617513,141.0
142.0,361.1028378009796,512.0,-3.4185123443603516,-106.42012786865234,-15.800122261047363,0.005859375,3.0,-535.6104736328125,152.0,218112.0,-0.004627288784831762,540.9365620930989,1.7146270036697389,0.017969604502043997,0.21295572916666666,270.4465042114258,142.0
143.0,363.01683235168457,512.0,-3.556551218032837,-108.84308624267578,-17.951919555664062,0.005859375,3.0,-540.7053833007812,144.66666666666666,219648.0,-0.007773227865497271,522.9620300292969,1.715437944730123,0.014680449687875807,0.19654947916666668,261.4560892740885,143.0
144.0,364.92602372169495,512.0,-3.687636613845825,-112.29242706298828,-20.266809463500977,0.005859375,3.0,-616.0981953938802,165.33333333333334,221184.0,-0.004965293779969215,808.0736979166667,1.7164101282755533,0.011770859401440247,0.1291015625,404.0147196451823,144.0
145.0,366.80843710899353,512.0,-3.020009994506836,-108.80111694335938,-17.204601287841797,0.00390625,2.0,-515.8600463867188,153.5,222720.0,-0.008745192550122738,431.2641286214193,1.7237703680992127,0.014929353529199337,0.19296875,215.6060821533203,145.0
146.0,368.7991120815277,512.0,-3.38378643989563,-104.54508209228516,-15.390406608581543,0.005859375,3.0,-535.0018005371094,154.66666666666666,224256.0,-0.006805861322209239,540.7128712972005,1.7296811819076539,0.014872493866520623,0.17298177083333333,270.3323328653971,146.0
147.0,370.6853301525116,512.0,-3.7099287509918213,-121.70374298095703,-28.7270565032959,0.00390625,2.0,-623.6821594238281,159.0,225792.0,-0.010234853082026044,932.9962056477865,1.7268755475680033,0.017081715867000944,0.20384114583333332,466.47059224446616,147.0
148.0,372.56276869773865,512.0,-3.5465240478515625,-119.06278228759766,-26.031835556030273,0.00390625,2.0,-853.8961486816406,235.0,227328.0,-0.010487209307029843,781.5128031412761,1.729151686032613,0.017673860829866803,0.21432291666666667,390.72861836751304,148.0
149.0,374.4497368335724,512.0,-2.6161611080169678,-111.46432495117188,-18.70000648498535,0.001953125,1.0,-671.63427734375,234.0,228864.0,-0.006862326447541515,313.7624155680339,1.732432222366333,0.013196334741466368,0.16868489583333332,156.85702209472657,149.0
150.0,376.3179728984833,512.0,-2.904658555984497,-105.8572769165039,-15.820197105407715,0.00390625,2.0,-634.8242950439453,210.0,230400.0,-0.006561598088592291,394.8351236979167,1.7402762095133464,0.01344930927346771,0.1662109375,197.3935979207357,150.0,-956.5828430175782,576.3511770456847,336.2,0.0,0.8,0.2,0.0
151.0,383.40367579460144,512.0,-2.157258987426758,-91.84806060791016,-13.842915534973145,0.001953125,1.0,-822.6925659179688,395.0,231936.0,-0.00410983208566904,215.13651631673176,1.7487524072329204,0.014880002191057428,0.18548177083333334,107.54666010538737,151.0
152.0,385.2806885242462,512.0,-3.2505149841308594,-115.5497817993164,-20.605398178100586,0.00390625,2.0,-473.27008056640625,129.5,233472.0,-0.009252144210040569,612.0427419026693,1.7526841362317402,0.012823541316902266,0.1662109375,305.9945943196615,152.0
153.0,387.15321493148804,512.0,-3.67773175239563,-123.22857666015625,-27.94402313232422,0.00390625,2.0,-920.7266845703125,247.5,235008.0,-0.006637032298992078,887.4940368652344,1.7488463242848715,0.016184569501395647,0.18736979166666667,443.72288716634114,153.0
154.0,389.0255584716797,512.0,-2.994335889816284,-111.47808837890625,-16.184120178222656,0.00390625,2.0,-527.4160919189453,144.0,236544.0,-0.007387365369747083,416.1532847086589,1.7570641120274861,0.01377307654474862,0.16009114583333334,208.0516825358073,154.0
155.0,390.8949091434479,512.0,-1.927804946899414,-81.05487060546875,-12.082530975341797,0.001953125,1.0,-971.019775390625,505.0,238080.0,-0.007899722635435561,274.2704849243164,1.7644429246584574,0.01343139346766596,0.16393229166666667,137.10969823201498,155.0
156.0,392.7645511627197,512.0,-3.7906792163848877,-108.92166900634766,-12.73823070526123,0.0078125,4.0,-481.21348571777344,126.25,239616.0,-0.007868131653716167,578.5248931884765,1.7644708553949993,0.012199150561355055,0.1640625,289.23693593343097,156.0
157.0,394.67357563972473,512.0,-3.4505298137664795,-120.13619995117188,-23.70074462890625,0.00390625,2.0,-800.9644775390625,221.0,241152.0,-0.01187222683802247,644.0215352376302,1.765002695719401,0.01735691529077788,0.2060546875,321.9812479654948,157.0
158.0,396.5444428920746,512.0,-3.000157117843628,-109.77669525146484,-16.86510467529297,0.00390625,2.0,-713.1951751708984,234.5,242688.0,-0.00809720903635025,427.46343485514325,1.7688134948412577,0.014062692446168512,0.15397135416666666,213.7059341430664,158.0
159.0,398.41734552383423,512.0,-2.857463836669922,-110.24816131591797,-23.141441345214844,0.001953125,1.0,-1070.1416015625,327.0,244224.0,-0.014017331289748351,742.7529479980469,1.767473324139913,0.019723980371297026,0.194921875,371.34478861490885,159.0
160.0,400.3109848499298,512.0,-2.826327085494995,-111.16534423828125,-22.094619750976562,0.001953125,1.0,-497.918701171875,115.0,245760.0,-0.010175637264425556,557.1202555338542,1.7692140022913614,0.019278187120410923,0.2287109375,278.5322530110677,160.0,-1059.6428283691407,317.481488683497,442.2,0.0,0.6,0.4,0.0
161.0,409.1135654449463,512.0,-1.7232109308242798,-87.80504608154297,-14.155680656433105,0.0,0.0,0.0,0.0,247296.0,-0.0068818597123026844,112.31177368164063,1.7678289572397867,0.009178426180733367,0.12213541666666666,56.13132667541504,161.0
162.0,411.0118885040283,512.0,-2.4705746173858643,-107.87857055664062,-16.9658260345459,0.001953125,1.0,-1097.4005126953125,444.0,248832.0,-0.0018195665441453456,242.83033599853516,1.761555262406667,0.018833568676685293,0.2330078125,121.39573313395182,162.0
163.0,412.9005033969879,512.0,-2.3886425495147705,-108.07064056396484,-15.17428970336914,0.001953125,1.0,-709.678466796875,297.0,250368.0,-0.007039249657342831,224.78213551839193,1.7530909299850463,0.01434735272002096,0.184375,112.36649831136067,163.0
164.0,414.78009486198425,512.0,-2.392524480819702,-106.33722686767578,-13.120574951171875,0.001953125,1.0,-680.9926147460938,234.0,251904.0,-0.006687785591930151,223.16854553222657,1.7522437850634256,0.01128543727293921,0.14635416666666667,111.56006266276042,164.0
165.0,416.6441626548767,512.0,-2.466925859451294,-111.25907135009766,-16.014188766479492,0.001953125,1.0,-1042.1722412109375,413.0,253440.0,-0.0008471295547982057,283.13501892089846,1.7553829550743103,0.020930044125998394,0.2501302083333333,141.5491096496582,165.0
166.0,418.52339363098145,512.0,-2.8066322803497314,-112.1574478149414,-12.188420295715332,0.00390625,2.0,-670.7783813476562,238.0,254976.0,-0.009792208081732194,318.5958984375,1.7517687201499939,0.013669623341411353,0.1833984375,159.2706398010254,166.0
167.0,420.39275431632996,512.0,-3.2165939807891846,-111.22064208984375,-10.896695137023926,0.005859375,3.0,-548.9653523763021,170.66666666666666,256512.0,-0.0003573091079791387,400.97157897949216,1.7467703580856324,0.01799350098396341,0.22838541666666667,200.46796061197918,167.0
168.0,422.2736644744873,512.0,-3.3001365661621094,-111.0777816772461,-11.774043083190918,0.005859375,3.0,-518.08642578125,152.66666666666666,258048.0,-0.007466295144210259,533.8227823893229,1.7431415478388468,0.014559153936958561,0.1822265625,266.8864924112956,168.0
169.0,424.1401164531708,512.0,-3.281177520751953,-112.375,-11.006892204284668,0.005859375,3.0,-485.98354085286456,138.33333333333334,259584.0,-0.001563866250216961,400.7179463704427,1.7357161521911622,0.017017023370135574,0.21432291666666667,200.34005126953124,169.0
170.0,426.04553031921387,512.0,-2.8599255084991455,-108.9864730834961,-13.922743797302246,0.00390625,2.0,-668.5449981689453,231.0,261120.0,-0.00030569757024447123,402.06251729329426,1.7353571852048237,0.017692756662533306,0.21484375,201.0135986328125,170.0,-359.03009643554685,13.23620529937383,84.4,0.0,1.0,0.0,1.0
171.0,429.2663516998291,512.0,-2.630902051925659,-118.64383697509766,-17.525588989257812,0.001953125,1.0,-914.5762329101562,331.0,262656.0,-0.012677253472308319,300.5241012573242,1.7375311811765035,0.021201540844049304,0.20436197916666668,150.23199768066405,171.0
172.0,431.13168835639954,512.0,-3.6770734786987305,-111.29324340820312,-8.537239074707031,0.0078125,4.0,-409.322998046875,102.75,264192.0,-0.005391199328005314,482.99501342773436,1.7364255984624226,0.01707044627595072,0.21868489583333334,241.4747517903646,172.0
173.0,433.00816011428833,512.0,-2.745896339416504,-105.01400756835938,-12.424629211425781,0.00390625,2.0,-670.3213043212891,243.5,265728.0,-0.0012556692274908225,329.0319529215495,1.732065757115682,0.01920480144326575,0.22467447916666666,164.49740041097004,173.0
174.0,435.0848140716553,512.0,-2.649815797805786,-118.78976440429688,-18.334999084472656,0.001953125,1.0,-1308.6087646484375,492.0,267264.0,-0.005467594477037588,513.4048848470052,1.7341993649800618,0.020835503097623588,0.23483072916666667,256.6796361287435,174.0
175.0,437.8751106262207,512.0,-1.9096933603286743,-93.93831634521484,-8.276982307434082,0.001953125,1.0,-863.213623046875,469.0,268800.0,-0.005402360918621222,160.72914657592773,1.7399409572283426,0.011032183945644647,0.14108072916666667,80.34177169799804,175.0
176.0,455.8801326751709,512.0,-2.650296449661255,-114.46100616455078,-17.651533126831055,0.001953125,1.0,-407.8714294433594,106.0,270336.0,-0.009723147206629316,520.2648956298829,1.7444067478179932,0.012830035208025947,0.14986979166666667,260.1052780151367,176.0
177.0,458.13480591773987,512.0,-2.8390865325927734,-115.03418731689453,-12.317761421203613,0.00390625,2.0,-706.7296447753906,247.5,271872.0,-0.007165690278634429,311.9388448079427,1.746580688158671,0.019328210108991092,0.22981770833333334,155.94479064941407,177.0
178.0,460.46583008766174,512.0,-3.3455190658569336,-116.2833480834961,-11.228340148925781,0.005859375,3.0,-445.4274597167969,119.33333333333333,273408.0,-0.006000497859592239,448.19814453125,1.7426568309466044,0.014184154818455379,0.1779296875,224.07564646402994,178.0
179.0,462.69835782051086,512.0,-3.5017995834350586,-119.04093170166016,-13.743659973144531,0.005859375,3.0,-415.7627258300781,103.66666666666667,274944.0,-0.0066232865676283835,529.7247100830078,1.742763880888621,0.02223348820116371,0.2545572916666667,264.8383061726888,179.0
180.0,464.9397168159485,512.0,-3.379786252975464,-117.01708984375,-11.747398376464844,0.005859375,3.0,-519.1833801269531,147.0,276480.0,-0.005626002823313077,428.8465220133464,1.742905863126119,0.01250219988093401,0.16940104166666667,214.40020446777345,180.0,-407.7312866210938,21.99763678425624,105.0,0.0,1.0,0.0,0.0
181.0,468.9200677871704,512.0,-3.6540164947509766,-122.1983642578125,-16.196332931518555,0.005859375,3.0,-596.7116495768229,160.33333333333334,278016.0,-0.0036750612159570056,556.3886250813802,1.7462889830271402,0.01384570940087239,0.17447916666666666,278.17317555745444,181.0
182.0,471.15272784233093,512.0,-3.2589638233184814,-123.9727554321289,-18.525604248046875,0.00390625,2.0,-602.4480895996094,176.0,279552.0,-0.005947766794512669,513.3029764811198,1.7506965359052022,0.01445227379250961,0.1716796875,256.6280298868815,182.0
183.0,473.27733755111694,512.0,-3.3865578174591064,-126.97927856445312,-20.29305076599121,0.00390625,2.0,-537.4443817138672,147.0,281088.0,-0.005265224600831667,584.3569742838541,1.7512088100115457,0.01902154852092887,0.22630208333333332,292.15570780436195,183.0
184.0,481.85129404067993,512.0,-3.6743857860565186,-114.16552734375,-7.433156490325928,0.0078125,4.0,-442.5136413574219,117.5,282624.0,-0.006524433319767316,489.69924112955727,1.7539591232935587,0.011933633246614287,0.14954427083333333,244.825558980306,184.0
185.0,501.96150279045105,512.0,-3.3270835876464844,-116.71987915039062,-10.83483600616455,0.005859375,3.0,-554.7389322916666,165.0,284160.0,-0.004382740209499995,410.90362752278645,1.7566951553026835,0.008516646031057461,0.11438802083333334,205.42986297607422,185.0
186.0,515.9913980960846,512.0,-2.9538075923919678,-118.98822784423828,-13.12054443359375,0.00390625,2.0,-603.238525390625,191.5,285696.0,-0.007940768574674925,332.54124603271487,1.7547280430793761,0.014913982791282858,0.18600260416666667,166.24513549804686,186.0
187.0,518.2049300670624,512.0,-3.7081944942474365,-115.74202728271484,-7.546091556549072,0.0078125,4.0,-440.46504974365234,115.5,287232.0,-0.006508092458049456,507.7805531819661,1.7447224219640096,0.018783502325338,0.22526041666666666,253.86632130940754,187.0
188.0,520.4857048988342,512.0,-3.4731807708740234,-120.1292495727539,-11.842132568359375,0.005859375,3.0,-489.41748046875,124.33333333333333,288768.0,-0.009128322266042233,444.68653869628906,1.7426426887512207,0.011719049957658474,0.14654947916666666,222.31671498616535,188.0
189.0,522.7003848552704,512.0,-3.1766834259033203,-123.50626373291016,-16.743555068969727,0.00390625,2.0,-655.4856872558594,198.0,290304.0,-0.011016294298072656,410.5919250488281,1.7378594676653545,0.016966570131868745,0.21549479166666666,205.26756795247397,189.0
190.0,524.8546617031097,512.0,-3.7894909381866455,-140.9066162109375,-36.22220230102539,0.001953125,1.0,-1667.1231689453125,397.0,291840.0,-0.009426489317168793,1776.3026123046875,1.7301071524620055,0.014130108687095345,0.15045572916666666,888.124589029948,190.0,-422.5326354980469,106.5447571443005,110.8,0.0,1.0,0.0,0.0
191.0,531.1703734397888,512.0,-2.9037859439849854,-119.0168685913086,-11.917278289794922,0.00390625,2.0,-641.4737701416016,212.5,293376.0,-0.004573435181130966,301.7042185465495,1.7321542739868163,0.01556748987835211,0.19231770833333334,150.83021697998046,191.0
192.0,552.0776882171631,512.0,-3.3705718517303467,-120.18093872070312,-10.832722663879395,0.005859375,3.0,-566.1212361653646,166.66666666666666,294912.0,-0.0052218427571157616,436.0827941894531,1.7296700318654379,0.014065869492090618,0.1873046875,218.0188771565755,192.0
193.0,573.2144412994385,512.0,-2.6385438442230225,-94.6286849975586,-8.160784721374512,0.00390625,2.0,-355.8317565917969,75.5,296448.0,-0.00216235985668997,310.2214106241862,1.7256504933039347,0.013816625491017476,0.17174479166666667,155.0912877400716,193.0
194.0,594.1299097537994,512.0,-3.1094093322753906,-125.6733627319336,-14.829242706298828,0.00390625,2.0,-730.6091003417969,230.5,297984.0,3.4959428012371065e-05,401.4303019205729,1.7293951272964478,0.013160411402350292,0.16119791666666666,200.69788869222006,194.0
195.0,611.9880013465881,512.0,-2.6265974044799805,-124.45721435546875,-15.838703155517578,0.001953125,1.0,-920.2393188476562,337.0,299520.0,-0.006085945758968592,279.4161142985026,1.729024072488149,0.011269533556575577,0.15182291666666667,139.6846799214681,195.0
196.0,630.9083116054535,512.0,-3.0773189067840576,-126.27642822265625,-13.951191902160645,0.00390625,2.0,-581.2243499755859,175.5,301056.0,-0.00637037013657391,398.51646016438804,1.724944492181142,0.01328925677225925,0.16842447916666667,199.23460896809897,196.0
197.0,649.7934715747833,512.0,-2.9694221019744873,-122.7186050415039,-12.21886157989502,0.00390625,2.0,-547.4504089355469,164.5,302592.0,-0.00357534719320635,316.58270772298175,1.7239196022351584,0.022922447118132065,0.2490234375,158.2705385843913,197.0
198.0,668.3702087402344,512.0,-2.774909734725952,-112.2459716796875,-10.51204776763916,0.00390625,2.0,-579.6222991943359,198.0,304128.0,-0.003408302351211508,274.5334294637044,1.7271052122116088,0.014241945499088615,0.182421875,137.24603424072265,198.0
199.0,687.2656979560852,512.0,-3.2779719829559326,-117.26888275146484,-8.58234691619873,0.005859375,3.0,-485.0966796875,136.66666666666666,305664.0,-0.008328822689751785,422.00579121907555,1.7296043157577514,0.013905307704893252,0.16223958333333333,210.9772699991862,199.0
200.0,706.1094796657562,512.0,-2.398082733154297,-111.21622467041016,-12.8361177444458,0.001953125,1.0,-450.2933044433594,119.0,307200.0,-0.005202020487437646,216.14190877278645,1.731196649869283,0.02103949206454369,0.226953125,108.04844029744466,200.0,-449.01862182617185,69.71821522675229,111.4,0.0,1.0,0.0,0.0
201.0,743.3840525150299,512.0,-3.463552236557007,-116.7441635131836,-20.617782592773438,0.00390625,2.0,-422.75518798828125,115.0,308736.0,-0.010091448699434598,928.1794677734375,1.7274033824602764,0.014571472818109518,0.1630859375,464.06236775716144,201.0
202.0,762.2333483695984,512.0,-2.84014892578125,-82.25753021240234,-8.023188591003418,0.005859375,3.0,-480.0064697265625,168.66666666666666,310272.0,-0.010513621522113681,444.3436513264974,1.7310288071632385,0.01371503392001614,0.16484375,222.14400482177734,202.0
203.0,781.0660107135773,512.0,-3.69256591796875,-128.03675842285156,-14.224862098693848,0.005859375,3.0,-544.1129252115885,132.66666666666666,311808.0,-0.00511579563220342,629.8378377278646,1.735799507300059,0.021220656449440867,0.2455078125,314.89644114176434,203.0
204.0,799.9689567089081,512.0,-4.072880268096924,-134.67115783691406,-20.9097957611084,0.005859375,3.0,-626.6929016113281,141.66666666666666,313344.0,-0.011983740997190276,1235.24091796875,1.7388292789459228,0.020665625865027928,0.23880208333333333,617.5910909016927,204.0
205.0,818.7983467578888,512.0,-3.847691297531128,-130.66200256347656,-18.04352569580078,0.005859375,3.0,-652.7819315592448,169.0,314880.0,-0.007906067728375396,1167.4546712239583,1.7441699107487996,0.014886881756441046,0.18229166666666666,583.7019826253255,205.0
206.0,837.7234997749329,512.0,-2.892141342163086,-113.61477661132812,-11.755738258361816,0.00390625,2.0,-544.6725921630859,174.5,316416.0,-0.007193706091493368,285.5769739786784,1.7435075561205546,0.01380635478029338,0.17584635416666666,142.76385955810548,206.0
207.0,856.7091455459595,512.0,-3.367455244064331,-123.5018539428711,-8.81447982788086,0.005859375,3.0,-476.7701009114583,131.0,317952.0,-0.004475353596111138,420.2717753092448,1.738609000047048,0.009445147701383879,0.11516927083333334,210.11402333577473,207.0
208.0,875.4570388793945,512.0,-3.8473050594329834,-131.22288513183594,-17.04094123840332,0.005859375,3.0,-608.3875528971354,152.33333333333334,319488.0,-0.012148764225033422,843.2701924641927,1.7365516463915507,0.015742347098421306,0.19029947916666667,421.6055857340495,208.0
209.0,893.5434703826904,512.0,-3.2239131927490234,-119.24137115478516,-16.3217830657959,0.00390625,2.0,-530.0655059814453,162.0,321024.0,-0.005875828427573045,619.8968424479167,1.737449093659719,0.02261991621538376,0.2482421875,309.9251749674479,209.0
210.0,912.0850765705109,512.0,-3.5348339080810547,-128.0681610107422,-19.96754264831543,0.00390625,2.0,-650.3263549804688,159.0,322560.0,-0.00358818929331998,766.5793884277343,1.7416805942853293,0.026184196162891263,0.2669270833333333,383.26868489583336,210.0,-864.8472229003906,395.5297698799924,191.2,0.0,1.0,0.0,0.0
211.0,960.8962876796722,512.0,-2.9702014923095703,-120.43912506103516,-12.205527305603027,0.00390625,2.0,-635.2056884765625,202.0,324096.0,-0.0046106674087544285,335.2470326741537,1.7467177033424377,0.014663034035280968,0.1876953125,167.6014383951823,211.0
212.0,979.7372975349426,512.0,-3.840735673904419,-139.09878540039062,-26.49281120300293,0.00390625,2.0,-898.1069641113281,222.5,325632.0,-0.01133352544469138,1366.4572591145834,1.7474972327550253,0.022563344395409028,0.2353515625,683.1998372395833,212.0
213.0,998.6364748477936,512.0,-3.7316322326660156,-135.22341918945312,-24.985586166381836,0.00390625,2.0,-890.8457336425781,232.0,327168.0,-0.0036095003597438335,1080.3006795247395,1.745931871732076,0.028995895449770614,0.27109375,540.1292775472006,213.0
214.0,1017.3457870483398,512.0,-3.26216721534729,-119.26346588134766,-14.575053215026855,0.00390625,2.0,-592.303466796875,147.0,328704.0,-0.009044341463595628,478.3200927734375,1.740339251359304,0.014756710761381934,0.17454427083333332,239.13359781901042,214.0
215.0,1036.4866576194763,512.0,-4.734049320220947,-167.81385803222656,-60.040679931640625,0.0,0.0,0.0,0.0,330240.0,-0.0061942746862769125,3511.0089599609373,1.7385741392771403,0.01576652248816875,0.19576822916666667,1755.4809488932292,215.0
216.0,1055.6147680282593,512.0,-3.36864972114563,-133.7843017578125,-17.17144775390625,0.00390625,2.0,-714.3994140625,199.5,331776.0,-0.007872435419509808,484.0952921549479,1.740056029955546,0.012726238354419668,0.16015625,242.02237650553386,216.0
217.0,1074.9273188114166,512.0,-2.98901629447937,-116.0477523803711,-13.911483764648438,0.00390625,2.0,-696.8166198730469,231.5,333312.0,-0.0006965307208398978,398.76819966634116,1.7396660884221395,0.02230984063547415,0.25904947916666665,199.36600672403972,217.0
218.0,1094.2353537082672,512.0,-2.8144471645355225,-142.5733184814453,-26.849401473999023,0.0,0.0,0.0,0.0,334848.0,-0.0028868726377064982,378.8165537516276,1.7434083898862203,0.013069181008419643,0.1716796875,189.38795572916666,218.0
219.0,1113.411491394043,512.0,-3.524834632873535,-132.8396453857422,-9.575207710266113,0.005859375,3.0,-518.4299519856771,141.0,336384.0,-0.003459920547902584,533.6926890055339,1.7459089001019796,0.013321309282522028,0.17552083333333332,266.82542928059894,219.0
220.0,1132.1397337913513,512.0,-3.5941667556762695,-134.69818115234375,-10.757708549499512,0.005859375,3.0,-554.4465942382812,149.66666666666666,337920.0,0.0007838832990576823,533.5935434977214,1.7455547134081522,0.013071855130450179,0.17740885416666666,266.7801045735677,220.0,-460.5509521484375,8.245809578044636,122.4,0.0,1.0,0.0,0.0
221.0,1170.2098791599274,512.0,-3.6536102294921875,-135.9983367919922,-11.16369915008545,0.005859375,3.0,-519.5896708170573,134.0,339456.0,0.0007983646200348933,555.1722300211588,1.7432421803474427,0.014812006450180585,0.19537760416666666,277.5694839477539,221.0
222.0,1188.881875038147,512.0,-3.072798490524292,-114.86883544921875,-16.03219985961914,0.00390625,2.0,-774.8023071289062,251.0,340992.0,-0.0024734659198050696,363.21662953694664,1.744137712319692,0.010067121985290821,0.1365234375,181.5883992513021,222.0
223.0,1207.8429658412933,512.0,-3.6390864849090576,-136.4461669921875,-10.956413269042969,0.005859375,3.0,-533.8698323567709,140.0,342528.0,-0.006502768428375324,526.5440663655598,1.7422116994857788,0.008620316808810457,0.11842447916666667,263.2481094360352,223.0
224.0,1226.7971296310425,512.0,-3.637434720993042,-137.16273498535156,-11.055301666259766,0.005859375,3.0,-593.517578125,160.33333333333334,344064.0,-0.0053539149152735865,517.2956726074219,1.7372707406679788,0.012161970695403094,0.16223958333333333,258.62511189778644,224.0
225.0,1245.4401686191559,512.0,-3.1967952251434326,-127.55448150634766,-15.218852996826172,0.00390625,2.0,-694.9772033691406,211.5,345600.0,-0.0010080726041148105,386.08116455078124,1.735683790842692,0.01563928173466896,0.19270833333333334,193.0222162882487,225.0
226.0,1264.1664581298828,512.0,-3.848581314086914,-142.60211181640625,-13.981781005859375,0.005859375,3.0,-641.1710205078125,164.33333333333334,347136.0,-0.0009000468533486127,590.8383056640625,1.7304423411687215,0.011898557533277199,0.14498697916666667,295.4009465535482,226.0
227.0,1282.9874184131622,512.0,-3.7759997844696045,-140.9325714111328,-12.105402946472168,0.005859375,3.0,-547.2262980143229,137.33333333333334,348672.0,-0.0031947515594462554,569.0005157470703,1.727626351515452,0.012273217786181097,0.16126302083333333,284.4797887166341,227.0
228.0,1301.8992240428925,512.0,-3.686554193496704,-137.09031677246094,-11.695953369140625,0.005859375,3.0,-604.1317138671875,161.33333333333334,350208.0,-0.0029029947705566882,491.447026570638,1.7313414295514424,0.013055488604974623,0.16901041666666666,245.7032943725586,228.0
229.0,1320.8161256313324,512.0,-3.793360710144043,-140.71177673339844,-12.561664581298828,0.005859375,3.0,-584.3279622395834,149.0,351744.0,-0.0015833415711919467,541.2621409098307,1.7337473511695862,0.011192119243787602,0.1484375,270.61215057373045,229.0
230.0,1339.1412196159363,512.0,-3.6929047107696533,-138.4477996826172,-11.066998481750488,0.005859375,3.0,-563.4444376627604,147.66666666666666,353280.0,-0.001554218214005232,505.16265767415365,1.7372102657953898,0.012881865030309806,0.1595703125,252.56240234375,230.0,-486.9753479003906,3.4449349956368565,124.8,0.0,1.0,0.0,0.0
231.0,1377.3877439498901,512.0,-3.8276894092559814,-143.6686553955078,-12.38800048828125,0.005859375,3.0,-561.8294881184896,138.0,354816.0,-0.004170041314015786,565.8005238850911,1.7453192472457886,0.012167118666305517,0.1560546875,282.8786392211914,231.0
232.0,1395.798345565796,512.0,-3.7150447368621826,-141.1199493408203,-11.536880493164062,0.005859375,3.0,-628.3284708658854,168.33333333333334,356352.0,-0.00367564649010698,512.6686564127605,1.7595046281814575,0.00875662556112123,0.11510416666666666,256.3130579630534,232.0
233.0,1414.3270308971405,512.0,-3.5771913528442383,-137.99583435058594,-9.362117767333984,0.005859375,3.0,-600.0985310872396,166.33333333333334,357888.0,-0.002220958083247145,471.49480590820315,1.765482501188914,0.011046607955358922,0.1546875,235.72752838134767,233.0
234.0,1432.8792634010315,512.0,-3.2679665088653564,-139.46490478515625,-12.656643867492676,0.00390625,2.0,-629.2799682617188,181.0,359424.0,-0.00588093027472496,362.1354237874349,1.7657939791679382,0.008770009304862469,0.11809895833333334,181.04417088826497,234.0
235.0,1451.4155893325806,512.0,-3.3472282886505127,-141.8538818359375,-13.293795585632324,0.00390625,2.0,-629.0428161621094,175.5,360960.0,-0.007119503927727541,370.9640380859375,1.7697568774223327,0.011370435896484803,0.14557291666666666,185.4572016398112,235.0
236.0,1469.917313337326,512.0,-3.482069730758667,-149.7692413330078,-15.282562255859375,0.00390625,2.0,-655.8150329589844,174.0,362496.0,-0.0010396850062534212,453.41803181966145,1.777091387907664,0.013584070726453016,0.18697916666666667,226.6902053833008,236.0
237.0,1488.703461408615,512.0,-3.402376413345337,-144.48602294921875,-14.272915840148926,0.00390625,2.0,-665.2562866210938,181.5,364032.0,-0.00994817993293206,396.61147155761716,1.774360462029775,0.015030815384428327,0.1908203125,198.27804209391277,237.0
238.0,1507.5941908359528,512.0,-3.6094932556152344,-140.15382385253906,-8.92006778717041,0.005859375,3.0,-568.066904703776,153.66666666666666,365568.0,-0.0027689191047102213,480.0453603108724,1.7731968720753988,0.008197771854853878,0.10787760416666667,240.00218048095704,238.0
239.0,1526.3990681171417,512.0,-3.4168379306793213,-147.16062927246094,-13.24981689453125,0.00390625,2.0,-620.2242126464844,164.5,367104.0,-0.0010506391835709413,426.60692545572914,1.7722798466682435,0.013211681717075407,0.16848958333333333,213.2846878051758,239.0
240.0,1545.3381969928741,512.0,-3.3636856079101562,-144.24517822265625,-14.939445495605469,0.00390625,2.0,-766.0328063964844,220.5,368640.0,-0.0024646204585830373,355.777663675944,1.7779720266660055,0.01409212673509804,0.1767578125,177.86858851114908,240.0,-613.4838623046875,39.39122630930292,176.2,0.0,1.0,0.0,0.0
241.0,1592.7922353744507,512.0,-2.9956772327423096,-150.01524353027344,-16.6424503326416,0.001953125,1.0,-844.03759765625,252.0,370176.0,-0.00458433690170447,262.12705891927084,1.783573846022288,0.012474982875088851,0.15774739583333333,131.04111022949218,241.0
242.0,1611.431824207306,512.0,-3.1079275608062744,-159.17686462402344,-18.11869239807129,0.001953125,1.0,-636.7908325195312,166.0,371712.0,-0.0032484133262187243,379.63072408040364,1.7867705623308818,0.010928714393715684,0.1302734375,189.79424540201822,242.0
243.0,1630.1615455150604,512.0,-3.179083824157715,-145.3740234375,-11.233257293701172,0.00390625,2.0,-800.6614685058594,250.5,373248.0,-0.003285399203499158,322.7795430501302,1.7862533450126648,0.014043899157938237,0.1791015625,161.3686210632324,243.0
244.0,1648.8372859954834,512.0,-2.2314062118530273,-86.79183197021484,-16.033174514770508,0.001953125,1.0,-1134.9560546875,509.0,374784.0,0.0020556818693876267,422.7177012125651,1.7866641998291015,0.01416766422917135,0.1818359375,211.3430384318034,244.0
245.0,1667.798626422882,512.0,-3.14642071723938,-145.396484375,-10.259231567382812,0.00390625,2.0,-714.4562835693359,215.5,376320.0,-0.006522406668712695,376.88767395019534,1.7860649744669597,0.012717476807301864,0.16751302083333333,188.4194529215495,245.0
246.0,1686.6930243968964,512.0,-3.088080644607544,-150.99073791503906,-7.771322727203369,0.00390625,2.0,-654.5252838134766,198.5,377856.0,-0.0049121726925174395,406.93158264160155,1.781400942802429,0.012469294719630852,0.16575520833333332,203.4430658976237,246.0
247.0,1705.6072845458984,512.0,-2.7699806690216064,-136.7462615966797,-4.603917598724365,0.00390625,2.0,-621.9039611816406,218.0,379392.0,-0.0010727588397761187,255.0731280008952,1.779697581132253,0.012222160548359777,0.15091145833333333,127.51769638061523,247.0
248.0,1724.124808549881,512.0,-3.4684460163116455,-151.38417053222656,-15.531819343566895,0.00390625,2.0,-862.5433654785156,245.0,380928.0,-0.001443379046395421,506.07237345377604,1.7798083384831747,0.020600430477255335,0.23470052083333334,253.0169443766276,248.0
249.0,1742.7038588523865,512.0,-3.0130367279052734,-144.6111297607422,-7.638596057891846,0.00390625,2.0,-639.0166778564453,204.5,382464.0,-0.0031139714643359183,354.09239908854164,1.783781111240387,0.023974482575431465,0.2581380208333333,177.02525075276694,249.0
250.0,1761.5448434352875,512.0,-2.9587860107421875,-154.77513122558594,-14.736844062805176,0.001953125,1.0,-860.5827026367188,267.0,384000.0,-0.006234005109096567,256.8654754638672,1.7830976764361064,0.015141112429167455,0.21061197916666666,128.4086715698242,250.0,-543.1065856933594,104.41580406174668,157.6,0.0,1.0,0.0,0.0
251.0,1805.5379662513733,512.0,-3.2611258029937744,-148.8052978515625,-11.607982635498047,0.00390625,2.0,-766.8077087402344,228.5,385536.0,-0.007735503402849038,312.89857228597003,1.7744818051656088,0.012722491034461806,0.1509765625,156.42380549112957,251.0
252.0,1824.130470752716,512.0,-3.3799068927764893,-144.03610229492188,-3.284153699874878,0.005859375,3.0,-532.4407755533854,152.0,387072.0,-0.007257516123354435,507.8432322184245,1.766513427098592,0.008242191554745659,0.10579427083333333,253.89669138590494,252.0
253.0,1842.8099513053894,512.0,-2.950878858566284,-157.1450653076172,-15.141255378723145,0.001953125,1.0,-658.045166015625,210.0,388608.0,-0.008105455245822669,343.79790649414065,1.7665895024935405,0.01863362150421987,0.2318359375,171.87318267822266,253.0
254.0,1861.4151372909546,512.0,-2.454360246658325,-153.6686553955078,-16.23245620727539,0.0,0.0,0.0,0.0,390144.0,-0.0068669391175111135,279.29127146402993,1.7758878628412882,0.02056617077905685,0.21380208333333334,139.62101160685222,254.0
255.0,1879.934166431427,512.0,-2.8960564136505127,-151.70948791503906,-4.097443580627441,0.00390625,2.0,-738.8598937988281,255.0,391680.0,-0.004137001559138298,411.6624430338542,1.7874183972676596,0.010539048849993075,0.134375,205.80921223958333,255.0
256.0,1898.5095117092133,512.0,-2.1063716411590576,-135.11000061035156,-0.5785987377166748,0.001953125,1.0,-557.7378540039062,232.0,393216.0,-0.0048814813296000166,111.33186823527018,1.7919190565745036,0.009742405510041862,0.12311197916666666,55.643134435017906,256.0
257.0,1917.5217094421387,512.0,-2.9857616424560547,-149.45567321777344,-6.06995964050293,0.00390625,2.0,-669.5234069824219,209.5,394752.0,-0.012701447680592537,535.7443572998047,1.7927212278048197,0.01733567524740162,0.20859375,267.84155120849607,257.0
258.0,1936.4007873535156,512.0,-2.84264874458313,-147.39093017578125,-3.645697832107544,0.00390625,2.0,-652.9338073730469,221.5,396288.0,-0.007018631137907505,309.2997701009115,1.791142741839091,0.012913799963037794,0.17877604166666666,154.62495498657228,258.0
259.0,1955.077709197998,512.0,-2.6050479412078857,-140.37733459472656,-0.5316821932792664,0.00390625,2.0,-613.0207061767578,229.5,397824.0,-0.0069403798164178925,300.58985646565753,1.7883891185124716,0.01278192068178517,0.1587890625,150.27010396321614,259.0
260.0,1974.0169241428375,512.0,-1.8597784042358398,-136.03904724121094,3.5574207305908203,0.001953125,1.0,-518.9326782226562,194.0,399360.0,-0.010112325598796209,236.60125885009765,1.7983623067537944,0.011051489383680746,0.14375,118.27253392537435,260.0,-491.927783203125,154.69161403520675,243.0,0.0,0.8,0.2,0.0
261.0,2032.1934173107147,512.0,-2.4216299057006836,-140.739990234375,3.472930908203125,0.00390625,2.0,-479.4819641113281,191.0,400896.0,-0.0048468811127046745,355.97236684163414,1.8047478119532268,0.017639284637213374,0.19069010416666668,177.96328989664713,261.0
262.0,2051.30371427536,512.0,-3.1256091594696045,-143.68174743652344,1.8032326698303223,0.005859375,3.0,-495.4051920572917,151.33333333333334,402432.0,-0.0006450281788905461,626.5293782552084,1.8066089669863383,0.02137566224167434,0.235546875,313.24597829182943,262.0
263.0,2070.540225505829,512.0,-2.3839805126190186,-125.24308013916016,0.8974593281745911,0.00390625,2.0,-569.6335754394531,236.5,403968.0,-0.005563305784016847,240.69766337076823,1.8107881546020508,0.012803917634300888,0.1630859375,120.32515970865886,263.0
264.0,2089.552660703659,512.0,-3.2467753887176514,-147.63011169433594,0.3709045946598053,0.005859375,3.0,-519.5366516113281,153.33333333333334,405504.0,-0.005139339637632172,662.7310546875,1.8154071688652038,0.01406453712261282,0.17109375,331.3422342936198,264.0
265.0,2108.399705171585,512.0,-2.0704357624053955,-121.0887222290039,-4.813687801361084,0.001953125,1.0,-690.7244262695312,295.0,407040.0,-0.006105918344110251,152.3380386352539,1.816515326499939,0.014685586690514658,0.17877604166666666,76.14474817911784,265.0
266.0,2127.277496576309,512.0,-2.02779483795166,-122.17757415771484,-1.1726611852645874,0.001953125,1.0,-689.4231567382812,274.0,408576.0,-0.00491159592444698,116.8150629679362,1.8148079673449198,0.015287858063432698,0.18977864583333334,58.38447189331055,266.0
267.0,2145.938642501831,512.0,-2.9424374103546143,-149.64657592773438,-4.933220386505127,0.00390625,2.0,-653.7805938720703,207.0,410112.0,-0.006282271631062031,313.80737559000653,1.8111138224601746,0.014738295027442897,0.18561197916666666,156.87929458618163,267.0
268.0,2164.911337852478,512.0,-2.9169254302978516,-150.87754821777344,-4.291602611541748,0.00390625,2.0,-694.1326293945312,230.5,411648.0,-0.008786258287727833,354.3756154378255,1.807926321029663,0.012555217610982557,0.16217447916666666,177.16094207763672,268.0
269.0,2183.988499403,512.0,-2.2340710163116455,-130.8712921142578,-3.7105064392089844,0.001953125,1.0,-455.3140869140625,210.0,413184.0,-0.0018222862544159093,233.47595621744793,1.8086482167243958,0.014175258008375142,0.18131510416666666,116.71806945800782,269.0
270.0,2202.839649915695,512.0,-2.834745168685913,-126.96134185791016,8.221096992492676,0.005859375,3.0,-391.21751912434894,117.66666666666667,414720.0,-0.00934899648030599,475.0399525960286,1.8063685218493144,0.016937663161661475,0.17200520833333333,237.49256083170573,270.0,-376.76239624023435,80.9009901185165,137.0,0.0,1.0,0.0,0.0
271.0,2243.4834957122803,512.0,-2.7766361236572266,-129.07847595214844,5.929508209228516,0.005859375,3.0,-459.52492268880206,164.0,416256.0,-0.009431646787561476,458.19276021321616,1.8063501358032226,0.012374349499198918,0.15305989583333332,229.06888275146486,271.0
272.0,2262.1411039829254,512.0,-2.1955854892730713,-121.99813079833984,6.608196258544922,0.00390625,2.0,-398.34765625,143.5,417792.0,-0.00900376330440243,398.8832265218099,1.807794996102651,0.016602508867314705,0.18932291666666667,199.41453196207684,272.0
273.0,2280.925060749054,512.0,-2.9363768100738525,-124.6985855102539,3.679913282394409,0.005859375,3.0,-426.3935546875,139.33333333333334,419328.0,-0.009480905098219713,531.2056711832682,1.808335785071055,0.014965952313893164,0.18489583333333334,265.57527313232424,273.0
274.0,2299.8439462184906,512.0,-4.361277103424072,-139.7357940673828,12.654692649841309,0.01171875,6.0,-359.69482421875,79.5,420864.0,-0.007900480382765333,1324.3536580403645,1.8104361216227214,0.012239749807243546,0.15052083333333333,662.1508056640625,274.0
275.0,2318.601307153702,512.0,-3.224558115005493,-134.14820861816406,12.20460033416748,0.0078125,4.0,-368.3372344970703,99.0,422400.0,-0.010690724174492062,749.3805297851562,1.808837095896403,0.01675766145150798,0.19524739583333334,374.66148478190104,275.0
276.0,2337.0557146072388,512.0,-3.1906440258026123,-121.645751953125,7.781838893890381,0.0078125,4.0,-400.62804412841797,124.5,423936.0,-0.009464301851888497,516.8206919352214,1.808646269639333,0.012195318601637457,0.15501302083333332,258.38279520670574,276.0
277.0,2355.7040700912476,512.0,-2.5920450687408447,-131.69020080566406,-1.410933494567871,0.00390625,2.0,-600.5481872558594,223.5,425472.0,-0.0055158411152660845,410.9448496500651,1.8135449608167014,0.012314429770534237,0.14752604166666666,205.448774210612,277.0
278.0,2374.3701586723328,512.0,-3.7927606105804443,-133.13417053222656,10.444158554077148,0.009765625,5.0,-384.2572387695312,100.6,427008.0,-0.008846908885364732,688.3889424641927,1.814837098121643,0.013373436926243206,0.17037760416666667,344.16746724446614,278.0
279.0,2393.344537258148,512.0,-2.8390121459960938,-122.48785400390625,-5.312554359436035,0.00390625,2.0,-464.02748107910156,165.0,428544.0,-0.008602874726057053,456.3526997884115,1.8149856607119241,0.019762515814121192,0.216015625,228.14959665934245,279.0
280.0,2412.228294610977,512.0,-3.184338331222534,-137.35723876953125,0.4111731946468353,0.005859375,3.0,-493.3118489583333,147.0,430080.0,-0.008853311526278655,427.82501322428385,1.817993668715159,0.012619830893042187,0.15904947916666667,213.8854736328125,280.0,-707.120556640625,387.7203708034393,243.0,0.0,0.8,0.2,0.0
281.0,2469.9415390491486,512.0,-3.2471773624420166,-142.49136352539062,-12.040542602539062,0.00390625,2.0,-776.3269958496094,230.0,431616.0,-0.009088856742406885,578.0752176920573,1.8208721121152243,0.01705045184547392,0.2091796875,289.01030782063805,281.0
282.0,2488.9354281425476,512.0,-2.924577474594116,-131.0018768310547,-8.508176803588867,0.00390625,2.0,-745.2088623046875,254.5,433152.0,-0.0077301243630548315,369.4981740315755,1.8204078952471414,0.016362796269822864,0.19459635416666668,184.72315216064453,282.0
283.0,2508.056305885315,512.0,-3.3572146892547607,-136.1679229736328,-4.029905319213867,0.005859375,3.0,-568.989023844401,169.0,434688.0,-0.00756246354430914,494.48204345703124,1.8145089944203694,0.014399682206567377,0.16861979166666666,247.21531321207684,283.0
284.0,2527.0442712306976,512.0,-2.8289783000946045,-127.8974838256836,-6.782042980194092,0.00390625,2.0,-669.4228820800781,230.0,436224.0,-0.008980944255987803,265.4523401896159,1.8077966213226317,0.010876752498249213,0.14095052083333334,132.69911092122396,284.0
285.0,2545.9965829849243,512.0,-3.4703128337860107,-144.2898712158203,-3.8857181072235107,0.005859375,3.0,-551.1591084798177,152.0,437760.0,-0.010353494109585882,457.7641845703125,1.8047363917032877,0.013123033358715475,0.16920572916666668,228.85369211832682,285.0
286.0,2564.7549855709076,512.0,-2.773228883743286,-130.7427978515625,-0.7605207562446594,0.00390625,2.0,-510.4858856201172,159.0,439296.0,-0.006820765836164355,238.64277038574218,1.8062111099561056,0.013412096163180346,0.17526041666666667,119.29649988810222,286.0
287.0,2583.4599611759186,512.0,-2.949286699295044,-137.9965057373047,-4.6909356117248535,0.00390625,2.0,-655.3200378417969,210.5,440832.0,-0.003388592166205247,323.7196736653646,1.8025161703427632,0.00842781049432233,0.1107421875,161.8384231567383,287.0
288.0,2602.0123958587646,512.0,-3.0281620025634766,-139.0843505859375,-6.241089344024658,0.00390625,2.0,-642.17724609375,203.0,442368.0,-0.0030834827727327743,304.7572947184245,1.794937539100647,0.009448150593865041,0.12278645833333333,152.35761337280275,288.0
289.0,2620.8831737041473,512.0,-2.8860607147216797,-136.05760192871094,-5.654775619506836,0.00390625,2.0,-672.6439208984375,228.5,443904.0,-0.0018264981297155221,289.3973785400391,1.7918947696685792,0.018175842349107067,0.1953125,144.67894236246744,289.0
290.0,2639.4993801116943,512.0,-2.704402208328247,-136.20535278320312,0.12107690423727036,0.00390625,2.0,-530.0703125,174.0,445440.0,-0.007382478068272273,292.21944732666014,1.7936944127082826,0.01706004788672241,0.21907552083333334,146.08440653483072,290.0,-700.0531982421875,362.6755376233834,260.6,0.0,0.8,0.2,0.0
291.0,2700.3521881103516,512.0,-2.650764226913452,-135.84861755371094,0.7059586644172668,0.00390625,2.0,-484.9167938232422,163.5,446976.0,-0.006936655969669422,300.7768305460612,1.7890315334002176,0.008317938528489322,0.10677083333333333,150.36358896891275,291.0
292.0,2719.1848061084747,512.0,-2.9119834899902344,-136.8191680908203,-6.584829807281494,0.00390625,2.0,-708.3884887695312,238.0,448512.0,-0.005136935117964943,324.53614552815753,1.7824195901552835,0.012217181862797587,0.15559895833333334,162.24511210123697,292.0
293.0,2738.028475046158,512.0,-3.399632692337036,-142.92196655273438,-12.165568351745605,0.00390625,2.0,-589.8751983642578,143.5,450048.0,-0.009489142351473372,830.6853068033854,1.7907118995984395,0.011037731120207657,0.1361328125,415.3152567545573,293.0
294.0,2756.663820028305,512.0,-3.140254259109497,-117.27837371826172,-3.036288022994995,0.005859375,3.0,-509.3337910970052,157.66666666666666,451584.0,-0.007388460077345371,662.4222127278646,1.7980638861656189,0.015226972576541205,0.171875,331.1857411702474,294.0
295.0,2775.4300520420074,512.0,-2.5162954330444336,-119.96450805664062,-2.154496908187866,0.00390625,2.0,-640.5641479492188,254.5,453120.0,-0.008023718899736802,326.35533548990884,1.795602305730184,0.013202650726695235,0.15983072916666666,163.1516866048177,295.0
296.0,2794.1382174491882,512.0,-3.312943696975708,-144.1042938232422,-0.5910578370094299,0.005859375,3.0,-551.6079813639323,164.33333333333334,454656.0,-0.007886715745553375,412.37879435221356,1.799625245730082,0.009427020291332156,0.12454427083333333,206.16351572672525,296.0
297.0,2812.46178150177,512.0,-2.980283737182617,-138.19737243652344,4.621792793273926,0.005859375,3.0,-482.8267517089844,158.33333333333334,456192.0,-0.008422985921303432,461.11512044270836,1.8085448424021402,0.009280656899015109,0.12669270833333332,230.5310480753581,297.0
298.0,2830.998099088669,512.0,-2.413877248764038,-123.0560073852539,-6.877932071685791,0.001953125,1.0,-679.8219604492188,220.0,457728.0,-0.006247959192842245,202.41132481892905,1.8100178678830465,0.01768457081440526,0.224609375,101.1813133239746,298.0
299.0,2849.6094822883606,512.0,-2.612225294113159,-117.10611724853516,-4.769218921661377,0.00390625,2.0,-665.1184997558594,254.5,459264.0,-0.00645575529585282,325.9811665852865,1.8115562558174134,0.013240338305089002,0.1681640625,162.96600901285808,299.0
300.0,2868.1152720451355,512.0,-2.0407707691192627,-101.61412811279297,-2.8432414531707764,0.001953125,1.0,-591.3655395507812,286.0,460800.0,-0.006391379050910473,200.35004959106445,1.8079074541727702,0.011687414447078482,0.1556640625,100.15055414835612,300.0,-628.2373596191406,91.14221806959829,252.4,0.0,1.0,0.0,0.0
301.0,2927.2232027053833,512.0,-2.4937801361083984,-105.57363891601562,-3.840712308883667,0.00390625,2.0,-563.5858612060547,221.5,462336.0,-0.007208553670595089,432.7207092285156,1.8114854415257773,0.009061086527071893,0.1228515625,216.33503061930338,301.0
302.0,2946.021213054657,512.0,-3.2005093097686768,-139.53103637695312,0.5415868759155273,0.005859375,3.0,-522.4769083658854,159.33333333333334,463872.0,-0.007057683169841766,609.7429840087891,1.8200076460838317,0.01385833256257077,0.17897135416666668,304.84623565673826,302.0
303.0,2964.6565005779266,512.0,-2.5974011421203613,-133.12147521972656,2.6609878540039062,0.00390625,2.0,-518.5675048828125,158.0,465408.0,-0.009804141179968914,302.5712025960286,1.8242987791697185,0.010346431935128445,0.129296875,151.25755310058594,303.0
304.0,2983.432238817215,512.0,-3.3864943981170654,-147.76797485351562,-13.582794189453125,0.00390625,2.0,-815.540283203125,233.0,466944.0,-0.013455414104585846,820.9848002115885,1.8279354015986125,0.02062378030192728,0.1908203125,410.4606658935547,304.0
305.0,3002.331815958023,512.0,-3.39992356300354,-146.41038513183594,-1.5888344049453735,0.005859375,3.0,-542.2216186523438,154.66666666666666,468480.0,-0.011726639109353225,468.92270914713544,1.8329827666282654,0.014915705287906651,0.17766927083333334,234.4312957763672,305.0
306.0,3021.143343925476,512.0,-3.12029767036438,-141.16470336914062,-4.5097975730896,0.00390625,2.0,-508.2857666015625,147.0,470016.0,-0.007310939238717159,550.4648427327473,1.8268934925397238,0.014602183668951814,0.18352864583333334,275.2068445841471,306.0
307.0,3039.8478124141693,512.0,-2.690991163253784,-143.3057403564453,2.1908016204833984,0.00390625,2.0,-518.6448974609375,171.0,471552.0,-0.0050250671493510405,323.87078348795575,1.824422784646352,0.011990545034253348,0.15501302083333332,161.91212209065756,307.0
308.0,3058.4715802669525,512.0,-2.6259517669677734,-119.3731689453125,-1.5155616998672485,0.00390625,2.0,-554.246826171875,195.5,473088.0,-0.009103713665778439,219.62258733113606,1.8241172750790915,0.017793240087727705,0.20579427083333332,109.78394730885823,308.0
309.0,3077.117318868637,512.0,-2.7771501541137695,-113.6815185546875,6.158281326293945,0.005859375,3.0,-417.63097127278644,137.0,474624.0,-0.008799837063997984,489.0450103759766,1.8216066479682922,0.014463982581704234,0.17434895833333333,244.49548746744793,309.0
310.0,3095.803781270981,512.0,-3.474268674850464,-131.44171142578125,8.033014297485352,0.0078125,4.0,-383.5897216796875,105.5,476160.0,-0.010420649157216152,699.2774810791016,1.8236831466356913,0.015203619833725195,0.1759765625,349.6100830078125,310.0,-513.2375,65.70746590883068,158.0,0.0,1.0,0.0,0.0
311.0,3139.7650570869446,512.0,-2.5668928623199463,-113.05126953125,-2.9230098724365234,0.00390625,2.0,-531.5257873535156,197.5,477696.0,-0.00964057920500636,323.0561040242513,1.828857135772705,0.014147880520128334,0.17890625,161.50012346903483,311.0
312.0,3158.153554916382,512.0,-2.869600296020508,-126.52054595947266,6.7014031410217285,0.005859375,3.0,-433.2218322753906,140.66666666666666,479232.0,-0.00861155753955245,469.46572062174477,1.8364162961641948,0.018332297405383238,0.2107421875,234.7058873494466,312.0
313.0,3176.8907759189606,512.0,-2.0914716720581055,-113.47943115234375,7.079906463623047,0.00390625,2.0,-444.47642517089844,199.0,480768.0,-0.013289697235450149,351.2164306640625,1.8312876661618551,0.015784748597070575,0.188671875,175.576611328125,313.0
314.0,3195.5728986263275,512.0,-3.098515748977661,-118.32403564453125,9.876099586486816,0.0078125,4.0,-396.6100387573242,128.0,482304.0,-0.00020949053578078747,569.1061767578125,1.8228859424591064,0.022350946670242896,0.27096354166666664,284.5346522013346,314.0
315.0,3214.372423887253,512.0,-2.884302854537964,-119.4129638671875,2.612420082092285,0.005859375,3.0,-474.6089782714844,162.33333333333334,483840.0,-0.00713024257371823,394.48974660237633,1.8232939879099528,0.01822391922469251,0.21705729166666668,197.21951141357422,315.0
316.0,3233.0819692611694,512.0,-2.9311845302581787,-115.32657623291016,1.8367112874984741,0.005859375,3.0,-462.61378987630206,151.0,485376.0,-0.004052848213662704,347.46985880533856,1.8263917406400045,0.01094885184041535,0.14427083333333332,173.7126136779785,316.0
317.0,3251.786251783371,512.0,-3.4245049953460693,-123.43366241455078,5.549003601074219,0.0078125,4.0,-372.2361068725586,103.0,486912.0,-0.010524787148460746,555.9763631184895,1.8242889364560446,0.015354430574613312,0.1955078125,277.95941772460935,317.0
318.0,3270.4235541820526,512.0,-3.593992233276367,-123.53298950195312,2.4835550785064697,0.0078125,4.0,-403.63348388671875,106.5,488448.0,-0.009955751399199167,498.7765848795573,1.824303646882375,0.01615292430506088,0.18938802083333334,249.36009267171224,318.0
319.0,3288.915259361267,512.0,-3.348520040512085,-118.05596923828125,4.38461971282959,0.0078125,4.0,-417.9358901977539,123.0,489984.0,-0.010507750324904919,428.7147486368815,1.8290418148040772,0.015388542908476665,0.18802083333333333,214.3285764058431,319.0
320.0,3307.373836994171,512.0,-3.2421274185180664,-117.48033905029297,7.312126636505127,0.0078125,4.0,-389.0237045288086,114.75,491520.0,-0.01324417139403522,453.70045369466146,1.8296720345815023,0.01757258017702649,0.22180989583333333,226.81868387858074,320.0,-353.13807373046876,59.63396010810012,98.8,0.0,1.0,0.0,1.0
321.0,3341.446436882019,512.0,-2.9008285999298096,-118.34935760498047,3.8804752826690674,0.005859375,3.0,-388.59002685546875,129.0,493056.0,-0.008601296630998453,475.81201171875,1.8319554090499879,0.024807173151445264,0.24720052083333333,237.87908782958985,321.0
322.0,3360.126764535904,512.0,-3.1823930740356445,-114.91777801513672,7.294156551361084,0.0078125,4.0,-389.65743255615234,119.25,494592.0,-0.006110438688968618,432.4685312906901,1.8334421992301941,0.014646920684026555,0.181640625,216.2098185221354,322.0
323.0,3378.681332588196,512.0,-2.8024089336395264,-103.62628173828125,0.4067014157772064,0.005859375,3.0,-459.5021158854167,161.66666666666666,496128.0,0.002692699090888103,283.79815673828125,1.8379825830459595,0.027401898129998395,0.2940755208333333,141.88339093526204,323.0
324.0,3397.1855549812317,512.0,-2.380913734436035,-127.1933364868164,3.7024176120758057,0.00390625,2.0,-515.4102630615234,196.5,497664.0,-0.006553419710447391,273.8583211263021,1.8466980616251627,0.018292480243447547,0.19498697916666666,136.90414021809895,324.0
325.0,3415.975388288498,512.0,-2.9242875576019287,-117.84308624267578,12.54638671875,0.0078125,4.0,-373.6270446777344,127.75,499200.0,-0.008631145829955738,542.1083709716797,1.85560835202535,0.015697171224746852,0.19524739583333334,271.0270009358724,325.0
326.0,3434.7207186222076,512.0,-2.783140182495117,-101.38192749023438,-0.1290310174226761,0.005859375,3.0,-461.40941365559894,164.33333333333334,500736.0,-0.005000406100104253,419.8201171875,1.8589908560117085,0.013485380782124896,0.17298177083333333,209.88646926879883,326.0
327.0,3453.424779891968,512.0,-3.1801669597625732,-112.58377075195312,-2.0626864433288574,0.005859375,3.0,-436.67612711588544,121.66666666666667,502272.0,-0.00785874443439146,321.97020416259767,1.8676111141840617,0.012776428028397882,0.1451171875,160.95856806437175,327.0
328.0,3472.4770698547363,512.0,-3.4492595195770264,-114.7238998413086,1.844496250152588,0.0078125,4.0,-416.9497528076172,115.5,503808.0,-0.004243989878644546,486.5868367513021,1.8706147034962972,0.012710509274620562,0.1607421875,243.27046813964844,328.0
329.0,3491.709375858307,512.0,-3.2546441555023193,-113.16641998291016,-6.9281768798828125,0.005859375,3.0,-531.948740641276,159.33333333333334,505344.0,-0.005476587840045492,411.15501302083334,1.870489494005839,0.01438693626744983,0.1837890625,205.55332260131837,329.0
330.0,3510.935013771057,512.0,-4.083489894866943,-118.26092529296875,0.5765988230705261,0.009765625,5.0,-409.61235961914065,98.4,506880.0,-0.007747530688842138,672.8653025309245,1.8731149037679036,0.012864959381598358,0.16145833333333334,336.406174214681,330.0,-548.1995666503906,145.5771825091247,142.4,0.0,1.0,0.0,0.0
331.0,3552.1394901275635,512.0,-3.794843912124634,-117.7663345336914,-5.556844711303711,0.0078125,4.0,-480.60499572753906,125.75,508416.0,-0.006795521701375643,469.1896189371745,1.8777958432833353,0.017987271728149304,0.2138671875,234.5692367553711,331.0
332.0,3570.8305220603943,512.0,-3.8798553943634033,-119.89752197265625,-6.872567653656006,0.0078125,4.0,-492.1519241333008,126.0,509952.0,-0.005888064112514258,489.796213277181,1.8815213600794474,0.010635144822299481,0.13763020833333334,244.8734031677246,332.0
333.0,3589.7042620182037,512.0,-3.6351144313812256,-119.7593994140625,-0.7832677960395813,0.0078125,4.0,-438.1158447265625,115.5,511488.0,-0.0026134579442441464,378.1404581705729,1.884489150842031,0.014116824185475708,0.17838541666666666,189.04876950581868,333.0
334.0,3608.447140455246,512.0,-3.8428897857666016,-122.2925033569336,-5.000241756439209,0.0078125,4.0,-473.47351837158203,119.0,513024.0,-0.007885751097152631,466.27198893229166,1.8842568000157673,0.013318983205438902,0.16875,233.10926513671876,334.0
335.0,3627.0987164974213,512.0,-3.668694257736206,-116.51324462890625,-3.6091158390045166,0.0078125,4.0,-466.70362091064453,126.75,514560.0,-0.005917072032267849,359.88648478190106,1.8793744444847107,0.013000319946634894,0.15930989583333333,179.91853154500325,335.0
336.0,3645.855869293213,512.0,-3.454296112060547,-119.76032257080078,4.0650315284729,0.0078125,4.0,-391.98413848876953,101.5,516096.0,-0.003520722221583128,494.8606028238932,1.876132563749949,0.01856404501013458,0.2359375,247.40801696777345,336.0
337.0,3664.4347760677338,512.0,-3.6946513652801514,-119.28296661376953,-3.248135566711426,0.0078125,4.0,-463.0945510864258,123.5,517632.0,-0.0034230088194211325,366.88352559407554,1.8764102339744568,0.013352337650333841,0.17200520833333333,183.41957168579103,337.0
338.0,3683.080240011215,512.0,-3.609376907348633,-124.7374038696289,-10.022236824035645,0.005859375,3.0,-485.35915120442706,124.0,519168.0,-0.007833008980378508,436.95473327636716,1.87522581020991,0.014015567391955605,0.18268229166666666,218.4507817586263,338.0
339.0,3701.768209218979,512.0,-3.5603599548339844,-120.2363510131836,0.366695761680603,0.0078125,4.0,-434.92791748046875,118.25,520704.0,-0.005078436325614651,332.29429931640624,1.874355967839559,0.017311707965563982,0.1876953125,166.1233289082845,339.0
340.0,3720.6172778606415,512.0,-3.7953193187713623,-122.54105377197266,-4.685401916503906,0.0078125,4.0,-477.67435455322266,124.25,522240.0,-0.011910423481216034,502.00511881510414,1.876477555433909,0.012283766327891498,0.15149739583333333,250.97188364664714,340.0,-463.2142272949219,95.00962906982899,120.6,0.0,1.0,0.0,0.0
341.0,3758.4765651226044,512.0,-3.4784867763519287,-120.08380126953125,3.10595440864563,0.0078125,4.0,-400.3482208251953,107.5,523776.0,-0.005237324566890796,454.53244832356773,1.879249640305837,0.015032728844865536,0.16334635416666668,227.2421885172526,341.0
342.0,3776.903726577759,512.0,-3.2479820251464844,-116.50213623046875,5.542333126068115,0.0078125,4.0,-387.63468170166016,114.0,525312.0,-0.006537760452677806,412.3584477742513,1.880683215459188,0.02348413033372102,0.24661458333333333,206.15387929280598,342.0
343.0,3795.190330028534,512.0,-2.898676633834839,-111.87566375732422,0.4692605435848236,0.005859375,3.0,-433.01270548502606,145.33333333333334,526848.0,-0.0002343304455280304,392.8179423014323,1.888311223189036,0.014692724148820465,0.17994791666666668,196.38985188802084,343.0
344.0,3813.7036974430084,512.0,-3.025923490524292,-118.73628997802734,-0.6130647659301758,0.005859375,3.0,-470.0448913574219,147.33333333333334,528384.0,-0.0030342213343828917,287.6944788614909,1.8930240114529928,0.024130075962360328,0.28509114583333334,143.82527389526368,344.0
345.0,3832.297126054764,512.0,-3.4528934955596924,-115.97905731201172,0.7428191304206848,0.0078125,4.0,-438.5001983642578,126.5,529920.0,0.0017093290109187365,334.7649551391602,1.893914286295573,0.028001134522492067,0.27545572916666666,167.36524861653646,345.0
346.0,3850.8331422805786,512.0,-3.4750049114227295,-121.181884765625,4.267354965209961,0.0078125,4.0,-395.07735443115234,103.75,531456.0,0.00012437053956091405,353.1785598754883,1.8982672254244486,0.01835863620120411,0.24420572916666666,176.57042185465494,346.0
347.0,3869.4587004184723,512.0,-3.461817502975464,-121.7906494140625,-5.9556884765625,0.005859375,3.0,-483.5791727701823,125.66666666666667,532992.0,-0.0096671004469196,427.9163564046224,1.8991454203923543,0.014346006968601917,0.13821614583333333,213.92951685587565,347.0
348.0,3888.1504464149475,512.0,-3.4471518993377686,-121.58490753173828,-6.994977951049805,0.005859375,3.0,-524.1628723144531,143.0,534528.0,-0.0022126357381542523,351.38975880940757,1.8956180930137634,0.015906949092944465,0.159765625,175.67371037801107,348.0
349.0,3906.7807030677795,512.0,-3.535850763320923,-132.5008087158203,-18.316017150878906,0.00390625,2.0,-648.3963012695312,169.0,536064.0,-0.0031637751497328283,526.2422292073568,1.8967273871103922,0.015006005965794126,0.17018229166666668,263.0989832560221,349.0
350.0,3925.3825170993805,512.0,-3.7660131454467773,-130.91249084472656,-12.647515296936035,0.005859375,3.0,-598.2757873535156,151.0,537600.0,-0.008113877506305774,531.7736155192057,1.8938398003578185,0.011308419846075897,0.12864583333333332,265.85975545247396,350.0,-601.3427795410156,105.7594716635059,150.4,0.0,1.0,0.0,0.0
351.0,3967.9007914066315,512.0,-3.962252378463745,-127.28070831298828,-6.875253200531006,0.0078125,4.0,-506.54586029052734,127.75,539136.0,0.00527756471807758,499.4401550292969,1.8924145976702371,0.020594927152463544,0.21106770833333333,249.70643259684246,351.0
352.0,3986.7598814964294,512.0,-3.4850451946258545,-126.40145111083984,-8.372309684753418,0.005859375,3.0,-561.5409749348959,154.66666666666666,540672.0,-0.0023154156748205422,392.8477528889974,1.8950398047765096,0.015637531356575588,0.20670572916666666,196.4026123046875,352.0
353.0,4005.5255835056305,512.0,-3.765141725540161,-127.46380615234375,-2.1202471256256104,0.0078125,4.0,-463.8521499633789,119.5,542208.0,-0.0034215507718424,413.08054606119794,1.899374790986379,0.011296319276637708,0.15149739583333333,206.51785736083986,353.0
354.0,4024.2762484550476,512.0,-3.7059452533721924,-131.67152404785156,-10.00442886352539,0.005859375,3.0,-552.8403015136719,141.0,543744.0,-0.006873024192949136,443.66424357096355,1.9012997984886169,0.012403894596112271,0.14225260416666666,221.80623779296874,354.0
355.0,4042.991596698761,512.0,-3.6040642261505127,-130.0871124267578,-8.123826026916504,0.005859375,3.0,-455.0602213541667,113.66666666666667,545280.0,-0.008523303860177597,439.8917729695638,1.8987390716870627,0.01469340775705253,0.18203125,219.91837692260742,355.0
356.0,4061.5460600852966,512.0,-3.657156229019165,-126.4035415649414,-0.002346436260268092,0.0078125,4.0,-447.12278747558594,118.25,546816.0,-0.00893802394469579,369.45431162516275,1.901979649066925,0.014911906423124795,0.17037760416666667,184.6991989135742,356.0
357.0,4080.364763021469,512.0,-3.4092769622802734,-124.376708984375,-5.122801303863525,0.005859375,3.0,-504.74517822265625,138.66666666666666,548352.0,-0.009431521904965242,336.2249588012695,1.9042559146881104,0.014143743959721178,0.18444010416666667,168.08400395711263,357.0
358.0,4099.368714094162,512.0,-3.6850624084472656,-132.1836700439453,2.1506149768829346,0.0078125,4.0,-427.15611267089844,106.25,549888.0,-0.01186916527027885,586.4256368001302,1.9057586232821146,0.012673748639645054,0.16263020833333333,293.18189442952473,358.0
359.0,4118.239622592926,512.0,-3.6773834228515625,-123.99651336669922,-1.4337396621704102,0.0078125,4.0,-461.5168914794922,123.75,551424.0,-0.007037125000109275,356.07235666910805,1.9098061203956604,0.011474715850393597,0.1322265625,178.0100435892741,359.0
360.0,4136.982338666916,512.0,-3.7125418186187744,-125.95137786865234,-1.4501309394836426,0.0078125,4.0,-460.56573486328125,121.25,552960.0,-0.006532158764700095,374.3541417439779,1.9086032549540202,0.015763880324084312,0.18639322916666667,187.1514512379964,360.0,-471.27769775390624,122.71387078956789,121.2,0.0,1.0,0.0,0.0
361.0,4175.369023323059,512.0,-3.5282413959503174,-128.30006408691406,-6.704068660736084,0.005859375,3.0,-502.5066223144531,140.0,554496.0,-0.006679238937795162,368.1127182006836,1.9077778697013854,0.01170667654951103,0.1580078125,184.03060124715168,361.0
362.0,4194.413719415665,512.0,-3.6631839275360107,-129.0410919189453,1.8023967742919922,0.0078125,4.0,-409.23865509033203,101.75,556032.0,-0.007521274002889792,465.7743693033854,1.9067109505335489,0.01452988619178844,0.1818359375,232.8605951944987,362.0
363.0,4213.0899267196655,512.0,-3.616664171218872,-123.6582260131836,-0.4846080243587494,0.0078125,4.0,-460.0608673095703,126.75,557568.0,-0.002482871354247133,357.4614446004232,1.9118048628171285,0.014827693141220758,0.198828125,178.7091209411621,363.0
364.0,4231.985238075256,512.0,-3.4573862552642822,-122.79088592529297,3.675246000289917,0.0078125,4.0,-406.6339683532715,109.75,559104.0,-0.007465663086622954,624.254096476237,1.9159573713938396,0.015933265211060643,0.19127604166666667,312.10041961669924,364.0
365.0,4250.592308044434,512.0,-3.8369128704071045,-123.98627471923828,6.3285064697265625,0.009765625,5.0,-392.3922149658203,102.2,560640.0,-0.002603357130040725,627.2061218261719,1.9135069131851197,0.011227046221029014,0.154296875,313.5813237508138,365.0
366.0,4269.152587175369,512.0,-3.410747528076172,-120.58243560791016,-8.697922706604004,0.005859375,3.0,-573.9204813639323,167.0,562176.0,-0.0016827351103226344,381.5389653523763,1.9090826312700908,0.012232974509242923,0.15983072916666666,190.74870910644532,366.0
367.0,4287.80743932724,512.0,-3.429581880569458,-128.33718872070312,-4.817762851715088,0.005859375,3.0,-482.7871805826823,133.33333333333334,563712.0,-0.005486405411890397,387.927273050944,1.9065176963806152,0.018846544173235693,0.2013671875,193.9390853881836,367.0
368.0,4306.50110244751,512.0,-3.8663594722747803,-127.82987213134766,-4.229220867156982,0.0078125,4.0,-485.80306243896484,123.75,565248.0,-0.005177890229970217,459.86536966959636,1.9084219813346863,0.011997156272021433,0.155078125,229.9084259033203,368.0
369.0,4325.383829832077,512.0,-3.4512999057769775,-128.7711639404297,-16.67223358154297,0.00390625,2.0,-675.3146820068359,185.5,566784.0,-0.008643368538469077,512.8926737467448,1.9065826336542766,0.01100285432379072,0.125390625,256.4186284383138,369.0
370.0,4344.091711759567,512.0,-3.7456467151641846,-128.3574676513672,-1.4408135414123535,0.0078125,4.0,-472.9190979003906,125.0,568320.0,-0.004850045560548703,420.9162857055664,1.9033156752586364,0.011341538623673842,0.14075520833333333,210.43426233927408,370.0,-551.1254943847656,128.39215744467378,156.0,0.0,1.0,0.0,0.0
371.0,4388.183812856674,512.0,-3.7369823455810547,-125.3182373046875,-2.0863449573516846,0.0078125,4.0,-475.4804916381836,126.75,569856.0,-0.0024823689522842566,479.786582438151,1.9050119797388712,0.010503536773224671,0.12858072916666666,239.87176005045572,371.0
372.0,4407.1395835876465,512.0,-3.6708405017852783,-129.79046630859375,1.4477462768554688,0.0078125,4.0,-436.77339935302734,113.25,571392.0,-0.006368429400026798,377.352604675293,1.9088124831517537,0.013506541038320089,0.17376302083333334,188.65084584554037,372.0
373.0,4426.362732172012,512.0,-3.689014434814453,-130.30523681640625,0.693960964679718,0.0078125,4.0,-455.9621353149414,120.25,572928.0,-0.006653275061398745,417.2666717529297,1.9074810783068339,0.013039066033282627,0.16940104166666667,208.60760955810548,373.0
374.0,4445.385617017746,512.0,-2.722895383834839,-118.0711898803711,-15.022407531738281,0.001953125,1.0,-420.7220458984375,107.0,574464.0,-0.008445846041043599,286.1753682454427,1.9054282824198405,0.015563053195364773,0.1947265625,143.06018346150717,374.0
375.0,4464.7010707855225,512.0,-3.7114248275756836,-129.66683959960938,3.024219512939453,0.0078125,4.0,-411.33553314208984,103.0,576000.0,-0.007899994977439444,381.3025319417318,1.9008395989735922,0.014758603629888966,0.18033854166666666,190.62435913085938,375.0
376.0,4483.683591842651,512.0,-3.760828971862793,-131.7111358642578,0.8978927731513977,0.0078125,4.0,-441.2300796508789,111.0,577536.0,-0.0045643400400877,374.648524983724,1.8964325269063314,0.011157981669142222,0.1462890625,187.30073420206705,376.0
377.0,4502.480321884155,512.0,-4.168270587921143,-132.3659210205078,3.543233871459961,0.009765625,5.0,-419.1072265625,98.8,579072.0,-0.00744164427742362,516.4839436848958,1.8919657429059347,0.013248658523662016,0.16998697916666666,258.2156117757161,377.0
378.0,4521.293896436691,512.0,-3.415637254714966,-125.98226165771484,-3.775336265563965,0.005859375,3.0,-491.1596984863281,134.66666666666666,580608.0,-0.004851853071401516,322.1048533121745,1.888089410463969,0.012268976034829394,0.1333984375,161.02869389851887,378.0
379.0,4540.31667637825,512.0,-3.665379524230957,-131.67051696777344,1.677548885345459,0.0078125,4.0,-451.8671340942383,120.0,582144.0,-0.009472219149271648,463.86956278483075,1.8837563872337342,0.013606331918466216,0.16770833333333332,231.9064702351888,379.0
380.0,4559.551261425018,512.0,-3.2062156200408936,-114.69009399414062,-17.175975799560547,0.00390625,2.0,-808.7081298828125,250.5,583680.0,-0.00665893101443847,506.93385009765626,1.87916712363561,0.010908394019740324,0.14713541666666666,253.44147694905598,380.0,-535.865869140625,200.24879697214908,169.4,0.0,1.0,0.0,0.0
381.0,4605.999831199646,512.0,-3.5617587566375732,-128.51844787597656,3.2815158367156982,0.0078125,4.0,-430.3024673461914,115.5,585216.0,-0.00496958801522851,377.48057759602864,1.876663895448049,0.014827761412986244,0.1896484375,188.7165506998698,381.0
382.0,4624.734500408173,512.0,-2.733713150024414,-109.7337417602539,-8.124114036560059,0.00390625,2.0,-660.9293670654297,237.0,586752.0,-0.009324646399666866,445.4223378499349,1.881062376499176,0.01705553535139188,0.20852864583333333,222.6830301920573,382.0
383.0,4643.649364709854,512.0,-3.043627977371216,-116.71770477294922,-9.762405395507812,0.00390625,2.0,-396.5546569824219,101.0,588288.0,-0.006005490229775508,387.66714630126955,1.882847833633423,0.01454279645695351,0.17877604166666666,193.8087417602539,383.0
384.0,4662.400456666946,512.0,-3.094683885574341,-116.47188568115234,-9.826991081237793,0.00390625,2.0,-365.4556427001953,81.5,589824.0,-0.007206247188150883,454.29828491210935,1.8870041330655416,0.011169366953739275,0.14303385416666667,227.1230662027995,384.0
385.0,4681.234483242035,512.0,-3.7024481296539307,-130.43792724609375,1.4990639686584473,0.0078125,4.0,-440.6817626953125,114.0,591360.0,-0.006664160173386335,410.7755076090495,1.8872034271558127,0.014911688092009474,0.1919921875,205.36221669514973,385.0
386.0,4700.159450769424,512.0,-3.1826674938201904,-127.43692779541016,0.58259516954422,0.005859375,3.0,-439.8096516927083,125.66666666666667,592896.0,-0.004520676440248886,303.96150258382164,1.8807051698366801,0.012890080139428998,0.16067708333333333,151.95742212931316,386.0
387.0,4718.946910858154,512.0,-2.9290239810943604,-125.29010009765625,3.384707450866699,0.005859375,3.0,-457.4343566894531,148.0,594432.0,-0.004514975597461065,277.57769343058266,1.8753680427869162,0.011181406535130615,0.14290364583333334,138.7655792236328,387.0
388.0,4737.609321594238,512.0,-3.4546585083007812,-125.24280548095703,6.949971675872803,0.0078125,4.0,-389.44915771484375,105.0,595968.0,-0.004098506070052584,382.562294514974,1.8750261068344116,0.02532710847638858,0.28756510416666664,191.25829900105794,388.0
389.0,4756.186779022217,512.0,-3.2875442504882812,-122.10518646240234,8.462206840515137,0.0078125,4.0,-383.1566390991211,109.25,597504.0,0.0014649354542295137,377.2075861612956,1.879974643389384,0.021350951818749308,0.23385416666666667,188.5864575703939,389.0
390.0,4774.715729236603,512.0,-3.3202641010284424,-120.38967895507812,-3.277629852294922,0.005859375,3.0,-474.2912190755208,127.0,599040.0,-0.0042413787295420965,381.0320241292318,1.8836633642514546,0.0128382164267047,0.1673828125,190.49293365478516,390.0,-494.778515625,29.023866736462256,144.2,0.0,1.0,0.0,0.0
391.0,4816.8393907547,512.0,-3.1619346141815186,-125.0436782836914,-2.3397626876831055,0.005859375,3.0,-530.9193827311198,166.66666666666666,600576.0,-0.008226628694683314,470.74859619140625,1.8840554038683572,0.016425198844323554,0.19635416666666666,235.34723052978515,391.0
392.0,4835.561413526535,512.0,-3.5611095428466797,-123.43441009521484,3.9935455322265625,0.0078125,4.0,-413.433349609375,107.25,602112.0,-0.0044641570808986826,370.5766133626302,1.888589894771576,0.015206743736052885,0.19342447916666666,185.26495539347331,392.0
393.0,4854.4822742938995,512.0,-3.358081817626953,-122.45125579833984,6.050220966339111,0.0078125,4.0,-396.96717834472656,111.75,603648.0,-0.006531903489182393,423.8167663574219,1.9042797962824503,0.01862561496673152,0.20891927083333334,211.8828104654948,393.0
394.0,4873.394740581512,512.0,-2.9869911670684814,-113.27340698242188,-1.1069165468215942,0.005859375,3.0,-489.78369140625,161.0,605184.0,-0.005548563149447242,371.2396504720052,1.9170863231023152,0.0112393480395743,0.14231770833333332,185.59510854085286,394.0
395.0,4892.284317016602,512.0,-2.9783055782318115,-119.64115142822266,3.6397438049316406,0.005859375,3.0,-438.4609069824219,134.66666666666666,606720.0,-0.006990818368891875,318.3605290730794,1.9294012943903605,0.015330549030719946,0.1716796875,159.15397974650065,395.0
396.0,4911.298705101013,512.0,-3.0294601917266846,-118.0093994140625,2.578608989715576,0.005859375,3.0,-396.00550333658856,119.0,608256.0,-0.00514627235631148,322.39058787027994,1.9434833526611328,0.013085216900799423,0.159765625,161.17071253458658,396.0
397.0,4930.311052322388,512.0,-3.2548110485076904,-117.415283203125,6.301412105560303,0.0078125,4.0,-392.13452911376953,115.25,609792.0,-0.005628377726922432,366.483891805013,1.949904731909434,0.013547394267516211,0.15989583333333332,183.21682001749676,397.0
398.0,4949.267324209213,512.0,-2.8423736095428467,-115.4010009765625,2.9629735946655273,0.005859375,3.0,-442.5509948730469,148.33333333333334,611328.0,-0.003525567396233479,330.5666564941406,1.9529242595036824,0.01357497705030255,0.17272135416666667,165.26027552286783,398.0
399.0,4968.000440835953,512.0,-2.823396682739258,-114.91539764404297,3.1247718334198,0.005859375,3.0,-439.01222737630206,146.33333333333334,612864.0,-0.004900872241705656,274.86398162841795,1.957050335407257,0.01707576571886117,0.2103515625,137.40751940409342,399.0
400.0,4986.67911362648,512.0,-2.8510210514068604,-111.5447769165039,3.967559814453125,0.005859375,3.0,-414.50560506184894,132.33333333333334,614400.0,-0.00842084214091301,341.8045445760091,1.9603079835573831,0.020736229489557445,0.2349609375,170.87424748738607,400.0,-341.61480712890625,10.36659480393547,99.0,0.0,1.0,0.0,1.0
401.0,5021.834576845169,512.0,-2.6565821170806885,-109.6717758178711,7.7744364738464355,0.005859375,3.0,-381.64697265625,132.66666666666666,615936.0,-0.005175902539243301,288.8862688700358,1.9623444239298502,0.015585052190969388,0.20787760416666667,144.41833470662434,401.0
402.0,5040.5208830833435,512.0,-3.0546696186065674,-110.89910888671875,-0.09091933816671371,0.005859375,3.0,-443.7329508463542,134.0,617472.0,-0.009317801628882686,326.5088516235352,1.9669713139533997,0.010616317862877622,0.12369791666666667,163.22544072469074,402.0
403.0,5059.374372243881,512.0,-3.3884048461914062,-114.26580810546875,3.651970624923706,0.0078125,4.0,-397.48453521728516,109.25,619008.0,-0.006537274084985256,350.6174057006836,1.9667952378590903,0.01472905602810594,0.17063802083333332,175.28249740600586,403.0
404.0,5078.364983558655,512.0,-3.582547426223755,-110.9261474609375,8.825077056884766,0.009765625,5.0,-358.32855834960935,98.4,620544.0,-0.0062470132485032085,483.90256958007814,1.9635133345921834,0.014676276978570968,0.18776041666666668,241.92540486653647,404.0
405.0,5097.091082811356,512.0,-3.9515278339385986,-114.0274887084961,2.098658800125122,0.009765625,5.0,-396.3634033203125,98.6,622080.0,-0.006846288529535134,426.6748601277669,1.9573959469795228,0.011784319117820512,0.15462239583333334,213.3110112508138,405.0
406.0,5115.9305691719055,512.0,-3.871246099472046,-112.02472686767578,3.2600173950195312,0.009765625,5.0,-385.1148742675781,97.0,623616.0,-0.005395047863324483,397.95051930745444,1.958100680510203,0.016000065356881046,0.21477864583333334,198.950284576416,406.0
407.0,5134.744085073471,512.0,-3.527873992919922,-113.05558013916016,-0.10116583108901978,0.0078125,4.0,-419.34776306152344,113.75,625152.0,-0.00867662428257366,328.7536153157552,1.9624870459238688,0.026465196957966935,0.2205078125,164.34850514729817,407.0
408.0,5153.5415325164795,512.0,-3.5000216960906982,-115.06564331054688,0.9630458354949951,0.0078125,4.0,-415.77667236328125,111.75,626688.0,-0.003315874592711528,351.7279774983724,1.9669847726821899,0.01775292291228349,0.215234375,175.84100494384765,408.0
409.0,5172.541765451431,512.0,-3.287982225418091,-112.6405029296875,3.3894197940826416,0.0078125,4.0,-401.4384078979492,118.25,628224.0,-0.00973278194045027,397.12795104980466,1.969367833932241,0.013524801196763293,0.1701171875,198.53454869588217,409.0
410.0,5191.491308450699,512.0,-3.211233377456665,-109.6916275024414,5.093595027923584,0.0078125,4.0,-382.65929412841797,113.25,629760.0,-0.0034783180492619675,323.3932830810547,1.973406970500946,0.022904792715174458,0.2326171875,161.67342936197917,410.0,-343.3323974609375,21.792291947990634,104.6,0.0,1.0,0.0,0.0
411.0,5226.504860639572,512.0,-2.6952409744262695,-105.30059814453125,5.576168060302734,0.005859375,3.0,-382.60265096028644,129.33333333333334,631296.0,-0.0008625445887446403,285.9557075500488,1.9771459499994914,0.010104910602482657,0.13430989583333333,142.95721956888835,411.0
412.0,5245.351935625076,512.0,-3.347196340560913,-112.2317123413086,13.31763744354248,0.009765625,5.0,-335.9027099609375,99.2,632832.0,-0.008294837859769663,724.8181355794271,1.9759461919466654,0.013090706261573359,0.16536458333333334,362.381010945638,412.0
413.0,5264.235181093216,512.0,-2.9430980682373047,-107.6868667602539,8.659557342529297,0.0078125,4.0,-371.7590026855469,125.75,634368.0,-0.007735323533415795,454.38152567545575,1.971785306930542,0.015566694806329906,0.19173177083333334,227.1633087158203,413.0
414.0,5282.931413650513,512.0,-2.93778920173645,-110.32901763916016,10.188253402709961,0.0078125,4.0,-350.4755859375,114.5,635904.0,-0.0029334399538735547,407.92449951171875,1.9643336415290833,0.0137023998851267,0.17337239583333333,203.9396728515625,414.0
415.0,5301.664772033691,512.0,-2.6174068450927734,-104.80014038085938,5.0216803550720215,0.005859375,3.0,-389.04217529296875,137.66666666666666,637440.0,-0.00510620524485906,262.18992970784507,1.9602011879285177,0.01389914263272658,0.17786458333333333,131.07025680541992,415.0
416.0,5320.583109378815,512.0,-2.9462997913360596,-101.817138671875,7.525182247161865,0.0078125,4.0,-358.6550750732422,118.75,638976.0,-0.004090382593373457,345.6326466878255,1.956914524237315,0.01655480198484535,0.213671875,172.79266510009765,416.0
417.0,5339.522611618042,512.0,-2.675729513168335,-106.43209075927734,5.071926116943359,0.005859375,3.0,-385.06854248046875,132.66666666666666,640512.0,-0.009391265859206518,331.3358322143555,1.9542294263839721,0.014681416846966992,0.18157552083333334,165.63898213704428,417.0
418.0,5358.521511316299,512.0,-2.487360715866089,-102.1702651977539,6.517833709716797,0.005859375,3.0,-378.19188435872394,144.66666666666666,642048.0,0.0008592904545366764,262.33787638346354,1.9493971705436706,0.025003876762154202,0.28932291666666665,131.15030403137206,418.0
419.0,5377.368603467941,512.0,-2.987168550491333,-102.53900146484375,6.807011127471924,0.0078125,4.0,-356.3497085571289,113.75,643584.0,-0.0089537614180396,360.56588389078775,1.9515890916188559,0.010794223852766056,0.13776041666666666,180.25447158813478,419.0
420.0,5396.207753419876,512.0,-2.9627692699432373,-99.1142349243164,6.129612445831299,0.0078125,4.0,-366.23841857910156,121.75,645120.0,-0.005309748789295554,329.69703420003253,1.9573693513870238,0.010958292436165114,0.14505208333333333,164.82363560994466,420.0,-337.2913024902344,57.08290917692319,106.8,0.0,1.0,0.0,1.0
421.0,5432.441003322601,512.0,-3.013359785079956,-101.63980865478516,5.141069412231445,0.0078125,4.0,-381.8026428222656,126.25,646656.0,-0.010712110049401721,499.7672495524088,1.96366898616155,0.013595417479518802,0.139453125,249.8532750447591,421.0
422.0,5451.160842180252,512.0,-3.102719306945801,-102.99083709716797,3.9557621479034424,0.0078125,4.0,-376.0065383911133,117.0,648192.0,-0.005664424660305182,325.84920094807944,1.9697564403216044,0.0329242452144778,0.3125,162.89923909505208,422.0
423.0,5469.908621549606,512.0,-2.974069833755493,-99.44829559326172,5.767454624176025,0.0078125,4.0,-365.86983489990234,120.75,649728.0,-0.010012395276377598,412.15187072753906,1.9731603542963663,0.012589963040469835,0.15221354166666667,206.04619242350262,423.0
424.0,5488.709508895874,512.0,-2.5197904109954834,-101.6255874633789,4.254299640655518,0.005859375,3.0,-400.6998596191406,155.33333333333334,651264.0,-0.004085934162139893,248.79589284261067,1.9766931414604187,0.015981090841038773,0.2041015625,124.37409222920736,424.0
425.0,5507.535183191299,512.0,-1.9373525381088257,-112.40957641601562,-2.7473297119140625,0.001953125,1.0,-814.0914916992188,417.0,652800.0,-0.009539726935327054,262.58447011311847,1.9751971284548442,0.016103522178794568,0.178515625,131.26294275919597,425.0
426.0,5526.4580154418945,512.0,-2.448699951171875,-111.4095687866211,-3.2106635570526123,0.00390625,2.0,-583.8619232177734,233.5,654336.0,-0.006971922175337871,266.03485717773435,1.981345812479655,0.010434719856129959,0.137890625,132.9906428019206,426.0
427.0,5545.349488019943,512.0,-1.8894976377487183,-102.69241333007812,7.553189754486084,0.00390625,2.0,-358.5183563232422,114.5,655872.0,-0.005467068419481317,285.29110565185545,1.9829255580902099,0.012117662445719664,0.1470703125,142.62025553385416,427.0
428.0,5563.989926815033,512.0,-2.1093966960906982,-112.19564056396484,3.3425028324127197,0.00390625,2.0,-517.8302764892578,245.5,657408.0,-0.0024674823973327873,271.6980356852213,1.9827296415964761,0.016403036727569997,0.2015625,135.82672424316405,428.0
429.0,5582.747066020966,512.0,-2.570258855819702,-115.6490707397461,-4.39500617980957,0.00390625,2.0,-594.3395233154297,222.0,658944.0,-0.004093219774464766,276.51540323893227,1.981273066997528,0.016783754841890187,0.17350260416666666,138.2337964375814,429.0
430.0,5601.521890640259,512.0,-2.2323808670043945,-110.98626708984375,2.328001022338867,0.00390625,2.0,-464.0216064453125,193.0,660480.0,-0.00507489200681448,214.50620040893554,1.9751047531763712,0.016251016633274655,0.19615885416666667,107.22827529907227,430.0,-352.0049682617188,40.295776367083036,156.2,0.0,1.0,0.0,0.0
431.0,5645.576570749283,512.0,-2.8172998428344727,-105.85225677490234,-0.7630144953727722,0.005859375,3.0,-456.4004313151042,158.33333333333334,662016.0,-0.011415722500532865,334.1910873413086,1.9743858178456624,0.02219916247607519,0.19270833333333334,167.06438395182292,431.0
432.0,5664.501178741455,512.0,-2.2536792755126953,-115.0378646850586,2.2825329303741455,0.00390625,2.0,-486.1069641113281,196.0,663552.0,-0.0043201244125763575,220.81224009195964,1.977304208278656,0.011027383596713965,0.13470052083333334,110.38202705383301,432.0
433.0,5683.301501750946,512.0,-2.5308644771575928,-103.09976959228516,4.694515228271484,0.005859375,3.0,-398.5608317057292,152.66666666666666,665088.0,-0.007385208643972874,263.6521748860677,1.979365074634552,0.01791476960449169,0.21569010416666667,131.798908106486,433.0
434.0,5701.928739786148,512.0,-2.1211273670196533,-102.21026611328125,3.7483463287353516,0.00390625,2.0,-446.43882751464844,189.0,666624.0,-0.005717576357225577,180.25539525349936,1.9840763886769612,0.016103179015529653,0.19127604166666667,90.10213890075684,434.0
435.0,5720.692734241486,512.0,-2.4753530025482178,-100.2096176147461,7.647006988525391,0.005859375,3.0,-355.7223205566406,118.66666666666667,668160.0,-0.007620043431719144,342.07349548339846,1.9906673034032185,0.012192231117902944,0.15266927083333334,171.00922012329102,435.0
436.0,5739.422188997269,512.0,-2.4267678260803223,-96.41913604736328,5.350337982177734,0.005859375,3.0,-384.62671915690106,155.33333333333334,669696.0,-0.005205498216673732,279.19019724527993,1.9988998532295228,0.009176322177518159,0.12265625,139.56990432739258,436.0
437.0,5758.376168489456,512.0,-2.4578192234039307,-98.63875579833984,5.6547088623046875,0.005859375,3.0,-372.6111551920573,144.66666666666666,671232.0,-0.005511581354464094,258.8299728393555,2.0005129973093667,0.011359791356759767,0.1361328125,129.38946940104168,437.0
438.0,5777.284182071686,512.0,-2.822596311569214,-100.53387451171875,0.24459974467754364,0.005859375,3.0,-396.32822672526044,126.33333333333333,672768.0,-0.003986929232875506,353.07535959879556,2.0030277331670123,0.015079415682703257,0.19518229166666667,176.51366322835287,438.0
439.0,5795.786180257797,512.0,-2.987318754196167,-96.14127349853516,6.151937007904053,0.0078125,4.0,-346.56060791015625,107.0,674304.0,-0.007883916950474183,317.1975341796875,2.0119593938191733,0.014373299374710768,0.18912760416666666,158.57076416015624,439.0
440.0,5814.773067712784,512.0,-3.0585415363311768,-96.14830780029297,5.1879682540893555,0.0078125,4.0,-351.32073974609375,106.25,675840.0,-0.008048604056239129,367.2286051432292,2.0199307123819987,0.01920227138325572,0.21861979166666667,183.58605372111003,440.0,-360.0036376953125,21.89292696567948,106.8,0.0,1.0,0.0,0.0
441.0,5850.923119306564,512.0,-2.445549249649048,-95.44851684570312,4.824523448944092,0.005859375,3.0,-383.20018513997394,152.66666666666666,677376.0,-0.006423236957440774,288.7039311726888,2.023912795384725,0.014892572001554073,0.18196614583333334,144.3253044128418,441.0
442.0,5870.116215467453,512.0,-2.5973846912384033,-94.20086669921875,2.6403305530548096,0.005859375,3.0,-386.66001383463544,139.33333333333334,678912.0,-0.004632402770221233,225.82142791748046,2.026698621114095,0.017582456643382708,0.22194010416666668,112.88581364949545,442.0
443.0,5888.924761295319,512.0,-2.864514112472534,-97.98725128173828,-1.3418315649032593,0.005859375,3.0,-388.0821126302083,123.33333333333333,680448.0,-0.004205318074673415,310.34420522054035,2.0346833149592083,0.016979407437611373,0.20904947916666666,155.1475476582845,443.0
444.0,5907.980762004852,512.0,-2.7308895587921143,-95.97113800048828,-0.7248257994651794,0.005859375,3.0,-420.7980651855469,145.66666666666666,681984.0,-0.0031534753429392974,224.22319310506185,2.0396328846613567,0.013043949547378968,0.17044270833333333,112.08804804484049,444.0
445.0,5927.0250861644745,512.0,-3.1746580600738525,-96.41556549072266,-0.15717951953411102,0.0078125,4.0,-399.28726959228516,124.75,683520.0,-0.007489972577119867,346.17964935302734,2.044709595044454,0.014119791868142783,0.17467447916666667,173.06188735961913,445.0
446.0,5946.031392097473,512.0,-3.088305711746216,-95.65819549560547,2.762540102005005,0.0078125,4.0,-366.86495208740234,113.25,685056.0,-0.006455444901560744,286.3012245178223,2.052061367034912,0.02178635582483063,0.255859375,143.12363548278807,446.0
447.0,5965.044352769852,512.0,-3.2261950969696045,-96.08553314208984,-0.10428103059530258,0.0078125,4.0,-384.7418899536133,114.75,686592.0,0.005399631770948569,287.8296513875326,2.0548179388046264,0.02194376145877565,0.2470703125,143.89967727661133,447.0
448.0,5984.07093667984,512.0,-3.248732566833496,-96.15899658203125,0.4688922166824341,0.0078125,4.0,-375.6656265258789,107.25,688128.0,-0.00702196362738808,279.61812082926434,2.059002129236857,0.009487909361875305,0.1193359375,139.78144861857098,448.0
449.0,6003.10486125946,512.0,-3.3204915523529053,-99.17130279541016,-0.963398277759552,0.0078125,4.0,-382.98282623291016,110.75,689664.0,-0.006438281169782082,300.9388595581055,2.0661118110020955,0.012444871256593614,0.16451822916666667,150.44233169555665,449.0
450.0,6022.205184459686,512.0,-3.4910056591033936,-102.428955078125,-3.191969871520996,0.0078125,4.0,-397.2255325317383,105.75,691200.0,-0.004846914314354459,282.40864893595375,2.0769614934921266,0.017095055079941326,0.20305989583333334,141.1787073771159,450.0,-402.5006164550781,30.783072373942876,99.2,0.0,1.0,0.0,0.0
451.0,6057.106872081757,512.0,-3.3331336975097656,-98.0340576171875,-3.509929895401001,0.0078125,4.0,-426.01548767089844,127.75,692736.0,-0.006733978368962805,318.7885457356771,2.0893343369166057,0.016192465977898488,0.20071614583333333,159.366646194458,451.0
452.0,6076.103739261627,512.0,-3.043619155883789,-104.1474838256836,-5.260135173797607,0.005859375,3.0,-448.5080871582031,140.66666666666666,694272.0,-0.008173103940983613,283.48023579915366,2.0971033334732057,0.011818459975377968,0.156640625,141.71097310384116,452.0
453.0,6095.172618865967,512.0,-3.336968421936035,-103.95614624023438,-0.28410181403160095,0.0078125,4.0,-400.6858825683594,114.25,695808.0,-0.0055910446060200535,398.34153544108074,2.1092434803644817,0.01654872060365354,0.19173177083333334,199.14408467610676,453.0
454.0,6114.269955396652,512.0,-3.0293827056884766,-96.68804931640625,2.551917314529419,0.0078125,4.0,-384.40596771240234,126.5,697344.0,-0.008587584629034003,351.50294087727866,2.1173658688863117,0.01805150049428145,0.23274739583333334,175.72170944213866,454.0
455.0,6133.367742538452,512.0,-2.861177444458008,-101.35953521728516,-1.8755912780761719,0.005859375,3.0,-433.73926798502606,138.33333333333334,698880.0,-0.0026924843434244393,227.38685137430826,2.119740668932597,0.01342493611543129,0.17076822916666667,113.66953582763672,455.0
456.0,6152.428517341614,512.0,-2.408468008041382,-96.89942169189453,4.749442100524902,0.005859375,3.0,-397.69394938151044,164.33333333333334,700416.0,-0.009097064146772027,380.94891662597655,2.116720978418986,0.01498873495341589,0.17395833333333333,190.444194539388,456.0
457.0,6171.073089838028,512.0,-3.1812903881073,-103.45269012451172,13.852946281433105,0.009765625,5.0,-304.0820678710937,90.4,701952.0,-0.005856409172217051,617.6328348795573,2.1150633573532103,0.009761020494624972,0.13125,308.7894109090169,457.0
458.0,6189.728973865509,512.0,-3.1558046340942383,-100.10604095458984,1.6326490640640259,0.0078125,4.0,-387.8842010498047,120.0,703488.0,-0.009160550652692716,347.27772165934243,2.115175739924113,0.014592426149950674,0.1869140625,173.60854848225912,458.0
459.0,6208.539231061935,512.0,-3.3631393909454346,-103.48291015625,8.731106758117676,0.009765625,5.0,-340.4156066894531,100.6,705024.0,-0.010561579000204801,635.9426198323567,2.1150683800379437,0.01792548648469771,0.21419270833333334,317.9395960489909,459.0
460.0,6227.373213291168,512.0,-3.591183662414551,-102.2573013305664,14.459420204162598,0.01171875,6.0,-306.4476725260417,85.33333333333333,706560.0,-0.004622280194113652,744.3162414550782,2.1217172384262084,0.005605612722380708,0.06888020833333333,372.1322814941406,460.0,-298.50359802246095,34.89759047404323,100.8,0.0,1.0,0.0,1.0
461.0,6262.363536596298,512.0,-2.756528615951538,-108.57437896728516,11.563746452331543,0.0078125,4.0,-336.9262504577637,120.0,708096.0,-0.006831455820550521,553.0147644042969,2.1265951951344806,0.00821980342346554,0.1017578125,276.47928619384766,461.0
462.0,6281.223019123077,512.0,-2.9189040660858154,-102.45523071289062,7.389919281005859,0.0078125,4.0,-340.42720794677734,108.25,709632.0,-0.006581185370062788,477.1390635172526,2.1313199758529664,0.007241996261291206,0.08919270833333333,238.54164021809896,462.0
463.0,6300.170013427734,512.0,-2.877565383911133,-100.33661651611328,6.947416305541992,0.0078125,4.0,-347.33973693847656,117.25,711168.0,-0.006765943703552087,449.60707295735676,2.1373292843500775,0.01061043503965872,0.14615885416666666,224.77539774576823,463.0
464.0,6319.320781707764,512.0,-2.5338754653930664,-102.28994750976562,3.064417839050293,0.005859375,3.0,-410.58741251627606,160.0,712704.0,-0.0027641906403005124,292.8470102945964,2.1463066736857095,0.017600099688085416,0.20891927083333334,146.39927622477214,464.0
465.0,6338.519385576248,512.0,-2.837085485458374,-106.4870376586914,-1.4585915803909302,0.005859375,3.0,-417.34827677408856,137.0,714240.0,-0.010395498744522532,315.6494745890299,2.1536505699157713,0.016350419559360792,0.20071614583333333,157.7928034464518,465.0
466.0,6357.742680072784,512.0,-3.716468095779419,-103.03985595703125,13.393731117248535,0.01171875,6.0,-291.7972691853841,73.0,715776.0,-0.007535758335143328,685.9286224365235,2.147543994585673,0.010611671508134654,0.1275390625,342.93530120849607,466.0
467.0,6376.863984107971,512.0,-3.1269381046295166,-103.83641815185547,2.5511341094970703,0.0078125,4.0,-388.75133514404297,122.5,717312.0,-0.005241158604621887,373.7295435587565,2.1363120158513387,0.012843481517241647,0.1439453125,186.83816782633463,467.0
468.0,6395.964821100235,512.0,-3.1871540546417236,-98.1010513305664,-0.15416280925273895,0.0078125,4.0,-401.48351287841797,125.0,718848.0,-0.004470326829080781,289.05212046305337,2.1312253793080647,0.014415582948519539,0.17317708333333334,144.50027961730956,468.0
469.0,6414.809417247772,512.0,-3.329111099243164,-100.91390228271484,-2.1179988384246826,0.0078125,4.0,-416.54468536376953,123.5,720384.0,-0.007208618770043055,321.35593872070314,2.138704021771749,0.017373322278338797,0.20436197916666668,160.64937489827474,469.0
470.0,6433.610416889191,512.0,-3.370518445968628,-100.99263763427734,-0.46631816029548645,0.0078125,4.0,-376.7486572265625,103.75,721920.0,-0.003974889125674963,287.84449717203773,2.148956044514974,0.02022254285790647,0.21432291666666667,143.89678370157878,470.0,-371.98085327148436,61.95028747397856,112.6,0.0,1.0,0.0,0.0
471.0,6470.895608186722,512.0,-3.289541244506836,-100.66837310791016,-0.3733553886413574,0.0078125,4.0,-383.68770599365234,109.75,723456.0,-0.00906666642986238,326.89695892333987,2.1599122365315755,0.012694853982732941,0.15013020833333332,163.4178133646647,471.0
472.0,6490.015461921692,512.0,-3.1987063884735107,-106.6542739868164,1.765030860900879,0.0078125,4.0,-391.7065200805664,119.25,724992.0,-0.0069384033481280005,371.9614537556966,2.1666369994481403,0.01826582063610355,0.20696614583333334,185.9521250406901,472.0
473.0,6509.002056837082,512.0,-2.613365650177002,-135.3710174560547,-13.558629035949707,0.001953125,1.0,-748.1327514648438,255.0,726528.0,-0.005398376782735189,339.4356669108073,2.162289269765218,0.01686107999800394,0.19205729166666666,169.69081166585286,473.0
474.0,6527.792116641998,512.0,-2.50579833984375,-111.48687744140625,-4.703239917755127,0.00390625,2.0,-606.5787048339844,239.0,728064.0,-0.006007227829347054,239.2713144938151,2.162636081377665,0.011995622232401122,0.15768229166666667,119.60802332560222,474.0
475.0,6546.628887891769,512.0,-2.803006887435913,-113.60965728759766,1.1051158905029297,0.005859375,3.0,-440.1371154785156,150.33333333333334,729600.0,-0.0046186148654669525,327.24205169677737,2.173827576637268,0.018183435775184383,0.20716145833333333,163.59467137654622,475.0
476.0,6565.6675157547,512.0,-2.755969762802124,-111.86138916015625,2.1539347171783447,0.005859375,3.0,-422.196044921875,144.0,731136.0,-0.006159397742400567,318.1746063232422,2.1844813346862795,0.01060988224344328,0.13430989583333333,159.05929743448894,476.0
477.0,6584.636165142059,512.0,-2.669767379760742,-110.9655990600586,2.256859064102173,0.005859375,3.0,-453.30010986328125,169.66666666666666,732672.0,-0.0016744938213378191,326.54451955159504,2.191121157010396,0.0264624237587365,0.24576822916666666,163.24867426554363,477.0
478.0,6603.569303274155,512.0,-2.280324935913086,-96.54708099365234,-0.6997688412666321,0.00390625,2.0,-416.25233459472656,127.0,734208.0,-0.006338203139603138,312.45754191080727,2.1979637861251833,0.015851763209017614,0.18287760416666668,156.2004519144694,478.0
479.0,6622.4241938591,512.0,-2.813960313796997,-109.36409759521484,0.9658957123756409,0.005859375,3.0,-429.74830118815106,140.66666666666666,735744.0,-0.013880987993131082,396.94964904785155,2.2046026547749835,0.014213033478396635,0.15598958333333332,198.43889821370442,479.0
480.0,6641.09791302681,512.0,-2.7308013439178467,-102.57892608642578,0.28065451979637146,0.005859375,3.0,-425.7170104980469,150.66666666666666,737280.0,-0.006792282157888015,311.4897165934245,2.2086337010065713,0.012534709034177164,0.13860677083333334,155.7159767150879,480.0,-504.4073059082031,154.13735859194577,193.2,0.0,1.0,0.0,0.0
481.0,6690.422308683395,512.0,-2.5359694957733154,-105.9947738647461,-3.954132080078125,0.00390625,2.0,-544.3443756103516,197.5,738816.0,-0.006441034407665332,248.6344792683919,2.2096460183461506,0.01296871373973166,0.1451171875,124.28870239257813,481.0
482.0,6709.304008960724,512.0,-2.2360661029815674,-104.34326934814453,1.9843040704727173,0.00390625,2.0,-427.32373046875,175.0,740352.0,-0.006365085393190384,215.46607411702473,2.214747349421183,0.010920188187931975,0.11888020833333333,107.7045238494873,482.0
483.0,6728.174724340439,512.0,-2.494828939437866,-92.25518798828125,3.7126731872558594,0.005859375,3.0,-390.19386800130206,151.66666666666666,741888.0,-0.004451853533585866,332.1662322998047,2.222150524457296,0.02190316115738824,0.25559895833333335,166.05644416809082,483.0
484.0,6747.117867469788,512.0,-3.4416191577911377,-105.19522857666016,-3.2385852336883545,0.0078125,4.0,-436.03124237060547,126.0,743424.0,-0.010763826904197533,379.98658548990886,2.224031162261963,0.011564072295247267,0.13984375,189.9602834065755,484.0
485.0,6766.133689165115,512.0,-3.058542490005493,-99.2144775390625,5.2410359382629395,0.0078125,4.0,-339.2482681274414,101.25,744960.0,-0.0031479202521344026,359.60125020345055,2.2238375027974446,0.015335004431350777,0.19576822916666667,179.77524083455404,485.0
486.0,6785.0289940834045,512.0,-2.6565134525299072,-98.1743392944336,1.3950018882751465,0.005859375,3.0,-397.8238932291667,143.66666666666666,746496.0,-0.003183529463907083,296.07044932047523,2.2276211977005005,0.02343195880142351,0.27662760416666665,148.0097661336263,486.0
487.0,6804.08420085907,512.0,-2.7641212940216064,-99.34548950195312,-0.8093357086181641,0.005859375,3.0,-436.44167073567706,152.0,748032.0,-0.008418070121357838,256.398708597819,2.234050401051839,0.015108512753310302,0.181640625,128.16859614054363,487.0
488.0,6823.158982515335,512.0,-2.848379135131836,-106.00286102294922,-0.13044731318950653,0.005859375,3.0,-416.04004923502606,129.0,749568.0,-0.009404372268666824,316.2895517985026,2.236541199684143,0.014786693900047491,0.198046875,158.1130043029785,488.0
489.0,6842.345657587051,512.0,-2.5044167041778564,-100.3551254272461,5.201840877532959,0.005859375,3.0,-366.9789733886719,134.66666666666666,751104.0,-0.005951362817237775,282.377663675944,2.235197361310323,0.013858704385347665,0.1810546875,141.16052856445313,489.0
490.0,6861.568468809128,512.0,-3.313181161880493,-100.03033447265625,9.237807273864746,0.009765625,5.0,-333.1243103027344,99.6,752640.0,-0.006506305544947585,498.6727244059245,2.2343836545944216,0.015186063087700557,0.1806640625,249.3075159708659,490.0,-406.5160827636719,138.46410351891217,114.4,0.0,1.0,0.0,0.0
491.0,6898.979580640793,512.0,-3.138972043991089,-109.99942779541016,-4.448663234710693,0.005859375,3.0,-461.01035563151044,137.0,754176.0,-0.005662888940423727,364.4263478597005,2.2343053976694742,0.013204495511793842,0.15403645833333332,182.18516693115234,491.0
492.0,6917.855906009674,512.0,-3.216566801071167,-107.5289077758789,-7.548942565917969,0.005859375,3.0,-478.98484293619794,134.33333333333334,755712.0,-0.006206998756776254,372.5451360066732,2.2343337059021,0.01313425466651097,0.15455729166666668,186.2440155029297,492.0
493.0,6936.800964593887,512.0,-3.357665777206421,-107.63311767578125,-0.7572301030158997,0.0078125,4.0,-415.5064697265625,121.25,757248.0,-0.006662221827233831,361.2290069580078,2.2376169602076215,0.010707655611137549,0.11705729166666666,180.58546549479166,493.0
494.0,6955.862146139145,512.0,-2.780613660812378,-101.62603759765625,-0.7060588002204895,0.005859375,3.0,-428.4757486979167,146.66666666666666,758784.0,-0.006195975444279611,249.02897262573242,2.239910276730855,0.01797595667691591,0.22063802083333334,124.48588905334472,494.0
495.0,6974.9586589336395,512.0,-3.274110794067383,-104.30377960205078,0.19277603924274445,0.0078125,4.0,-405.9952926635742,121.75,760320.0,-0.003080559226994713,391.0973775227865,2.242571957906087,0.0203060271916911,0.25149739583333336,195.52318369547527,495.0
496.0,6993.942098855972,512.0,-2.6855690479278564,-100.40509796142578,1.4874610900878906,0.005859375,3.0,-395.5591735839844,137.66666666666666,761856.0,-0.005517267839362224,258.36725158691405,2.2515124320983886,0.012058505260696014,0.14973958333333334,129.15559260050455,496.0
497.0,7012.682743310928,512.0,-3.0660619735717773,-95.66471099853516,2.0308611392974854,0.0078125,4.0,-383.8895797729492,124.0,763392.0,-0.009423679361740748,289.1957005818685,2.2580487012863157,0.01279803510212029,0.16888020833333334,144.56584587097169,497.0
498.0,7031.533721208572,512.0,-2.880811929702759,-103.25016021728516,8.542899131774902,0.0078125,4.0,-339.4765319824219,111.5,764928.0,-0.008377400475243728,396.67836507161456,2.2574411710103353,0.011838071731229622,0.14895833333333333,198.3082295735677,498.0
499.0,7050.448564291,512.0,-2.505255937576294,-100.16504669189453,5.236883163452148,0.005859375,3.0,-365.03711954752606,128.0,766464.0,-0.007190694411595662,308.3559087117513,2.2568017641703286,0.014524665226538976,0.15911458333333334,154.1481953938802,499.0
500.0,7069.495903968811,512.0,-2.470155954360962,-94.7684555053711,4.804170608520508,0.005859375,3.0,-355.6765950520833,130.0,768000.0,-0.0065517357395341,294.2233647664388,2.2647749821345013,0.015275962666297953,0.19329427083333334,147.08248138427734,500.0,-527.0560974121094,152.26269452983394,216.6,0.0,1.0,0.0,0.0
501.0,7123.235920667648,512.0,-2.574854612350464,-99.04827117919922,4.920301914215088,0.005859375,3.0,-370.35186767578125,124.66666666666667,769536.0,-0.003908359073102474,278.4395991007487,2.272336983680725,0.01658474678794543,0.18938802083333334,139.19316711425782,501.0
502.0,7142.1081511974335,512.0,-2.5207903385162354,-97.32793426513672,2.4217655658721924,0.005859375,3.0,-416.03197224934894,164.0,771072.0,-0.012332557855794827,348.9444264729818,2.277546246846517,0.01821585597936064,0.18567708333333333,174.43710581461588,502.0
503.0,7160.900584459305,512.0,-3.0359299182891846,-98.12628173828125,4.430980682373047,0.0078125,4.0,-344.20887756347656,105.5,772608.0,-0.007485708563278118,433.2971425374349,2.283421508471171,0.015685270839215566,0.18600260416666667,216.61824951171874,503.0
504.0,7179.9357080459595,512.0,-2.691495895385742,-97.82437896728516,-0.9685850143432617,0.005859375,3.0,-412.39727783203125,147.33333333333334,774144.0,-0.007835673230389754,253.91952870686848,2.290382218360901,0.018922551123735806,0.231640625,126.92902565002441,504.0
505.0,7198.700482606888,512.0,-1.8663238286972046,-103.75133514404297,-3.736191511154175,0.001953125,1.0,-363.2250061035156,179.0,775680.0,-0.00896140878709654,179.88016738891602,2.293499477704366,0.010474240318095933,0.13307291666666668,89.90818723042806,505.0
506.0,7217.546828508377,512.0,-2.3898324966430664,-87.6643295288086,2.7448081970214844,0.005859375,3.0,-393.0291442871094,163.66666666666666,777216.0,-0.005515900192161401,232.5912722269694,2.2944026390711465,0.015484546024041871,0.199609375,116.26717631022136,506.0
507.0,7236.49502658844,512.0,-2.7182064056396484,-98.24210357666016,-0.4022197723388672,0.005859375,3.0,-413.5599060058594,142.0,778752.0,-0.011611272611965736,284.7792236328125,2.2966342687606813,0.013329224078916013,0.1755859375,142.35503629048665,507.0
508.0,7255.6454865932465,512.0,-2.682288408279419,-111.79532623291016,3.512958288192749,0.005859375,3.0,-374.69835408528644,120.0,780288.0,-0.0074163746243963635,401.391933186849,2.304801925023397,0.00922133467392996,0.11731770833333334,200.6655029296875,508.0
509.0,7274.673339605331,512.0,-3.2630488872528076,-111.46602630615234,3.010885000228882,0.0078125,4.0,-370.73763275146484,105.0,781824.0,-0.0042355066863819955,451.480751546224,2.3065892616907755,0.018745965685229748,0.22916666666666666,225.71306966145832,509.0
510.0,7293.769253015518,512.0,-1.987011432647705,-93.9681625366211,-7.147058963775635,0.001953125,1.0,-368.7840881347656,117.0,783360.0,-0.005947333527728915,320.4139195760091,2.3077481269836424,0.01752755045890808,0.2013671875,160.17793451944988,510.0,-482.8812622070312,210.54136336943913,196.8,0.0,1.0,0.0,0.0
511.0,7344.646124601364,512.0,-3.199106454849243,-94.6108627319336,9.965953826904297,0.009765625,5.0,-317.50115356445315,97.6,784896.0,-0.00012398722271124522,510.69208984375,2.3107980569203694,0.018422703448838243,0.22415364583333333,255.32280883789062,511.0
512.0,7363.69776558876,512.0,-2.6917178630828857,-105.62384033203125,2.772670030593872,0.005859375,3.0,-399.21728515625,132.0,786432.0,-0.007043078867718577,350.4850280761719,2.310784943898519,0.011492390010971576,0.1388671875,175.21236419677734,512.0
513.0,7382.367130994797,512.0,-2.173582077026367,-95.4941635131836,-1.563320517539978,0.00390625,2.0,-456.8017120361328,199.5,787968.0,-0.003937456539521615,206.8639714558919,2.3094412167867024,0.010089889316198726,0.1115234375,103.4049550374349,513.0
514.0,7401.245533466339,512.0,-2.875880002975464,-109.5534896850586,0.4634534418582916,0.005859375,3.0,-381.95155843098956,117.66666666666667,789504.0,-0.008926511167859037,308.77020975748695,2.308679699897766,0.00834317054056252,0.1025390625,154.35309066772462,514.0
515.0,7420.006710290909,512.0,-2.7773895263671875,-110.8187255859375,0.8646378517150879,0.005859375,3.0,-397.64930216471356,131.0,791040.0,-0.006656230722243587,339.617898050944,2.3043622732162476,0.014421427866909652,0.17434895833333333,169.7792500813802,515.0
516.0,7438.822602748871,512.0,-3.1211135387420654,-94.59554290771484,0.7674363255500793,0.0078125,4.0,-386.90564727783203,122.0,792576.0,-0.010708608912924926,431.3727996826172,2.308530004819234,0.01050520942468817,0.12884114583333334,215.65260264078776,516.0
517.0,7457.683811664581,512.0,-2.9782612323760986,-98.61016845703125,5.168806552886963,0.0078125,4.0,-334.90895080566406,100.25,794112.0,-0.005924831485996643,386.3404006958008,2.319371962547302,0.011307552957441657,0.15442708333333333,193.1410814921061,517.0
518.0,7476.672183513641,512.0,-3.2089684009552,-97.99786376953125,-0.6508327126502991,0.0078125,4.0,-402.1765670776367,124.0,795648.0,-0.0048621797002851965,378.7603403727214,2.3306715567906697,0.008454900910146534,0.10846354166666666,189.352001953125,518.0
519.0,7495.421785354614,512.0,-3.317763090133667,-91.9091796875,8.289421081542969,0.009765625,5.0,-314.4247192382812,88.2,797184.0,-0.006513300724327565,449.53106384277345,2.3308313210805256,0.008826192452882726,0.11822916666666666,224.73571116129557,519.0
520.0,7514.422450304031,512.0,-3.1571528911590576,-90.9594955444336,-0.9365113377571106,0.0078125,4.0,-385.64225006103516,118.75,798720.0,-0.00570945804938674,347.2059107462565,2.3276696523030598,0.01389329629795005,0.1787109375,173.57396825154623,520.0,-322.1654846191406,31.27326445443266,84.6,0.0,1.0,0.0,0.0
521.0,7546.830347299576,512.0,-3.538562774658203,-99.5269775390625,3.541696548461914,0.009765625,5.0,-354.68438720703125,98.8,800256.0,-0.004646083371092876,473.3584360758463,2.3322579701741537,0.012627857954551775,0.16725260416666668,236.65125172932943,521.0
522.0,7565.5676193237305,512.0,-3.592677354812622,-101.1143569946289,-7.2159576416015625,0.0078125,4.0,-436.5161819458008,117.0,801792.0,-0.005991374282166362,423.74637908935546,2.331748104095459,0.00889743686032792,0.11575520833333333,211.84387969970703,522.0
523.0,7584.443417072296,512.0,-3.406639337539673,-91.02582550048828,-7.073587894439697,0.0078125,4.0,-433.19612884521484,126.75,803328.0,-0.007974488645171125,362.49745381673176,2.3331993023554483,0.011755925382021814,0.1384765625,181.21742248535156,523.0
524.0,7603.300964832306,512.0,-3.8930389881134033,-112.23464965820312,-11.7738618850708,0.0078125,4.0,-492.3642044067383,125.25,804864.0,-0.006304006604477763,585.5689626057942,2.334365479151408,0.007292514391398678,0.0818359375,292.7548350016276,524.0
525.0,7621.874988794327,512.0,-3.759784698486328,-105.8707504272461,-10.6465425491333,0.0078125,4.0,-476.2491989135742,125.75,806400.0,-0.0036344866578777633,567.5527231852213,2.339585002263387,0.016891996865160762,0.21321614583333334,283.74933268229165,525.0
526.0,7640.596092939377,512.0,-3.510523796081543,-95.4161376953125,-7.77536153793335,0.0078125,4.0,-440.7512435913086,124.0,807936.0,-0.0024947736412286757,386.3758972167969,2.3432887474695843,0.010774386313278228,0.141796875,193.16202087402343,526.0
527.0,7659.352144479752,512.0,-2.8561880588531494,-91.3471908569336,-3.3326027393341064,0.005859375,3.0,-409.3843688964844,127.0,809472.0,-0.0056922131373236574,269.4215744018555,2.3494977156321206,0.0069697651119592285,0.08444010416666667,134.68160095214844,527.0
528.0,7678.192581892014,512.0,-3.305302858352661,-94.59293365478516,-2.9663000106811523,0.0078125,4.0,-397.9911117553711,115.0,811008.0,-0.008988341595977545,443.14674173990886,2.360250194867452,0.011002134360993902,0.1453125,221.54078165690103,528.0
529.0,7696.779781103134,512.0,-3.224210739135742,-91.6574478149414,-3.140716314315796,0.0078125,4.0,-406.17061614990234,125.0,812544.0,-0.005704704827318589,311.50783182779946,2.364844075838725,0.009191012006097784,0.11822916666666666,155.7245641072591,529.0
530.0,7715.573622226715,512.0,-2.768137216567993,-88.0702133178711,-2.943523406982422,0.005859375,3.0,-423.6427714029948,145.66666666666666,814080.0,-0.00534506991195182,229.9382194519043,2.370069702466329,0.009437599456092963,0.11731770833333334,114.9400639851888,530.0,-436.9474853515625,10.830734876603058,130.0,0.0,1.0,0.0,0.0
531.0,7755.242191553116,512.0,-2.8339576721191406,-95.3454360961914,-4.902339458465576,0.005859375,3.0,-468.82924397786456,163.66666666666666,815616.0,-0.0126725658075884,276.69727528889973,2.376215187708537,0.026434365027428915,0.26373697916666666,138.31220245361328,531.0
532.0,7773.913858175278,512.0,-3.500511884689331,-99.95599365234375,-6.667492389678955,0.0078125,4.0,-438.9531936645508,123.75,817152.0,-0.00882227144514521,389.4628290812174,2.3817203203837076,0.01058535986036683,0.13932291666666666,194.6987752278646,532.0
533.0,7792.809802770615,512.0,-3.6347854137420654,-101.60308074951172,-7.688924312591553,0.0078125,4.0,-427.1134948730469,114.25,818688.0,-0.00799730233848095,493.5186258951823,2.3832254966100055,0.013066655754422148,0.15696614583333332,246.72748158772785,533.0
534.0,7811.994006872177,512.0,-3.214853525161743,-99.4843521118164,-10.26366138458252,0.005859375,3.0,-504.9108581542969,149.0,820224.0,-0.006872060739745696,361.215407816569,2.3859838326772054,0.009003776878428956,0.1099609375,180.57697245279948,534.0
535.0,7831.22797369957,512.0,-3.8764705657958984,-102.66136932373047,-1.9796546697616577,0.009765625,5.0,-383.8738220214844,96.0,821760.0,-0.011648885160684585,482.3869262695313,2.390463360150655,0.013460997907289614,0.16041666666666668,241.15790863037108,535.0
536.0,7850.229346036911,512.0,-3.3639914989471436,-104.55850219726562,-10.777295112609863,0.005859375,3.0,-436.3682861328125,113.33333333333333,823296.0,-0.010896523265788953,503.1789927164713,2.3953703244527182,0.012262002448551357,0.14108072916666667,251.55464579264324,536.0
537.0,7869.090825796127,512.0,-3.703157424926758,-107.37186431884766,-6.999047756195068,0.0078125,4.0,-403.9740676879883,97.75,824832.0,-0.007545186129088203,456.3746673583984,2.405120937029521,0.013782433575640123,0.16217447916666666,228.1557393391927,537.0
538.0,7888.033803462982,512.0,-3.1357948780059814,-101.3897933959961,-7.080745220184326,0.005859375,3.0,-397.0745137532552,115.33333333333333,826368.0,-0.005565822559098403,329.9890116373698,2.4115719000498452,0.011295967521922043,0.13990885416666668,164.96482518513997,538.0
539.0,7907.197902917862,512.0,-3.395796060562134,-110.1022720336914,-11.180381774902344,0.005859375,3.0,-472.32566324869794,128.0,827904.0,-0.009165894115964572,515.9994801839192,2.415486518541972,0.009940435186338921,0.13658854166666667,257.96641693115237,539.0
540.0,7926.245725393295,512.0,-3.043850898742676,-106.09659576416016,-14.834485054016113,0.00390625,2.0,-637.387939453125,197.0,829440.0,-0.013547721815605958,472.03453267415364,2.4191503604253133,0.015000832402923455,0.1763671875,235.97952829996746,540.0,-521.6342407226563,156.378121745356,165.8,0.0,1.0,0.0,0.0
541.0,7971.965769767761,512.0,-2.894087553024292,-98.7091064453125,-3.6807403564453125,0.005859375,3.0,-447.47339884440106,148.0,830976.0,-0.009340743565311034,274.29124501546227,2.4191364288330077,0.01428098741841192,0.16438802083333334,137.11208992004396,541.0
542.0,7990.82582116127,512.0,-3.187046766281128,-99.76578521728516,-8.208685874938965,0.005859375,3.0,-416.6983642578125,113.33333333333333,832512.0,-0.006638204383974274,421.7474049886068,2.4111082553863525,0.019082171190530062,0.23509114583333332,210.84295399983725,542.0
543.0,8009.850395441055,512.0,-3.2479894161224365,-96.67938232421875,-1.9978103637695312,0.0078125,4.0,-415.7426109313965,128.0,834048.0,-0.007685486196229855,512.7273447672526,2.4066382805506388,0.01182530892935271,0.15032552083333334,256.33192240397136,543.0
544.0,8028.7664930820465,512.0,-3.4065170288085938,-101.7172622680664,-3.4277641773223877,0.0078125,4.0,-421.33837127685547,121.0,835584.0,-0.010400750767439603,527.3237314860027,2.405063581466675,0.012690357809575895,0.13899739583333334,263.6274154663086,544.0
545.0,8047.648715496063,512.0,-3.9322288036346436,-107.7181167602539,-1.3729372024536133,0.009765625,5.0,-383.9857666015625,93.0,837120.0,-0.013565396470949054,598.718027750651,2.4065605481465657,0.009606352378614246,0.11360677083333333,299.3213724772135,545.0
546.0,8066.673765420914,512.0,-3.0902938842773438,-102.9430923461914,-7.437400817871094,0.005859375,3.0,-494.92198689778644,155.0,838656.0,-0.008074070326983929,356.68068033854166,2.4103702942530316,0.011179343168623745,0.14791666666666667,178.30816192626952,546.0
547.0,8085.547021150589,512.0,-3.6681692600250244,-110.3314208984375,-7.227759838104248,0.0078125,4.0,-462.10145568847656,124.75,840192.0,-0.014732397332166632,614.9311869303385,2.41942519346873,0.014260976618000616,0.17350260416666666,307.42666880289715,547.0
548.0,8104.223627090454,512.0,-3.9127235412597656,-107.61550903320312,0.046236198395490646,0.009765625,5.0,-370.9100646972656,87.8,841728.0,-0.006700846490760645,510.953651936849,2.426747171084086,0.009081528425061455,0.11380208333333333,255.44585876464845,548.0
549.0,8122.872496366501,512.0,-3.9357197284698486,-97.89327239990234,6.966890335083008,0.01171875,6.0,-322.78071848551434,79.33333333333333,843264.0,-0.003182784095406532,541.950082397461,2.4284710327784222,0.017620648300119987,0.20279947916666666,270.9475692749023,549.0
550.0,8141.654340982437,512.0,-3.9176504611968994,-104.52151489257812,-0.1867033690214157,0.009765625,5.0,-357.7871612548828,81.6,844800.0,-0.010448580825080473,559.4365173339844,2.4268940448760987,0.010320583393331617,0.12708333333333333,279.683544921875,550.0,-263.1524322509766,13.284399961166502,51.8,0.0,1.0,0.0,1.0
551.0,8168.865468263626,512.0,-4.08186674118042,-102.8465805053711,5.2309956550598145,0.01171875,6.0,-342.60670471191406,82.66666666666667,846336.0,-0.012200357454518477,641.2432149251302,2.4242356300354,0.010475129339223106,0.12350260416666667,320.58516794840494,551.0
552.0,8187.682722568512,512.0,-3.8635427951812744,-107.80352020263672,0.6787344813346863,0.009765625,5.0,-369.8717468261719,91.2,847872.0,-0.013125458297630151,602.8711018880208,2.424718149503072,0.011556246577917288,0.13424479166666667,301.39817860921227,552.0
553.0,8206.608705759048,512.0,-4.380049705505371,-104.199951171875,10.942923545837402,0.013671875,7.0,-306.96484810965404,66.28571428571429,849408.0,-0.010820958359787861,728.2015075683594,2.4246278365453082,0.014519666092625508,0.18899739583333333,364.06568501790366,553.0
554.0,8225.536941051483,512.0,-3.2996368408203125,-109.00882720947266,-8.105579376220703,0.005859375,3.0,-468.1416829427083,127.33333333333333,850944.0,-0.014101097919046878,489.7337921142578,2.424611965815226,0.015539921210923542,0.16920572916666668,244.82854919433595,554.0
555.0,8244.667074918747,512.0,-3.7035820484161377,-105.6950454711914,2.813777208328247,0.009765625,5.0,-367.3767547607422,96.6,852480.0,-0.009502786739418904,538.7022745768229,2.423443078994751,0.013674041213622938,0.1408203125,269.31739603678386,555.0
556.0,8263.788474082947,512.0,-4.382421016693115,-105.2056655883789,10.65566635131836,0.013671875,7.0,-315.6036616734096,70.85714285714286,854016.0,-0.010516794227684537,821.6583048502604,2.4305089950561523,0.010684061205635469,0.12734375,410.79433085123696,556.0
557.0,8282.846742153168,512.0,-3.7008705139160156,-110.71050262451172,-5.8785858154296875,0.0078125,4.0,-427.7966003417969,108.0,855552.0,-0.011576918171097834,532.0123881022135,2.4382115443547567,0.01315795312790821,0.13736979166666666,265.97023722330727,557.0
558.0,8302.019713878632,512.0,-3.7314255237579346,-119.65546417236328,-5.569509506225586,0.0078125,4.0,-371.1307601928711,88.0,857088.0,-0.013476793421432376,650.6554931640625,2.442944574356079,0.015800699137616902,0.14342447916666667,325.2898396809896,558.0
559.0,8321.15468287468,512.0,-4.3279500007629395,-111.28323364257812,2.790376901626587,0.01171875,6.0,-357.8240203857422,79.66666666666667,858624.0,-0.012018003159513076,809.8421773274739,2.440581750869751,0.014020289500088741,0.14498697916666667,404.8846689860026,559.0
560.0,8340.124848365784,512.0,-4.4260687828063965,-107.56339263916016,11.805488586425781,0.013671875,7.0,-307.5901336669922,64.42857142857143,860160.0,-0.011802343977615237,759.7547566731771,2.4393458286921184,0.015232893025192122,0.19778645833333333,379.8411804199219,560.0,-279.45091247558594,36.662835644903865,55.4,0.0,1.0,0.0,0.0
561.0,8367.606391191483,512.0,-3.7072179317474365,-102.10040283203125,2.4316327571868896,0.009765625,5.0,-360.5537841796875,92.4,861696.0,-0.009652223934729894,467.1541982014974,2.4413641691207886,0.01470220178598538,0.18541666666666667,233.54303283691405,561.0
562.0,8386.650875091553,512.0,-3.55591082572937,-111.99385833740234,-3.0312728881835938,0.0078125,4.0,-425.2035446166992,112.0,863232.0,-0.009684566439439853,558.4819183349609,2.4375768582026165,0.014991917565930634,0.15436197916666666,279.20689697265624,562.0
563.0,8405.521527290344,512.0,-3.3749887943267822,-102.8965835571289,-1.9180803298950195,0.0078125,4.0,-406.92980194091797,117.25,864768.0,-0.005584551626816392,432.4170745849609,2.4424057324727375,0.019380002612403285,0.213671875,216.17852884928385,563.0
564.0,8424.675716638565,512.0,-3.624002456665039,-114.81790161132812,-3.0235977172851562,0.0078125,4.0,-432.20201873779297,111.0,866304.0,-0.012547256704419852,561.2041737874349,2.4472340901692706,0.012254356709308922,0.14680989583333334,280.56506907145183,564.0
565.0,8443.665135622025,512.0,-3.7406651973724365,-100.2040023803711,0.6495965123176575,0.009765625,5.0,-374.1366943359375,98.2,867840.0,-0.007136749320973953,573.1648356119791,2.448811427752177,0.02104271420976147,0.22272135416666666,286.55079600016273,565.0
566.0,8462.259004116058,512.0,-2.8008873462677,-97.60918426513672,-2.8151028156280518,0.005859375,3.0,-441.7855733235677,151.33333333333334,869376.0,-0.008716088874886433,293.01277516682944,2.452744976679484,0.016718483452374738,0.19830729166666666,146.47314478556316,566.0
567.0,8481.075489759445,512.0,-3.4609909057617188,-112.661376953125,0.3677891790866852,0.0078125,4.0,-385.4846649169922,99.5,870912.0,-0.008543535073598226,490.76050821940106,2.456455945968628,0.016408583952579648,0.17141927083333333,245.3471450805664,567.0
568.0,8499.743442296982,512.0,-3.3212168216705322,-102.15091705322266,-1.1557172536849976,0.0078125,4.0,-398.13243103027344,116.75,872448.0,-0.008173813888182243,522.586967976888,2.461853202184041,0.015334274305496364,0.18255208333333334,261.2606877644857,568.0
569.0,8518.516063451767,512.0,-3.671171188354492,-110.00473022460938,5.4491868019104,0.009765625,5.0,-351.68690185546876,89.6,873984.0,-0.006965565588325262,592.2139638264974,2.4601826270421348,0.014590723401245972,0.18170572916666666,296.0754114786784,569.0
570.0,8537.33151626587,512.0,-3.508164167404175,-107.56326293945312,7.474645614624023,0.009765625,5.0,-345.46580505371094,95.6,875520.0,-0.00821152226999402,505.04490865071614,2.456220189730326,0.01037516126719614,0.1197265625,252.48967793782552,570.0,-258.5069641113281,11.682293661570535,48.0,0.0,1.0,0.0,1.0
571.0,8563.789263486862,512.0,-3.094701051712036,-100.20020294189453,4.480732440948486,0.0078125,4.0,-332.542667388916,91.25,877056.0,-0.005440471942226092,414.5850545247396,2.457522821426392,0.01850971921424692,0.20182291666666666,207.26251271565755,571.0
572.0,8582.571313381195,512.0,-3.5586655139923096,-105.99011993408203,5.392611026763916,0.009765625,5.0,-359.9926696777344,100.4,878592.0,-0.010973878344520927,498.0358866373698,2.460361687342326,0.011905446563226481,0.15384114583333333,248.98237050374348,572.0
573.0,8601.145731687546,512.0,-3.1972720623016357,-109.77860260009766,4.086256980895996,0.0078125,4.0,-366.6250686645508,100.5,880128.0,-0.010004759021103381,526.0555491129558,2.4595642407735188,0.010640785583139708,0.12591145833333334,262.99317677815753,573.0
574.0,8619.846670866013,512.0,-4.12178373336792,-112.10201263427734,6.523469924926758,0.01171875,6.0,-343.5987726847331,81.5,881664.0,-0.011588924533377091,798.7494079589844,2.454538869857788,0.012348690264237424,0.15514322916666667,399.33856709798175,574.0
575.0,8638.655206680298,512.0,-4.1391825675964355,-101.71329498291016,3.397719383239746,0.01171875,6.0,-343.24350992838544,80.5,883200.0,-0.009898940101265907,656.9020975748698,2.4520459890365602,0.010269052364553015,0.12649739583333333,328.41662648518883,575.0
576.0,8657.408830404282,512.0,-3.582416534423828,-103.28350067138672,4.653186321258545,0.009765625,5.0,-329.44837646484376,85.0,884736.0,-0.00860992098848025,460.76779988606773,2.451159890492757,0.011402471251009653,0.14505208333333333,230.35077565511068,576.0
577.0,8676.211609363556,512.0,-4.058633804321289,-102.22845458984375,4.61348819732666,0.01171875,6.0,-341.9130121866862,83.33333333333333,886272.0,-0.007802449973920981,540.4568654378255,2.4558990399042764,0.014109305327292532,0.18229166666666666,270.1960708618164,577.0
578.0,8695.213287591934,512.0,-3.908914804458618,-105.12808227539062,-1.0792732238769531,0.009765625,5.0,-376.5608764648438,90.2,887808.0,-0.00463613485917449,589.1706176757813,2.4603173812230428,0.013323541975114494,0.1388671875,294.5560689290365,578.0
579.0,8714.387865304947,512.0,-3.7317440509796143,-104.17412567138672,2.946619749069214,0.009765625,5.0,-330.7205810546875,79.2,889344.0,-0.006835790599385897,496.0092468261719,2.4628631035486857,0.01282277818924437,0.17421875,247.97316029866536,579.0
580.0,8733.792241096497,512.0,-4.691200256347656,-101.28289794921875,13.556182861328125,0.015625,8.0,-295.6666316986084,61.875,890880.0,-0.004805804882198572,773.4740152994792,2.464155888557434,0.017176709653964888,0.2064453125,386.7075602213542,580.0,-269.16014404296874,18.08308497707025,51.0,0.0,1.0,0.0,0.0
581.0,8761.227047920227,512.0,-4.567927837371826,-100.43465423583984,16.464134216308594,0.015625,8.0,-282.3897933959961,59.125,892416.0,-0.0068393247202038765,793.990673828125,2.4663497765858966,0.013623310998082162,0.16399739583333334,396.9638407389323,581.0
582.0,8780.463033437729,512.0,-4.3582444190979,-101.84408569335938,8.82129955291748,0.013671875,7.0,-318.11094447544644,72.85714285714286,893952.0,-0.003677815788735946,730.9574310302735,2.465919192632039,0.015536184108350426,0.19147135416666666,365.45037943522135,582.0
583.0,8799.608164548874,512.0,-5.027143955230713,-99.1597900390625,16.33866310119629,0.017578125,9.0,-283.55244784884985,55.77777777777778,895488.0,-0.007701278850436211,878.6361165364583,2.4628763755162555,0.013519561768043786,0.15286458333333333,439.2857238769531,583.0
584.0,8818.359259605408,512.0,-4.656465530395508,-100.56522369384766,14.779545783996582,0.015625,8.0,-292.4583320617676,61.375,897024.0,-0.006273688857133189,739.7914855957031,2.4608991066614787,0.016017333262910445,0.1248046875,369.8648630777995,584.0
585.0,8837.298792362213,512.0,-4.77639627456665,-102.5163803100586,13.241114616394043,0.015625,8.0,-291.18273162841797,56.625,898560.0,-0.007862197964762648,755.4618957519531,2.4636912107467652,0.010376770549919456,0.12884114583333334,377.6984466552734,585.0
586.0,8856.369097471237,512.0,-4.052107334136963,-104.12060546875,5.055721759796143,0.01171875,6.0,-342.11473592122394,83.66666666666667,900096.0,-0.008002319668109218,570.6319213867188,2.467334588368734,0.010196851576135183,0.11770833333333333,285.28328704833984,586.0
587.0,8875.535093784332,512.0,-3.384965658187866,-100.4822998046875,-2.0056893825531006,0.0078125,4.0,-368.4524803161621,102.25,901632.0,-0.010334188677370548,426.1792510986328,2.471798793474833,0.012668778017784158,0.16516927083333333,213.05457356770833,587.0
588.0,8894.623917102814,512.0,-4.985504150390625,-96.6376953125,16.686288833618164,0.017578125,9.0,-276.5218014187283,53.44444444444444,903168.0,-0.0083711551502347,813.9983540852865,2.47235791683197,0.01275650606645892,0.147265625,406.9660888671875,588.0
589.0,8913.535433292389,512.0,-3.962074041366577,-100.0000991821289,5.7643046379089355,0.01171875,6.0,-329.7631200154622,81.33333333333333,904704.0,-0.003607979199538628,513.5872812906902,2.4692975362141927,0.01504293103547146,0.18684895833333334,256.76534169514974,589.0
590.0,8932.013887643814,512.0,-4.052568435668945,-102.58993530273438,-5.966123104095459,0.009765625,5.0,-402.25072021484374,96.2,906240.0,-0.010848655706892411,581.7629760742187,2.471318499247233,0.011046148064391066,0.14290364583333334,290.8459264119466,590.0,-310.78709716796874,32.53905895484777,62.6,0.0,1.0,0.0,0.0
591.0,8961.107630729675,512.0,-3.9726860523223877,-98.21859741210938,5.47114896774292,0.01171875,6.0,-330.19580078125,81.16666666666667,907776.0,-0.010584850671390693,482.9014180501302,2.4775255997975667,0.01440399462201943,0.14947916666666666,241.41534779866535,591.0
592.0,8979.907395124435,512.0,-4.636128902435303,-102.22187042236328,3.264070510864258,0.013671875,7.0,-333.8545118059431,70.71428571428571,909312.0,-0.006592872009302179,777.7819254557292,2.482361650466919,0.02144538570040216,0.235546875,388.85955403645835,592.0
593.0,8998.77989578247,512.0,-3.4304027557373047,-96.0614242553711,-3.823864698410034,0.0078125,4.0,-351.0035400390625,94.0,910848.0,-0.003290558358033498,447.10780741373696,2.481369074185689,0.02011798694341754,0.20325520833333333,223.5258021036784,593.0
594.0,9017.662589550018,512.0,-4.712117671966553,-99.6435317993164,11.391986846923828,0.015625,8.0,-296.9890327453613,61.875,912384.0,-0.01047973937044541,816.9292195638021,2.483804639180501,0.012300403777044267,0.1541015625,408.4292958577474,594.0
595.0,9036.622854709625,512.0,-4.11954927444458,-100.60094451904297,2.3459229469299316,0.01171875,6.0,-346.8365071614583,83.16666666666667,913920.0,-0.011373379981766145,546.6240793863932,2.490521947542826,0.015162737698604663,0.18977864583333334,273.27576039632163,595.0
596.0,9055.10758638382,512.0,-2.9012534618377686,-100.9228286743164,-4.164190292358398,0.005859375,3.0,-380.2097473144531,98.33333333333333,915456.0,-0.008035316178575159,402.3102762858073,2.4940014044443766,0.01495311945133532,0.1779296875,201.12216135660807,596.0
597.0,9073.774277448654,512.0,-3.1331450939178467,-97.03194427490234,2.4832985401153564,0.0078125,4.0,-320.3749084472656,76.75,916992.0,-0.007567361416295171,404.3470967610677,2.491714771588643,0.013065354316495359,0.13671875,202.1410639444987,597.0
598.0,9092.353360414505,512.0,-3.63649582862854,-99.4627685546875,1.8017724752426147,0.009765625,5.0,-358.9286315917969,95.8,918528.0,-0.009142728196457029,403.5235555013021,2.489288345972697,0.012232752598356456,0.1435546875,201.72774327596028,598.0
599.0,9111.284058332443,512.0,-3.616020441055298,-113.27240753173828,-15.468091011047363,0.005859375,3.0,-546.4925638834635,141.0,920064.0,-0.011652639244372646,635.4330006917318,2.486929249763489,0.014359889431701352,0.16731770833333334,317.67997690836586,599.0
600.0,9130.149722337723,512.0,-4.292352676391602,-113.99578857421875,3.1737301349639893,0.01171875,6.0,-338.0339762369792,70.66666666666667,921600.0,-0.004356697543213764,713.3803080240885,2.4863625605901083,0.01229220365639776,0.10989583333333333,356.6609263102213,600.0,-365.2734802246094,103.11628975588272,68.2,0.0,1.0,0.0,0.0
1.0,2.7737538814544678,512.0,-3.1315090656280518,-51.02507400512695,-50.967044830322266,0.0,0.0,0.0,0.0,1536.0,0.022219157467285793,1309.3993001302083,1.839731752872467,0.11372584360651672,0.4876302083333333,654.7034688313802,1.0
2.0,5.119550466537476,512.0,-3.4199564456939697,-55.55152893066406,-53.94294357299805,0.001953125,1.0,-1322.03759765625,371.0,3072.0,0.016572014583895605,1656.5362996419271,1.8434747298558554,0.04647860643841947,0.38307291666666665,828.2662902832031,2.0
3.0,7.3885064125061035,512.0,-3.4535372257232666,-57.9339599609375,-54.13166427612305,0.001953125,1.0,-1342.0850830078125,367.0,4608.0,0.0012677779731651148,1664.8215169270834,1.8489388187726339,0.025195468069675066,0.2850260416666667,832.3935302734375,3.0
4.0,8.936214447021484,512.0,-3.3603675365448,-58.631195068359375,-52.244354248046875,0.001953125,1.0,-1619.8692626953125,480.0,6144.0,-0.0018632152893890937,1551.9051635742187,1.8589544336001078,0.030042698938632383,0.2955078125,775.93212890625,4.0
5.0,10.608757734298706,512.0,-3.4259955883026123,-62.3744010925293,-52.89335250854492,0.001953125,1.0,-1670.77734375,485.0,7680.0,-0.0015089275781065225,1583.652217610677,1.8703929344813028,0.01849166171353621,0.23365885416666668,791.8058919270833,5.0
6.0,12.16940975189209,512.0,-3.5412540435791016,-66.0214614868164,-54.043025970458984,0.001953125,1.0,-1494.34130859375,404.0,9216.0,-0.00431230867591997,1645.2355916341146,1.8806461095809937,0.017102066569107895,0.210546875,822.594677734375,6.0
7.0,13.333191156387329,512.0,-3.4388465881347656,-65.8637924194336,-51.890533447265625,0.001953125,1.0,-1286.2242431640625,357.0,10752.0,-0.0002311785239726305,1520.922998046875,1.8838399211565653,0.02893326790848126,0.278515625,760.4424072265625,7.0
8.0,15.007114171981812,512.0,-3.3656017780303955,-65.8597640991211,-50.540863037109375,0.001953125,1.0,-972.4418334960938,258.0,12288.0,-0.0023882522402952117,1453.7388427734375,1.8825076460838317,0.017944120961086205,0.21686197916666666,726.8482238769532,8.0
9.0,16.150776624679565,512.0,-3.1233654022216797,-64.66834259033203,-48.167171478271484,0.0,0.0,0.0,0.0,13824.0,-0.002080797714491685,1171.395772298177,1.8768887797991434,0.012249967374373227,0.165625,585.6770406087239,9.0
10.0,19.23742699623108,512.0,-3.436713457107544,-69.09789276123047,-51.08989334106445,0.001953125,1.0,-898.597900390625,229.0,15360.0,-0.0011890743859112262,1475.5875040690105,1.8670106013615926,0.017630932936056828,0.2201171875,737.7738830566407,10.0,-1332.8707275390625,0.0,417.0,0.0,1.0,0.0,1.0
11.0,35.185752868652344,512.0,-3.410097122192383,-69.53838348388672,-50.48360061645508,0.001953125,1.0,-1152.7603759765625,315.0,16896.0,-0.0015276516477266946,1437.062117513021,1.8709977865219116,0.01959157315044043,0.22936197916666667,718.5108235677084,11.0
12.0,39.71366596221924,512.0,-2.8156096935272217,-62.63911819458008,-42.455230712890625,0.0,0.0,0.0,0.0,18432.0,-0.0044319177977740765,910.5814921061198,1.87907368739446,0.014152396976714953,0.18854166666666666,455.26752217610675,12.0
13.0,44.1049702167511,512.0,-2.558579921722412,-59.37117385864258,-37.948795318603516,0.0,0.0,0.0,0.0,19968.0,-0.0012184147102137406,728.4750244140625,1.8815128167470296,0.006591746434181308,0.08444010416666667,364.2174814860026,13.0
14.0,50.22636127471924,512.0,-3.6793782711029053,-75.07589721679688,-52.456634521484375,0.00390625,2.0,-888.74609375,237.5,21504.0,0.0002599194801102082,1680.4665568033854,1.888598879178365,0.007422520392962421,0.0951171875,840.2146545410156,14.0
15.0,55.793598890304565,512.0,-2.834177255630493,-65.76725769042969,-42.21787643432617,0.0,0.0,0.0,0.0,23040.0,-0.0040813793738683065,897.2946105957031,1.889555847644806,0.011269191332394258,0.14537760416666667,448.62432861328125,15.0
16.0,60.19744324684143,512.0,-2.619295835494995,-63.13901901245117,-38.42015075683594,0.0,0.0,0.0,0.0,24576.0,-0.0026107350674768287,750.4475769042969,1.8815479437510172,0.009742043958976866,0.12552083333333333,375.2023620605469,16.0
17.0,65.25229907035828,512.0,-3.2839584350585938,-72.952392578125,-47.17707443237305,0.001953125,1.0,-734.4558715820312,178.0,26112.0,-0.0053420966801544035,1279.5953653971353,1.8795970241228739,0.012994190045477201,0.1634765625,639.7735453287761,17.0
18.0,73.21270251274109,512.0,-2.520038604736328,-63.25761413574219,-36.482547760009766,0.0,0.0,0.0,0.0,27648.0,0.0005761502465854089,675.7264526367187,1.8819464405377706,0.01122613784003382,0.14973958333333334,337.84498291015626,18.0
19.0,83.02780413627625,512.0,-2.462918519973755,-63.06498336791992,-35.32449722290039,0.0,0.0,0.0,0.0,29184.0,-0.003707913092027108,642.6364603678386,1.8759090582529703,0.010454245751801258,0.13815104166666667,321.29576314290364,19.0
20.0,87.74016761779785,512.0,-2.942103624343872,-69.66465759277344,-40.92033386230469,0.001953125,1.0,-1162.1484375,389.0,30720.0,-0.006850509469707807,991.084814453125,1.8751479029655456,0.011328366835368798,0.14466145833333333,495.5168090820313,20.0,-1022.0751953125,0.0,373.0,0.0,1.0,0.0,1.0
21.0,93.22356247901917,512.0,-2.9765427112579346,-71.10872650146484,-41.3972053527832,0.001953125,1.0,-1169.3328857421875,381.0,32256.0,-0.004061883005003135,1004.3043863932292,1.8812143405278523,0.008751851541455835,0.11302083333333333,502.1293253580729,21.0
22.0,94.73026442527771,512.0,-3.5959854125976562,-79.85079956054688,-49.17266845703125,0.00390625,2.0,-697.4032592773438,176.0,33792.0,-0.004282066722710928,1492.0795613606772,1.8962649782498677,0.012578215205576272,0.15540364583333333,746.0165344238281,22.0
23.0,96.03849363327026,512.0,-2.5077788829803467,-67.01551055908203,-35.417659759521484,0.0,0.0,0.0,0.0,35328.0,-0.0020246320093671483,644.0874064127604,1.900932741165161,0.008355990558629855,0.11126302083333334,322.0226694742839,23.0
24.0,97.12622904777527,512.0,-2.31012225151062,-64.51776885986328,-31.99528694152832,0.0,0.0,0.0,0.0,36864.0,-0.004834097204729914,534.1240885416667,1.901498512427012,0.009156255575362593,0.12259114583333333,267.03819274902344,24.0
25.0,98.7100031375885,512.0,-2.665422201156616,-68.86470794677734,-35.39496994018555,0.001953125,1.0,-1186.5167236328125,451.0,38400.0,-0.004094475973397493,786.1661702473958,1.8963034788767497,0.012160779442638159,0.166796875,393.0600280761719,25.0
26.0,99.74019742012024,512.0,-2.4586379528045654,-68.55329132080078,-34.16722106933594,0.0,0.0,0.0,0.0,39936.0,-0.0036403209436684848,604.8536580403646,1.898346447944641,0.010090136737562715,0.13359375,302.4042124430338,26.0
27.0,101.3709979057312,512.0,-2.387127161026001,-68.16140747070312,-32.9040412902832,0.0,0.0,0.0,0.0,41472.0,-0.0024873856144646805,558.8708455403646,1.8937682112058003,0.007037985617838179,0.09225260416666667,279.41399739583335,27.0
28.0,103.3713960647583,512.0,-2.1895041465759277,-65.5163345336914,-29.40846824645996,0.0,0.0,0.0,0.0,43008.0,-0.006104898530369004,456.2132100423177,1.894342796007792,0.007337995956186205,0.09661458333333334,228.08155670166016,28.0
29.0,104.85257577896118,512.0,-3.1082496643066406,-79.30026245117188,-42.247459411621094,0.001953125,1.0,-1435.8470458984375,458.0,44544.0,-0.002510847058147192,1040.0714579264322,1.8978277365366618,0.00878257246610398,0.120703125,520.0142364501953,29.0
30.0,106.16986751556396,512.0,-2.661875009536743,-72.5455093383789,-34.585201263427734,0.001953125,1.0,-1086.6063232421875,413.0,46080.0,-0.003872407569239537,741.1929768880208,1.899117894967397,0.014524177029185618,0.18268229166666666,370.57362467447916,30.0,-650.257080078125,0.0,267.0,0.0,1.0,0.0,1.0
31.0,109.14392256736755,512.0,-2.796215295791626,-75.55831146240234,-36.69805908203125,0.001953125,1.0,-1205.0223388671875,427.0,47616.0,-0.006003940027828018,809.4671468098958,1.9022144595781962,0.011431979162928959,0.15123697916666667,404.7085459391276,31.0
32.0,110.3200147151947,512.0,-2.1019556522369385,-67.1061019897461,-27.4609317779541,0.0,0.0,0.0,0.0,49152.0,-0.0034630778556068737,386.230126953125,1.903752295176188,0.009882999496767297,0.1314453125,193.09256286621093,32.0
33.0,112.10433721542358,512.0,-2.8391525745391846,-77.810546875,-37.15532302856445,0.001953125,1.0,-1100.661865234375,382.0,50688.0,-0.0038702743127942084,828.9343668619791,1.900053576628367,0.01224631568378148,0.16243489583333334,414.4443094889323,33.0
34.0,113.31620049476624,512.0,-3.1038618087768555,-80.83641815185547,-39.2768440246582,0.00390625,2.0,-767.670166015625,246.0,52224.0,-0.0013144810063143572,1032.466514078776,1.8917996366818746,0.009705485075634594,0.12037760416666667,516.2130167643229,34.0
35.0,114.49099373817444,512.0,-2.2704429626464844,-72.30382537841797,-29.86149024963379,0.0,0.0,0.0,0.0,53760.0,-0.0035179372566441695,452.384125773112,1.8888476649920145,0.006725957820890471,0.08880208333333334,226.1696538289388,35.0
36.0,115.6999979019165,512.0,-2.725706100463867,-78.18250274658203,-34.850528717041016,0.001953125,1.0,-998.7367553710938,355.0,55296.0,-0.00504683159912626,737.7911743164062,1.8900906801223756,0.01081989670637995,0.151171875,368.87164001464845,36.0
37.0,116.91708469390869,512.0,-2.356491804122925,-75.23419952392578,-31.02202796936035,0.0,0.0,0.0,0.0,56832.0,-0.002363435737788677,490.0348388671875,1.8909271836280823,0.00998730922389465,0.13138020833333333,244.99614766438802,37.0
38.0,118.12094712257385,512.0,-2.467059373855591,-75.20062255859375,-30.10040855407715,0.001953125,1.0,-860.224853515625,326.0,58368.0,-0.0036499358403186003,598.8445353190104,1.8853771726290385,0.008588649710873142,0.1109375,299.39976603190104,38.0
39.0,119.60159945487976,512.0,-2.918436050415039,-81.53710174560547,-35.555240631103516,0.00390625,2.0,-735.9569091796875,252.0,59904.0,-0.008901709380249182,879.5280253092448,1.8918347358703613,0.012776847011021648,0.16881510416666667,439.73618977864584,39.0
40.0,121.39641070365906,512.0,-3.707656145095825,-92.01325225830078,-45.146759033203125,0.005859375,3.0,-567.2397664388021,146.0,61440.0,-0.003035540661464135,1338.3646850585938,1.8969587604204814,0.011506646012033645,0.15045572916666666,669.1603271484375,40.0,-468.5516662597656,0.0,128.0,0.0,1.0,0.0,1.0
41.0,124.94185662269592,512.0,-2.5489656925201416,-78.63092803955078,-30.88957405090332,0.001953125,1.0,-764.1913452148438,282.0,62976.0,-0.0027625662352268893,609.3995178222656,1.8938535650571187,0.010039008412665378,0.13294270833333333,304.6780548095703,41.0
42.0,127.02278184890747,512.0,-2.9233245849609375,-83.78746795654297,-35.1754150390625,0.00390625,2.0,-742.6714935302734,254.0,64512.0,-0.003841488218555848,881.5942545572917,1.8904067635536195,0.010532904505574455,0.13893229166666668,440.7743886311849,42.0
43.0,128.63503289222717,512.0,-2.400214433670044,-77.61441802978516,-28.134199142456055,0.001953125,1.0,-929.931884765625,385.0,66048.0,-0.002264227345585823,532.2830942789714,1.8978853623072307,0.010881318763131276,0.14544270833333334,266.12030436197915,43.0
44.0,130.1598777770996,512.0,-2.5358846187591553,-80.65337371826172,-30.29276466369629,0.001953125,1.0,-770.6215209960938,259.0,67584.0,-0.004567322445412477,627.8427368164063,1.909894859790802,0.011582189751788975,0.14700520833333333,313.8977010091146,44.0
45.0,131.5130500793457,512.0,-2.294947385787964,-76.76526641845703,-26.24629783630371,0.001953125,1.0,-855.6433715820312,377.0,69120.0,-0.003930067488302787,488.4264200846354,1.9159899473190307,0.01285138213618969,0.16881510416666667,244.19012145996095,45.0
46.0,132.79262018203735,512.0,-2.7030365467071533,-84.26387786865234,-32.927101135253906,0.001953125,1.0,-1141.24365234375,412.0,70656.0,-0.006029212909440199,665.5137715657552,1.924317232767741,0.013507248344831168,0.16575520833333332,332.7316131591797,46.0
47.0,133.88426399230957,512.0,-2.346872329711914,-81.85328674316406,-29.572708129882812,0.0,0.0,0.0,0.0,72192.0,-0.001760900734613339,458.57952677408855,1.9314051310221354,0.009205528406891973,0.12154947916666667,229.26869049072266,47.0
48.0,135.01523995399475,512.0,-2.0648303031921387,-77.8963394165039,-24.65411949157715,0.0,0.0,0.0,0.0,73728.0,-0.003363671495268742,325.24122111002606,1.9240545074145,0.0070446061785332855,0.09166666666666666,162.59800618489584,48.0
49.0,136.28815984725952,512.0,-2.837773084640503,-88.81510162353516,-34.61231994628906,0.001953125,1.0,-1104.9522705078125,383.0,75264.0,-0.004371822904795408,700.8367858886719,1.912495489915212,0.014688629113758603,0.2005859375,350.3948964436849,49.0
50.0,137.56258392333984,512.0,-2.5213634967803955,-84.28862762451172,-29.125436782836914,0.001953125,1.0,-1009.92529296875,404.0,76800.0,-0.0005161528165141742,544.3142618815104,1.9170152306556703,0.0180115884655,0.21770833333333334,272.13745066324867,50.0,-855.0138549804688,0.0,396.0,0.0,1.0,0.0,0.0
51.0,145.7099575996399,512.0,-3.0847551822662354,-94.5273208618164,-38.41243362426758,0.001953125,1.0,-1086.51611328125,313.0,78336.0,-0.001835351251065731,875.0309936523438,1.9122663100560506,0.008388633389646809,0.1064453125,437.4945373535156,51.0
52.0,146.912264585495,512.0,-2.8234899044036865,-90.91854858398438,-33.842838287353516,0.001953125,1.0,-1015.5094604492188,346.0,79872.0,-0.002582493610680103,672.8132853190104,1.9060680627822877,0.017859446924800675,0.23151041666666666,336.38499755859374,52.0
53.0,148.07824325561523,512.0,-2.4145705699920654,-84.73694610595703,-26.705228805541992,0.001953125,1.0,-543.2330932617188,138.0,81408.0,-0.006349433430780967,554.5058644612631,1.9076147278149922,0.01051100188633427,0.14212239583333333,277.22750803629555,53.0
54.0,149.20776057243347,512.0,-2.6596555709838867,-86.26268768310547,-28.057327270507812,0.00390625,2.0,-637.42578125,239.5,82944.0,-0.006518058230479558,630.3805419921875,1.9113566120465597,0.012294749737096329,0.16204427083333334,315.164638264974,54.0
55.0,150.32722425460815,512.0,-2.5090725421905518,-87.27313232421875,-28.169614791870117,0.001953125,1.0,-1119.1754150390625,450.0,84480.0,-0.004706399810190002,512.6940541585286,1.919017481803894,0.012924470773820454,0.15169270833333334,256.32313232421876,55.0
56.0,151.44364643096924,512.0,-3.579667329788208,-99.981689453125,-39.99802017211914,0.005859375,3.0,-530.2134297688802,135.66666666666666,86016.0,-0.005485009464124838,1087.165146891276,1.9249508420626322,0.010673873813357205,0.14733072916666667,543.5578389485677,56.0
57.0,152.48546147346497,512.0,-3.3669683933258057,-100.2025146484375,-39.3414192199707,0.00390625,2.0,-781.3227233886719,223.5,87552.0,-0.004780609502146641,979.4268534342448,1.933923351764679,0.01057951632149828,0.14342447916666667,489.6893035888672,57.0
58.0,153.703626871109,512.0,-2.9728457927703857,-94.24275970458984,-32.494571685791016,0.00390625,2.0,-553.2554473876953,151.0,89088.0,-0.0013082060962915421,766.8278299967448,1.9363377809524536,0.009717474862312277,0.1263671875,383.39324442545575,58.0
59.0,155.06573390960693,512.0,-2.711062431335449,-93.6170883178711,-30.99413299560547,0.001953125,1.0,-1230.9600830078125,451.0,90624.0,-0.007499196225156387,609.9950948079427,1.9406835277875265,0.009725135910169531,0.12760416666666666,304.97063903808595,59.0
60.0,156.41537380218506,512.0,-3.1989355087280273,-99.32449340820312,-35.849822998046875,0.00390625,2.0,-627.4900207519531,177.0,92160.0,-0.0023713194765150546,841.5219482421875,1.9382356087366739,0.011739564842234056,0.15358072916666668,420.7392171223958,60.0,-738.5547485351562,0.0,264.0,0.0,1.0,0.0,0.0
61.0,160.80455827713013,512.0,-2.9983417987823486,-96.3168716430664,-31.980260848999023,0.00390625,2.0,-599.7351226806641,186.0,93696.0,-0.004611777421087026,727.1266682942709,1.9388839284578958,0.011085485465203722,0.14381510416666668,363.5393330891927,61.0
62.0,167.65041303634644,512.0,-1.9505332708358765,-86.0021743774414,-20.7855224609375,0.0,0.0,0.0,0.0,95232.0,-0.001407292764633894,262.71683502197266,1.946373216311137,0.008186538133304565,0.10279947916666667,131.33754704793293,62.0
63.0,172.12674736976624,512.0,-3.25408673286438,-98.93490600585938,-33.542808532714844,0.005859375,3.0,-538.804697672526,164.33333333333334,96768.0,-0.0018637538266678651,861.6744445800781,1.9473090092341105,0.011638754127003874,0.16432291666666668,430.8158884684245,63.0
64.0,176.97412967681885,512.0,-3.393173933029175,-101.7758560180664,-35.52748107910156,0.005859375,3.0,-509.7705790201823,139.0,98304.0,-0.006357000644008319,896.6813028971354,1.9484615882237752,0.008279630586427326,0.1134765625,448.3148132324219,64.0
65.0,180.3479287624359,512.0,-3.166285514831543,-101.5631103515625,-34.48196792602539,0.00390625,2.0,-429.0231170654297,103.5,99840.0,-0.006495117691035072,770.8407124837239,1.9528239607810973,0.012509511686706295,0.16393229166666667,385.3943328857422,65.0
66.0,184.30932545661926,512.0,-3.739994764328003,-105.49969482421875,-37.57508087158203,0.0078125,4.0,-449.94129943847656,116.0,101376.0,-0.00031645276273290315,1026.3491373697916,1.9592475652694703,0.011356905547048275,0.15520833333333334,513.1546600341796,66.0
67.0,187.9749629497528,512.0,-2.664186716079712,-97.84050750732422,-29.075281143188477,0.001953125,1.0,-670.4639282226562,203.0,102912.0,-0.0027095353230834006,530.3732096354166,1.9652419884999592,0.0091172615182586,0.12291666666666666,265.16424051920575,67.0
68.0,189.81741571426392,512.0,-2.719433069229126,-99.42303466796875,-29.8118953704834,0.001953125,1.0,-934.91015625,318.0,104448.0,-0.006702585937455296,541.4035268147786,1.97434774239858,0.012821713336355364,0.15149739583333333,270.6753168741862,68.0
69.0,192.04376029968262,512.0,-2.0438613891601562,-91.95681762695312,-21.502914428710938,0.0,0.0,0.0,0.0,105984.0,-0.004350018501281738,266.47557169596354,1.9746299465497335,0.010077125365690639,0.13619791666666667,133.21368865966798,69.0
