update,time_sec,valid_steps,mean_reward,mean_return,mean_advantage,done_fraction,episodes_finished,mean_episode_return,mean_episode_length,total_env_steps,actor_loss,critic_loss,entropy,approx_kl,clip_fraction,total_loss,num_updates
1.0,9.832436323165894,512.0,-3.4603116512298584,-186.1525421142578,-16.00998878479004,0.00390625,2.0,-762.8392639160156,213.0,1383936.0,-0.006781343122323354,766.1769104003906,3.506561819712321,0.038090135995298625,0.2508463541666667,383.04660949707034,901.0
2.0,24.48138451576233,512.0,-3.116353750228882,-143.82440185546875,-10.359312057495117,0.00390625,2.0,-623.0328063964844,129.0,1385472.0,-0.0037255946546792982,467.7146250406901,3.514831471443176,0.037663335477312404,0.2107421875,233.8184371948242,902.0
1.0,8.022563695907593,512.0,-4.325317859649658,-195.2825469970703,-16.01669692993164,0.0078125,4.0,-526.245246887207,117.25,1383936.0,-0.002063599942872922,335.6997375488281,3.500760777791341,0.022753820413102706,0.187890625,167.81279907226562,901.0
2.0,14.462419509887695,512.0,-2.4821157455444336,-154.96263122558594,-6.933119297027588,0.001953125,1.0,-836.779296875,225.0,1385472.0,-0.005466479063034058,342.93076782226564,3.4978555123011272,0.04738317473481099,0.23430989583333334,171.42493794759113,902.0
3.0,20.115496158599854,512.0,-5.084249496459961,-200.9001922607422,-45.50724411010742,0.00390625,2.0,-1268.6390686035156,242.5,1387008.0,0.0019022207551946243,4818.554801432291,3.5001315673192344,0.031158352208634218,0.22552083333333334,2409.244392903646,903.0
4.0,25.903839111328125,512.0,-3.643098831176758,-184.45347595214844,-13.606823921203613,0.00390625,2.0,-610.8727111816406,132.5,1388544.0,-0.0060660024483998615,387.07854715983075,3.4974443038304646,0.043178087752312425,0.21888020833333333,193.49823303222655,904.0
5.0,32.7726948261261,512.0,-5.253464221954346,-218.6888427734375,-12.542091369628906,0.01171875,6.0,-433.1268310546875,79.16666666666667,1390080.0,-0.002441945082197587,133.45007044474283,3.496454660097758,0.03455739378308256,0.19036458333333334,66.68762741088867,905.0
6.0,39.81008005142212,512.0,-3.581916093826294,-181.42877197265625,-19.11970329284668,0.00390625,2.0,-817.4573669433594,220.5,1391616.0,-0.004568287171423435,676.8750223795573,3.500392945607503,0.03463546559214592,0.2353515625,338.39793904622394,906.0
7.0,46.51207447052002,512.0,-3.490449905395508,-143.6162872314453,-25.117416381835938,0.001953125,1.0,-1434.9691162109375,317.0,1393152.0,-0.007771299468974272,2359.482312011719,3.5033892075220745,0.4141653618464867,0.2296875,1179.698350016276,907.0
8.0,53.77484321594238,512.0,-4.3836236000061035,-181.8412628173828,-28.786544799804688,0.00390625,2.0,-493.3367156982422,105.0,1394688.0,0.002630506828427315,2899.579239908854,3.510166875521342,0.05427476273228725,0.31126302083333335,1449.7571451822917,908.0
9.0,59.606741428375244,512.0,-4.008829593658447,-162.71722412109375,-18.330333709716797,0.005859375,3.0,-556.6611328125,116.66666666666667,1396224.0,-0.011257630586624146,1782.1450317382812,3.5186249732971193,0.023869409955417118,0.24733072916666668,891.0260823567709,909.0
10.0,65.21388101577759,512.0,-3.503498077392578,-170.47108459472656,-14.58288860321045,0.00390625,2.0,-646.8629760742188,163.0,1397760.0,0.001348347682505846,462.54893595377604,3.522393838564555,0.028108166934301456,0.21009114583333333,231.24059295654297,910.0,-528.2621856689453,231.69476475602005,185.0,0.0,0.8,0.0,1.0
11.0,82.65220999717712,512.0,-4.296846866607666,-193.2008819580078,-14.19473934173584,0.0078125,4.0,-480.8042678833008,103.25,1399296.0,0.008866896573454141,358.0544708251953,3.5230019092559814,0.06073257368989289,0.25078125,179.0008748372396,911.0
12.0,90.10769629478455,512.0,-4.156361103057861,-183.8852081298828,-14.180038452148438,0.0078125,4.0,-513.4010543823242,120.25,1400832.0,-0.005144261165211598,369.8893534342448,3.5225263913472493,0.013501864857971668,0.13938802083333332,184.90430704752603,912.0
13.0,97.54251909255981,512.0,-4.949091911315918,-205.8618621826172,-25.03288459777832,0.0078125,4.0,-587.4561767578125,111.75,1402368.0,-0.011003469489514828,1067.4542012532552,3.533259137471517,0.04524608679736654,0.18111979166666667,533.6807596842448,913.0
14.0,104.01506781578064,512.0,-6.133869171142578,-211.5348663330078,-56.00752639770508,0.005859375,3.0,-998.0564168294271,150.0,1403904.0,-0.011140477067480484,5571.091927083334,3.54244491259257,0.017079600133001804,0.15032552083333334,2785.4993896484375,914.0
15.0,109.40810561180115,512.0,-4.679670810699463,-205.0919647216797,-25.778871536254883,0.005859375,3.0,-567.0404052734375,124.66666666666667,1405440.0,-0.0008465294726192951,1413.763545735677,3.541266449292501,0.02626532334834337,0.20657552083333333,706.8455291748047,915.0
16.0,115.08366966247559,512.0,-4.772511959075928,-208.93109130859375,-12.903164863586426,0.009765625,5.0,-474.63502807617186,97.0,1406976.0,-0.005912138211230437,107.91595306396485,3.54124907652537,0.018215003081907828,0.15221354166666667,53.91665115356445,916.0
17.0,122.41528391838074,512.0,-5.1837310791015625,-221.3209686279297,-18.467008590698242,0.009765625,5.0,-499.10236206054685,91.2,1408512.0,-0.006266337757309278,366.7927205403646,3.547377602259318,0.028027711750473826,0.2634765625,183.35462036132813,917.0
18.0,129.30327582359314,512.0,-4.8146281242370605,-212.6162109375,-12.6848783493042,0.009765625,5.0,-490.3611633300781,101.4,1410048.0,0.001383143151178956,106.61704126993816,3.5523622115453084,0.015189692028798163,0.1509765625,53.274380111694335,918.0
19.0,136.52695608139038,512.0,-4.4002556800842285,-212.2903594970703,-12.445762634277344,0.0078125,4.0,-528.6372222900391,114.75,1411584.0,-0.005640759575180709,117.09548594156901,3.5468297004699707,0.05405975634542604,0.1853515625,58.50663375854492,919.0
20.0,144.70597052574158,512.0,-4.370609283447266,-207.026123046875,-12.364940643310547,0.0078125,4.0,-523.6324920654297,113.75,1413120.0,-0.007288726574430863,157.3813232421875,3.5404895385106405,0.018709217198193073,0.17545572916666666,78.64796841939291,920.0,-618.5266876220703,244.2678569493494,271.0,0.0,0.8,0.2,0.0
21.0,165.30879020690918,512.0,-4.339175224304199,-203.185791015625,-12.701874732971191,0.0078125,4.0,-529.1997222900391,117.5,1414656.0,-0.006084878253750503,194.3810582478841,3.536868103345235,0.019072137967062492,0.21223958333333334,97.14907531738281,921.0
22.0,172.92226719856262,512.0,-3.7499072551727295,-165.3921356201172,-24.99286460876465,0.00390625,2.0,-841.2156372070312,218.0,1416192.0,-0.003495381772518158,1298.9823689778646,3.543916090329488,0.02183485438581556,0.17864583333333334,649.4522440592448,922.0
23.0,179.7043740749359,512.0,-5.384454250335693,-221.660400390625,-37.32000732421875,0.005859375,3.0,-848.0267537434896,141.66666666666666,1417728.0,-0.01933933192243179,4593.220524088541,3.552190327644348,0.023783958920588096,0.14889322916666667,2296.555411783854,923.0
24.0,186.6792290210724,512.0,-4.34850549697876,-204.4857177734375,-12.323436737060547,0.0078125,4.0,-525.3359298706055,115.0,1419264.0,0.07694437087823948,190.0953348795573,3.5585495313008626,0.07501762119742732,0.3270182291666667,95.08902587890626,924.0
25.0,193.64677929878235,512.0,-4.187220096588135,-184.9037322998047,-17.44390296936035,0.005859375,3.0,-524.202392578125,117.66666666666667,1420800.0,-0.005829617520794273,762.8172729492187,3.5625030914942424,0.02455249206783871,0.18059895833333334,381.3671834309896,925.0
26.0,199.03253388404846,512.0,-3.0241496562957764,-163.86155700683594,-10.648538589477539,0.00390625,2.0,-712.0181884765625,230.5,1422336.0,-0.0042645952043433985,545.2612803141276,3.567525053024292,0.02944325329735875,0.26712239583333336,272.59070078531903,926.0
27.0,205.54574871063232,512.0,-4.469130992889404,-200.6777801513672,-24.154481887817383,0.005859375,3.0,-738.9043782552084,161.0,1423872.0,-0.014952092369397482,946.7293701171875,3.575175428390503,0.028221871020893255,0.18326822916666666,473.3139689127604,927.0
28.0,212.85974764823914,512.0,-5.332587718963623,-221.0185089111328,-28.485761642456055,0.0078125,4.0,-649.0907592773438,114.25,1425408.0,-0.01289717659043769,1736.2812622070312,3.5790673096974692,0.2509664456049601,0.20390625,868.0919392903646,928.0
29.0,220.57527565956116,512.0,-4.827475070953369,-207.82630920410156,-36.62392807006836,0.00390625,2.0,-1089.2115783691406,204.0,1426944.0,-0.010706677815566461,3117.459716796875,3.5903419494628905,0.07047243639826775,0.28977864583333335,1558.683260091146,929.0
30.0,227.24986052513123,512.0,-3.721942901611328,-176.7300262451172,-21.939184188842773,0.00390625,2.0,-795.1422729492188,200.5,1428480.0,-0.01196389460625748,1306.954366048177,3.596086327234904,0.020803802429387966,0.14934895833333334,653.4292724609375,930.0,-581.9756164550781,263.31476281308153,252.0,0.0,0.8,0.2,0.0
31.0,247.87403631210327,512.0,-4.961484432220459,-214.478515625,-22.870943069458008,0.0078125,4.0,-617.8788681030273,121.0,1430016.0,-0.01880307689619561,1172.1017517089845,3.595990753173828,0.0634119008978208,0.2642578125,585.9961252848308,931.0
32.0,253.84003472328186,512.0,-3.9573428630828857,-199.586181640625,-22.44289207458496,0.00390625,2.0,-914.8191833496094,217.0,1431552.0,-0.007714312647779783,689.6286539713542,3.5965409755706785,0.08903391137719155,0.23385416666666667,344.77065022786456,932.0
33.0,263.32497453689575,512.0,-2.71810245513916,-157.82472229003906,-8.406269073486328,0.001953125,1.0,-809.4299926757812,254.0,1433088.0,-0.010604150888199607,508.1795166015625,3.597917826970418,0.07939351176222166,0.2224609375,254.04317576090494,933.0
34.0,275.73450565338135,512.0,-4.137761116027832,-195.7229461669922,-18.49912452697754,0.005859375,3.0,-680.6609191894531,160.33333333333334,1434624.0,0.08738892273977399,528.333149210612,3.596853574117025,0.1775186022122701,0.33151041666666664,264.21799621582034,934.0
35.0,288.55208444595337,512.0,-4.0687079429626465,-182.25640869140625,-11.172837257385254,0.0078125,4.0,-491.9911422729492,117.0,1436160.0,-0.007571718733136852,468.3320770263672,3.5930708169937136,0.08682567290961743,0.2376953125,234.122536722819,935.0
36.0,300.64555978775024,512.0,-3.7297122478485107,-185.6525421142578,-11.209095001220703,0.005859375,3.0,-579.7783711751302,146.66666666666666,1437696.0,3.564575066169103e-05,382.034375,3.593072287241618,0.04718509782105684,0.20436197916666668,190.98129272460938,936.0
37.0,312.8170974254608,512.0,-4.558809280395508,-199.96388244628906,-24.331636428833008,0.005859375,3.0,-642.2635599772135,128.66666666666666,1439232.0,-0.010804462153464556,1257.4921549479166,3.593130580584208,0.18438549960652986,0.2903645833333333,628.699321492513,937.0
38.0,325.22281789779663,512.0,-2.086745500564575,-129.61647033691406,-6.280623912811279,0.001953125,1.0,-922.2012329101562,450.0,1440768.0,-0.0027677973732352255,267.93379567464194,3.5952745993932087,0.04958452864860495,0.16953125,133.9281778971354,938.0
39.0,337.53714776039124,512.0,-1.5847907066345215,-132.37928771972656,0.20957183837890625,0.0,0.0,0.0,0.0,1442304.0,-0.013209984886149566,690.5391967773437,3.5967137018839517,0.14980671977003415,0.2203125,345.2204193115234,939.0
40.0,349.99755215644836,512.0,-2.311335802078247,-158.15328979492188,-2.022620439529419,0.001953125,1.0,-356.1163330078125,56.0,1443840.0,-0.011902058636769653,384.51560465494794,3.594696068763733,0.1590485284725825,0.2552734375,192.20995330810547,940.0,-1022.4338806152343,385.47967471086974,560.8,0.0,0.2,0.8,0.0
41.0,422.8441004753113,512.0,-2.4615089893341064,-159.0906524658203,-13.710785865783691,0.0,0.0,0.0,0.0,1445376.0,-0.020030496331552666,1226.3252014160157,3.592240643501282,0.7647656907637914,0.4400390625,613.1066538492838,941.0
42.0,434.94484066963196,512.0,-2.5376617908477783,-158.07981872558594,-14.901450157165527,0.0,0.0,0.0,0.0,1446912.0,-0.006089898509283861,1905.163505045573,3.5955265045166014,0.38338324626286824,0.34954427083333334,952.5396993001302,942.0
43.0,447.12451791763306,512.0,-3.3200464248657227,-198.5633544921875,-9.86880874633789,0.00390625,2.0,-798.6637573242188,235.5,1448448.0,-0.006357243051752448,279.9024876912435,3.5960461616516115,0.3562605182329814,0.28880208333333335,139.9089276631673,943.0
44.0,459.1863491535187,512.0,-1.730389952659607,-192.8492889404297,5.400531768798828,0.0,0.0,0.0,0.0,1449984.0,-0.010463826482494672,200.48223215738932,3.590333612759908,1.9200787723064423,0.5299479166666666,100.19474919637044,944.0
45.0,471.35229206085205,512.0,-1.95028555393219,-199.80079650878906,1.7553199529647827,0.0,0.0,0.0,0.0,1451520.0,-0.031555380842958884,212.58682301839193,3.580854312578837,3.3061914682388305,0.6352864583333333,106.22604726155599,945.0
46.0,483.30207204818726,512.0,-3.2068870067596436,-226.5571746826172,-9.258872032165527,0.001953125,1.0,-478.655029296875,97.0,1453056.0,0.031930538437639676,78.81512807210287,3.572081192334493,2.964539098739624,0.5760416666666667,39.403773880004884,946.0
47.0,495.3793227672577,512.0,-2.771061658859253,-226.6249542236328,-9.794058799743652,0.0,0.0,0.0,0.0,1454592.0,0.003855403683458765,65.75257975260416,3.565067108472188,2.3563778241475424,0.5754557291666667,32.84449450174967,947.0
48.0,507.31242656707764,512.0,-3.0795466899871826,-225.50286865234375,-7.5915093421936035,0.001953125,1.0,-986.609130859375,303.0,1456128.0,0.025430747664843996,40.89539744059245,3.5606743733088178,1.8842180967330933,0.6484375,20.43752244313558,948.0
49.0,519.3973677158356,512.0,-3.3573758602142334,-229.8572540283203,-12.33972454071045,0.001953125,1.0,-1584.0511474609375,465.0,1457664.0,0.024902399784574907,109.82695973714193,3.5581985235214235,1.3782069007555644,0.5702473958333333,54.90280036926269,949.0
50.0,531.3648536205292,512.0,-3.0955936908721924,-228.5521697998047,-7.378037929534912,0.001953125,1.0,-1510.3516845703125,483.0,1459200.0,0.02559053832665086,37.20620625813802,3.5559699138005576,1.618492885430654,0.5748697916666666,18.593134053548177,950.0,-1223.9876525878906,514.6840339734506,414.2,0.0,0.4,0.6,0.0
51.0,594.1327166557312,512.0,-2.5909903049468994,-226.8089599609375,-6.432182312011719,0.0,0.0,0.0,0.0,1460736.0,-0.03329004030674696,28.168010075887043,3.545245130856832,1.392336372534434,0.5915364583333333,14.01526247660319,951.0
52.0,2217.8672749996185,512.0,-2.4956791400909424,-222.5780487060547,-5.052389621734619,0.0,0.0,0.0,0.0,1462272.0,0.011547592313339313,39.56878554026286,3.534017833073934,1.3983094414075217,0.5486328125,19.760600153605143,952.0
53.0,2230.2818171977997,512.0,-3.4268147945404053,-228.0747833251953,-12.210110664367676,0.001953125,1.0,-486.66748046875,107.0,1463808.0,0.03505150439838568,383.8598932902018,3.531556328137716,0.6656789720058441,0.5428385416666667,191.92968139648437,953.0
54.0,2236.9000520706177,512.0,-3.4519004821777344,-227.678466796875,-5.343059539794922,0.00390625,2.0,-556.8592224121094,132.0,1465344.0,0.04087086909761031,46.553213882446286,3.5353551308314004,1.3084364702304205,0.5708333333333333,23.282124328613282,954.0
55.0,2249.580353498459,512.0,-3.366429090499878,-222.09315490722656,-12.79500961303711,0.001953125,1.0,-1218.5123291015625,321.0,1466880.0,0.060336117477466665,498.2245351155599,3.5367698669433594,0.6572106937567394,0.5341796875,249.13723754882812,955.0
56.0,2265.028657913208,512.0,-3.610340118408203,-225.97178649902344,-9.154620170593262,0.00390625,2.0,-891.5516967773438,243.5,1468416.0,0.035829033236950636,122.94383544921875,3.53477992216746,0.638506488998731,0.5117838541666667,61.47239977518718,956.0
57.0,2276.3218450546265,512.0,-3.3952529430389404,-232.1028594970703,-12.009154319763184,0.001953125,1.0,-1253.2459716796875,327.0,1469952.0,0.023042396859576306,303.0887959798177,3.5319568951924643,0.44613177676995597,0.49388020833333335,151.53212000528973,957.0
58.0,2289.858610391617,512.0,-3.597337484359741,-236.9870147705078,-14.885578155517578,0.001953125,1.0,-1226.1302490234375,293.0,1471488.0,0.019587229828660686,442.19703267415366,3.5276279211044312,0.33439979553222654,0.45514322916666666,221.08282725016275,958.0
59.0,2308.7769243717194,512.0,-3.618244171142578,-204.6757354736328,-22.600343704223633,0.001953125,1.0,-1829.2230224609375,503.0,1473024.0,-0.0014298202780385811,1272.06904296875,3.5227877537409467,0.21164328008890151,0.3811848958333333,635.9978708902995,959.0
60.0,2337.512698173523,512.0,-3.445378065109253,-230.999267578125,-13.593040466308594,0.001953125,1.0,-1363.23486328125,356.0,1474560.0,0.01379553001994888,244.90147043863934,3.5176658550898234,0.31513887345790864,0.4611328125,122.42935536702474,960.0,-1351.9466430664063,397.7661163722651,374.0,0.0,1.0,0.0,0.0
61.0,2451.3789258003235,512.0,-3.3470842838287354,-233.1295166015625,-10.84575366973877,0.001953125,1.0,-937.1181640625,274.0,1476096.0,0.012373282372330626,182.96626942952474,3.511729025840759,1.1245960344870884,0.46360677083333335,91.46039098103842,961.0
62.0,2478.349725484848,512.0,-3.5273678302764893,-228.9215087890625,-6.579309940338135,0.00390625,2.0,-849.0772094726562,235.5,1477632.0,-0.00046644996230800945,71.33364562988281,3.5026944398880007,0.3604384963711103,0.3791015625,35.63132902781169,962.0
63.0,2505.0518345832825,512.0,-3.752119779586792,-225.5667724609375,-11.66936206817627,0.00390625,2.0,-814.7940216064453,198.5,1479168.0,0.011324558748553197,317.87527720133465,3.492525855700175,0.24255996892849604,0.3824869791666667,158.91403732299804,963.0
64.0,2531.4194025993347,512.0,-3.5435075759887695,-229.0749969482422,-6.581227779388428,0.00390625,2.0,-824.2078552246094,224.0,1480704.0,0.002452192424486081,66.80073509216308,3.486848322550456,0.19280976603428523,0.34661458333333334,33.36795164744059,964.0
65.0,2558.0820095539093,512.0,-2.648635149002075,-198.45664978027344,-4.0207624435424805,0.001953125,1.0,-1069.96826171875,399.0,1482240.0,0.017555454994241396,150.5575075785319,3.4847398519515993,0.1536885807911555,0.3744140625,75.26146125793457,965.0
66.0,2584.44358086586,512.0,-3.949650526046753,-233.79359436035156,-4.6128621101379395,0.005859375,3.0,-616.3646647135416,148.0,1483776.0,-0.008646096506466468,38.5512814839681,3.483925382296244,0.1424285906056563,0.3121744791666667,19.23215535481771,966.0
67.0,2610.4369468688965,512.0,-3.773226499557495,-228.29920959472656,-2.2695162296295166,0.005859375,3.0,-570.2018737792969,141.0,1485312.0,0.005966975819319487,38.323543866475426,3.480504337946574,0.1602093331515789,0.3682942708333333,19.132934061686196,967.0
68.0,2636.2733223438263,512.0,-3.363340377807617,-225.04925537109375,-3.6833889484405518,0.00390625,2.0,-759.7412719726562,216.5,1486848.0,0.01024876091008385,40.35296058654785,3.47826406955719,0.18584398676951727,0.32805989583333334,20.151946385701496,968.0
69.0,2661.922663450241,512.0,-3.5145885944366455,-227.962646484375,-5.55984354019165,0.00390625,2.0,-698.9568176269531,173.0,1488384.0,0.010203107989703615,81.5619504292806,3.4766321738560992,0.09603512374063333,0.34375,40.756411997477215,969.0
70.0,2687.4326164722443,512.0,-4.2403130531311035,-237.78736877441406,-9.85468864440918,0.005859375,3.0,-683.6497192382812,154.0,1489920.0,-0.010596581331143776,151.72384033203124,3.47515602906545,0.2265092189113299,0.3169921875,75.81657257080079,970.0,-845.3999755859375,359.9007805893136,212.8,0.0,1.0,0.0,0.0
71.0,2757.8747339248657,512.0,-3.5774967670440674,-232.1879425048828,-6.052200794219971,0.00390625,2.0,-707.5419006347656,175.0,1491456.0,-0.003591677670677503,91.76263224283854,3.4716778993606567,0.10336820644636949,0.25416666666666665,45.84300765991211,971.0
72.0,2782.8450043201447,512.0,-3.421820878982544,-226.4940185546875,-4.576975345611572,0.00390625,2.0,-756.61279296875,213.5,1492992.0,0.015532478193442027,66.44909782409668,3.469154143333435,0.11884504693249862,0.29127604166666665,33.2053897857666,972.0
73.0,2806.719446182251,512.0,-3.4251983165740967,-229.2279815673828,-3.9002277851104736,0.00390625,2.0,-722.154541015625,194.0,1494528.0,-0.009276639840876063,42.29028968811035,3.4674572706222535,0.08595011929670969,0.23528645833333334,21.101193809509276,973.0
74.0,2834.369754076004,512.0,-2.6645824909210205,-200.1696319580078,-2.7266738414764404,0.001953125,1.0,-887.3544921875,313.0,1496064.0,0.005049950970957676,176.8020441691081,3.467934823036194,0.08651417860140403,0.20013020833333334,88.37139333089193,974.0
75.0,2862.4390239715576,512.0,-3.3770458698272705,-225.5194549560547,-2.1426620483398438,0.00390625,2.0,-618.4781188964844,154.5,1497600.0,0.000649688175568978,71.17736536661783,3.4670610109965008,0.09811244780818622,0.2838541666666667,35.55466200510661,975.0
76.0,2889.907638311386,512.0,-3.3704051971435547,-231.2254638671875,-10.0836763381958,0.001953125,1.0,-1156.6441650390625,293.0,1499136.0,-0.005394170681635539,441.4270284016927,3.466146198908488,0.12484421854217848,0.2505859375,220.6734603881836,976.0
77.0,2918.1121435165405,512.0,-3.56376051902771,-233.1160888671875,-13.62091064453125,0.001953125,1.0,-1053.0726318359375,265.0,1500672.0,-0.009763592761009932,717.7951090494792,3.4648773272832236,0.18325219800074896,0.28932291666666665,358.85314127604164,977.0
78.0,2946.190246105194,512.0,-3.298006772994995,-230.8020782470703,-9.443709373474121,0.001953125,1.0,-858.6492309570312,249.0,1502208.0,-0.009989125235006214,341.2110961914062,3.462256105740865,0.20628399898608527,0.30807291666666664,170.56093724568686,978.0
79.0,2974.1598885059357,512.0,-3.7107114791870117,-235.1900634765625,-8.744341850280762,0.00390625,2.0,-890.9178771972656,233.0,1503744.0,-0.011299330446248253,216.90256958007814,3.463567686080933,9.2185602063934,0.308203125,108.40535049438476,979.0
80.0,3001.5575058460236,512.0,-3.318042516708374,-228.93785095214844,-1.7244247198104858,0.00390625,2.0,-683.8157501220703,188.5,1505280.0,0.04979605741488437,35.68353684743246,3.465963904062907,0.14582786336541176,0.45240885416666665,17.856904856363933,980.0,-1313.3857788085938,548.1045975275835,348.2,0.0,1.0,0.0,0.0
81.0,3114.5742321014404,512.0,-3.8934202194213867,-234.24755859375,-3.1993567943573,0.005859375,3.0,-659.9640502929688,169.0,1506816.0,0.011882935526470344,64.12051734924316,3.469217610359192,0.9190874387820561,0.32395833333333335,32.03744913736979,981.0
82.0,3141.943150997162,512.0,-3.176919937133789,-235.3532257080078,-6.281993865966797,0.001953125,1.0,-1114.37841796875,323.0,1508352.0,0.003983505597958962,115.97762883504232,3.469132161140442,0.44254933049281436,0.35423177083333335,57.95810610453288,982.0
83.0,3169.540099143982,512.0,-3.0320281982421875,-227.9080047607422,-15.055720329284668,0.001953125,1.0,-1552.3988037109375,512.0,1509888.0,-0.005374612535039584,943.5120747884115,3.466107209523519,0.37018277049064635,0.39251302083333334,471.71599934895835,983.0
84.0,3195.034412384033,512.0,-3.7017431259155273,-237.0991668701172,-6.553734302520752,0.00390625,2.0,-574.0326232910156,140.0,1511424.0,-0.0078488076881816,295.22457427978514,3.4628633578618366,0.41857412258783977,0.3610026041666667,147.56980819702147,984.0
85.0,3220.151207923889,512.0,-1.7396756410598755,-183.66937255859375,7.079362392425537,0.0,0.0,0.0,0.0,1512960.0,0.0012311788275837898,239.27452239990234,3.4569456895192463,0.2596111327409744,0.34986979166666665,119.60392201741537,985.0
86.0,3244.527116060257,512.0,-4.215754508972168,-234.5826416015625,-0.1539088934659958,0.0078125,4.0,-518.5613021850586,119.75,1514496.0,0.01910435282625258,22.621843401590983,3.453742281595866,0.10854691192507744,0.26608072916666664,11.295488548278808,986.0
87.0,3269.39053940773,512.0,-3.550837755203247,-233.92262268066406,-4.567574501037598,0.00390625,2.0,-538.619140625,129.5,1516032.0,-0.0030492240252594153,86.20882797241211,3.447608542442322,0.2452165111899376,0.3201171875,43.06688855489095,987.0
88.0,3296.6233353614807,512.0,-4.309144973754883,-236.2643585205078,-1.6667308807373047,0.0078125,4.0,-527.4061889648438,118.5,1517568.0,0.015750240006794532,45.37241121927897,3.4422083536783856,0.10516531094908714,0.26803385416666664,22.667533747355144,988.0
89.0,3325.561137199402,512.0,-3.322779417037964,-227.03001403808594,-2.247422933578491,0.00390625,2.0,-738.6048736572266,211.5,1519104.0,0.00786645570769906,36.436567242940264,3.437039279937744,0.1828796980281671,0.3147786458333333,18.191779867808023,989.0
90.0,3352.9033753871918,512.0,-2.388871431350708,-194.39105224609375,5.5636749267578125,0.001953125,1.0,-448.9342346191406,87.0,1520640.0,0.009013346986224254,140.80971705118816,3.437435332934062,0.2123918135960897,0.31692708333333336,70.37949752807617,990.0,-938.2512145996094,268.4691345522347,290.0,0.0,1.0,0.0,0.0
91.0,3453.0335364341736,512.0,-3.733882188796997,-235.2490234375,-15.365796089172363,0.001953125,1.0,-430.2547302246094,87.0,1522176.0,0.03803589530289173,1002.7220662434896,3.438089958826701,0.39021589159965514,0.4986979166666667,501.36468607584635,991.0
92.0,3481.1625652313232,512.0,-1.6326169967651367,-180.5723876953125,13.306670188903809,0.001953125,1.0,-621.71533203125,431.0,1523712.0,0.0004101102550824483,793.8743774414063,3.435721198717753,0.09499133924643198,0.28463541666666664,396.9032379150391,992.0
93.0,3509.2586295604706,512.0,-3.565314292907715,-235.6754913330078,-5.34058141708374,0.00390625,2.0,-661.3733520507812,169.5,1525248.0,0.008043937493736546,50.91500498453776,3.4399176120758055,0.10088605011502902,0.271484375,25.43114725748698,993.0
94.0,3537.235207080841,512.0,-4.115881443023682,-239.93310546875,-6.126200199127197,0.005859375,3.0,-654.5791727701823,150.66666666666666,1526784.0,0.0018756476851801078,88.74872258504232,3.4446114778518675,0.12114759323497613,0.25514322916666665,44.34179039001465,994.0
95.0,3565.2310173511505,512.0,-3.7741363048553467,-231.20054626464844,-0.8627093434333801,0.005859375,3.0,-571.6885782877604,141.33333333333334,1528320.0,0.04667490084345142,32.47163327534994,3.4437222878138223,0.34666530390580497,0.39231770833333335,16.248054154713948,995.0
96.0,3592.8645589351654,512.0,-3.443094491958618,-188.5780487060547,10.993415832519531,0.0078125,4.0,-338.43782806396484,56.0,1529856.0,0.03365132184699178,189.27024688720704,3.439731208483378,0.21194060519337654,0.4016927083333333,94.6343780517578,996.0
97.0,3620.3510644435883,512.0,-1.8541135787963867,-157.7899932861328,22.34873390197754,0.005859375,3.0,-312.81927490234375,169.33333333333334,1531392.0,-0.0019479858689010142,1171.5203857421875,3.436947004000346,0.2187957892815272,0.3722005208333333,585.7238820393881,997.0
98.0,3648.1070165634155,512.0,-2.205021381378174,-167.3484649658203,12.904658317565918,0.00390625,2.0,-344.1604766845703,53.0,1532928.0,-0.0016267981380224227,360.424892171224,3.437178603808085,0.24039502789576847,0.3380208333333333,180.17644907633465,998.0
99.0,3673.951093673706,512.0,-1.2654646635055542,-150.52894592285156,9.9094877243042,0.0,0.0,0.0,0.0,1534464.0,-0.0060642291170855366,683.1415588378907,3.4335673252741494,0.29905624836683276,0.28684895833333335,341.5303797403971,999.0
100.0,3698.6263468265533,512.0,-0.776823103427887,-129.0537872314453,15.969605445861816,0.0,0.0,0.0,0.0,1536000.0,0.0005088680579016606,359.9855133056641,3.434378703435262,0.34573685626188916,0.4126953125,179.95892130533855,1000.0,-428.7114196777344,103.94347239055506,149.0,0.0,0.8,0.0,1.0
101.0,3754.195013523102,512.0,-0.5091468691825867,-116.3681869506836,18.944597244262695,0.0,0.0,0.0,0.0,1537536.0,-0.009149125513310234,380.1543660481771,3.431891147295634,0.774189164241155,0.45559895833333336,190.0337158203125,1001.0
102.0,3780.4240486621857,512.0,-2.748011827468872,-189.7559051513672,-3.440715789794922,0.001953125,1.0,-860.8240356445312,310.0,1539072.0,0.05448651459688942,499.3006184895833,3.430077068010966,1.681216162443161,0.5604166666666667,249.67049204508464,1002.0
103.0,3807.0835967063904,512.0,-2.249429702758789,-186.11216735839844,2.779409646987915,0.001953125,1.0,-301.8801574707031,296.0,1540608.0,-0.012433633642892043,1206.8723307291666,3.431350755691528,1.171607009569804,0.4513020833333333,603.3894276936849,1003.0
104.0,3835.540720462799,512.0,-3.479517698287964,-199.4008331298828,-7.136430263519287,0.00390625,2.0,-584.4985198974609,151.0,1542144.0,-0.017473746075605354,694.176991780599,3.4251692930857343,0.883032230536143,0.29830729166666664,347.0367736816406,1004.0
105.0,3864.6953268051147,512.0,-4.010603427886963,-232.40435791015625,-4.999000072479248,0.005859375,3.0,-512.2634582519531,114.0,1543680.0,-0.018652498070150614,75.3590316772461,3.421551529566447,0.7902714610099792,0.2919921875,37.626647822062175,1005.0
106.0,3893.088318347931,512.0,-4.380035400390625,-223.3498992919922,-5.856060028076172,0.0078125,4.0,-559.8942031860352,127.75,1545216.0,-0.0019147745644052824,272.47542266845704,3.418215250968933,0.8747332125902176,0.29830729166666664,136.2016159057617,1006.0
107.0,3920.9391374588013,512.0,-4.28639030456543,-225.4408416748047,-3.4214203357696533,0.0078125,4.0,-516.1483306884766,115.25,1546752.0,0.022223568987101316,111.23675587972005,3.4192065318425495,0.5040010591348012,0.34466145833333334,55.60640970865885,1007.0
108.0,3948.5345470905304,512.0,-4.487761974334717,-232.1476593017578,-14.994587898254395,0.005859375,3.0,-719.7615152994791,153.33333333333334,1548288.0,-0.015817379051198562,1002.5038309733073,3.4229587872823077,0.5810604164997737,0.4044921875,501.201865641276,1008.0
109.0,3975.4167895317078,512.0,-4.017408847808838,-220.6469268798828,-8.292407989501953,0.005859375,3.0,-677.8859456380209,167.66666666666666,1549824.0,0.023522247653454544,561.9706288655599,3.423881467183431,0.5733493983745575,0.3785807291666667,280.97459716796874,1009.0
110.0,4002.6795926094055,512.0,-2.8152971267700195,-184.0751953125,-14.971474647521973,0.0,0.0,0.0,0.0,1551360.0,0.017083768965676427,1121.254327392578,3.42291046778361,1.4100371559460958,0.5606119791666667,560.6100087483724,1010.0,-487.24853515625,146.14865034595218,105.6,0.0,1.0,0.0,0.0
111.0,4057.2239801883698,512.0,-3.820279359817505,-204.34303283691406,-11.812702178955078,0.00390625,2.0,-409.7153778076172,72.5,1552896.0,-0.01419657600733141,1173.4452677408854,3.42394749323527,0.5183655887842178,0.36178385416666664,586.6741963704427,1011.0
112.0,4085.003560066223,512.0,-1.399146556854248,-136.06968688964844,4.677858829498291,0.0,0.0,0.0,0.0,1554432.0,-0.025393260239313046,901.7036336263021,3.4286068360010784,0.33814355234305066,0.2583984375,450.792138671875,1012.0
113.0,4113.079796791077,512.0,-3.9022581577301025,-222.749267578125,-5.303222179412842,0.005859375,3.0,-629.8193664550781,155.66666666666666,1555968.0,-0.01572721015351514,284.921235148112,3.43358838558197,0.5533913224935532,0.27975260416666664,142.4105557759603,1013.0
114.0,4139.481342077255,512.0,-3.078192949295044,-192.9513702392578,-1.1611104011535645,0.00390625,2.0,-597.1340789794922,177.5,1557504.0,-0.0044484367438902455,292.1774266560872,3.436205267906189,0.5146527578433354,0.25533854166666664,146.0499018351237,1014.0
115.0,4164.53865647316,512.0,-3.123302698135376,-197.5155487060547,-0.7749361395835876,0.00390625,2.0,-638.4967346191406,179.0,1559040.0,0.003600100567564368,201.1083562215169,3.4357969522476197,0.09639962272097667,0.23138020833333334,100.52341995239257,1015.0
116.0,4189.610945940018,512.0,-3.8462276458740234,-218.67877197265625,-4.842785835266113,0.005859375,3.0,-607.4673258463541,150.0,1560576.0,-0.012477852900822957,147.7108586629232,3.4417229731877645,0.2574582308530807,0.220703125,73.80853411356608,1016.0
117.0,4215.311869621277,512.0,-4.382678985595703,-234.2985076904297,-19.198665618896484,0.00390625,2.0,-761.42236328125,154.5,1562112.0,-0.015396876043329637,1471.4468709309897,3.447677159309387,0.5572915946443876,0.3663411458333333,735.6735524495442,1017.0
118.0,4240.412453651428,512.0,-3.339771270751953,-209.207275390625,-12.402565002441406,0.001953125,1.0,-668.9104614257812,231.0,1563648.0,-0.011241714858139554,1029.0298807779948,3.451116172472636,0.45519213328758873,0.26803385416666664,514.469189453125,1018.0
119.0,4268.798244476318,512.0,-1.570823073387146,-158.13705444335938,5.593412399291992,0.0,0.0,0.0,0.0,1565184.0,-0.03184212082996964,886.2700866699219,3.455668330192566,0.47556262811024985,0.2804036458333333,443.0686442057292,1019.0
120.0,4298.161116838455,512.0,-3.8760478496551514,-225.8889617919922,-3.0967605113983154,0.005859375,3.0,-533.0690002441406,124.33333333333333,1566720.0,-0.005834802643706402,77.12044754028321,3.4600919485092163,0.24540008828043938,0.29544270833333336,38.51978797912598,1020.0,-709.8623596191406,439.8536471586239,163.6,0.0,1.0,0.0,0.0
121.0,4367.947400093079,512.0,-3.986403703689575,-224.61708068847656,-16.252477645874023,0.00390625,2.0,-989.2798156738281,243.5,1568256.0,-0.023088848435630402,855.0676839192708,3.4631303389867147,0.6810020317633947,0.28854166666666664,427.4761189778646,1021.0
122.0,4395.295733690262,512.0,-3.687156915664673,-211.87010192871094,-2.4345169067382812,0.005859375,3.0,-493.35010782877606,117.33333333333333,1569792.0,0.0019519090031584103,140.4551015218099,3.4650677998860675,0.19004586488008499,0.313671875,70.19485155741374,1022.0
123.0,4423.742833852768,512.0,-3.187389612197876,-202.311767578125,-1.5627802610397339,0.00390625,2.0,-533.5585327148438,146.0,1571328.0,0.011102434837569793,162.42774200439453,3.4699648221333823,0.08318604392309983,0.2747395833333333,81.19027290344238,1023.0
124.0,4451.131498575211,512.0,-4.5753350257873535,-224.35888671875,0.1171112060546875,0.009765625,5.0,-424.9676208496094,84.8,1572864.0,-0.012023749994114041,69.62060724894205,3.4707831462224323,0.3307848597566287,0.2505859375,34.76357224782308,1024.0
125.0,4478.632931470871,512.0,-1.5973817110061646,-169.30960083007812,11.737252235412598,0.001953125,1.0,-653.0960693359375,447.0,1574400.0,-0.009317551987866561,1455.8608235677084,3.473759977022807,0.2879962369799614,0.28294270833333335,727.8863484700521,1025.0
126.0,4506.575171470642,512.0,-3.906991958618164,-223.87461853027344,-11.766083717346191,0.00390625,2.0,-466.6701354980469,102.5,1575936.0,-0.001218705251812935,911.9413309733073,3.4782484928766886,0.4527910028894742,0.3518880208333333,455.9346588134766,1026.0
127.0,4533.962942838669,512.0,-2.700382947921753,-192.4488983154297,-2.9434187412261963,0.001953125,1.0,-585.6892700195312,154.0,1577472.0,0.0013660148717463017,238.1581019083659,3.4797770818074545,0.29258156766494114,0.30514322916666664,119.04561996459961,1027.0
128.0,4561.117780447006,512.0,-1.6103333234786987,-165.59593200683594,11.427842140197754,0.001953125,1.0,-290.0423889160156,373.0,1579008.0,-0.001886077985788385,1388.1087768554687,3.485471558570862,0.29565436293681463,0.24973958333333332,694.0176513671875,1028.0
129.0,4589.051061868668,512.0,-3.541011095046997,-208.7872772216797,-1.4997843503952026,0.005859375,3.0,-547.7761637369791,148.33333333333334,1580544.0,-0.0004774698987603188,144.20398712158203,3.4879170656204224,0.525349689523379,0.3453776041666667,72.06663551330567,1029.0
130.0,4615.2510805130005,512.0,-3.640289068222046,-212.23193359375,-2.4792935848236084,0.005859375,3.0,-592.3327840169271,158.33333333333334,1582080.0,0.023875211148212352,116.21633122762044,3.493006157875061,0.47354005177815756,0.3401692708333333,58.097111256917316,1030.0,-658.3620971679687,323.94265235444567,193.2,0.0,1.0,0.0,0.0
131.0,4684.7776889801025,512.0,-1.1469029188156128,-143.3074951171875,10.933180809020996,0.0,0.0,0.0,0.0,1583616.0,0.00454557885726293,251.0964823404948,3.5023229360580443,0.2023488740126292,0.32962239583333336,125.5177630106608,1031.0
132.0,4709.884502410889,512.0,-3.542783737182617,-233.8872528076172,-5.133807182312012,0.00390625,2.0,-806.79296875,217.0,1585152.0,-0.009334962877134482,44.50223604838053,3.50127641359965,0.7238547782103221,0.434765625,22.206770515441896,1032.0
133.0,4735.97055888176,512.0,-3.359098196029663,-225.5013885498047,-3.2688052654266357,0.00390625,2.0,-652.5349426269531,182.0,1586688.0,0.011184001869211594,60.28190320332845,3.497082988421122,2.165247178077698,0.39934895833333334,30.11716473897298,1033.0
134.0,4764.3230793476105,512.0,-3.949871778488159,-230.35499572753906,-5.186931133270264,0.005859375,3.0,-606.4216613769531,145.66666666666666,1588224.0,0.007952206426610549,118.0046750386556,3.4910640875498453,0.9500656684239706,0.4651692708333333,58.975378799438474,1034.0
135.0,4793.525799512863,512.0,-3.2610137462615967,-217.372314453125,-2.685012102127075,0.00390625,2.0,-703.7871246337891,204.5,1589760.0,0.050260101165622476,82.0459576924642,3.489700762430827,0.6980416009823481,0.4705078125,41.03834177652995,1035.0
136.0,4822.534158706665,512.0,-3.8026962280273438,-231.2383575439453,-2.038701057434082,0.005859375,3.0,-621.6416727701823,160.33333333333334,1591296.0,-0.0006446752076347668,41.63761259714762,3.4971838712692263,0.4243092844883601,0.3654296875,20.78318999608358,1036.0
137.0,4850.857220888138,512.0,-3.615269899368286,-232.308349609375,-7.413871765136719,0.00390625,2.0,-886.056396484375,240.5,1592832.0,0.012826811708509921,93.26703592936198,3.500028896331787,0.5789649446805318,0.34303385416666665,46.61134440104167,1037.0
138.0,4878.001960992813,512.0,-3.7491753101348877,-231.25071716308594,-0.3630894124507904,0.005859375,3.0,-512.5333150227865,123.33333333333333,1594368.0,0.027522692860414585,30.080403582255045,3.499372204144796,0.6778281013170878,0.403515625,15.03273089726766,1038.0
139.0,4904.77357339859,512.0,-2.802952766418457,-200.9017791748047,-1.759900450706482,0.001953125,1.0,-641.5659790039062,165.0,1595904.0,-0.009152325429022312,328.86180826822914,3.4955871025721232,0.3586386933922768,0.3707682291666667,164.3867955525716,1039.0
140.0,4931.199494123459,512.0,-1.860479712486267,-175.25836181640625,17.256383895874023,0.00390625,2.0,-336.5531463623047,202.0,1597440.0,0.02759921072671811,887.1044494628907,3.494850667317708,0.9375932693481446,0.4347005208333333,443.5448750813802,1040.0,-870.4513732910157,307.4372582708105,251.6,0.0,1.0,0.0,0.0
141.0,5020.701090812683,512.0,-3.629542112350464,-232.0767822265625,-6.278087615966797,0.00390625,2.0,-699.6715393066406,172.0,1598976.0,0.02826648289337754,103.73501866658529,3.4889416058858234,1.2421890219052634,0.4685546875,51.86088651021321,1041.0
142.0,5049.241525888443,512.0,-3.2579362392425537,-216.1830596923828,-11.272124290466309,0.001953125,1.0,-1193.3187255859375,352.0,1600512.0,0.0377624973654747,382.1734283447266,3.4823387622833253,0.7604319433371226,0.3499348958333333,191.08965250651042,1042.0
143.0,5076.5077867507935,512.0,-2.973971128463745,-210.1730499267578,-3.4691998958587646,0.001953125,1.0,-689.1795043945312,205.0,1602048.0,0.011189764458686113,119.15428466796875,3.4790035645167032,1.0214064776897431,0.45651041666666664,59.55354194641113,1043.0
144.0,5101.306598186493,512.0,-3.233731508255005,-206.5061492919922,-4.368513107299805,0.00390625,2.0,-750.562255859375,227.0,1603584.0,0.029256003489717842,201.5688242594401,3.47742600440979,1.0994282563527424,0.40677083333333336,100.77889200846354,1044.0
145.0,5126.618330717087,512.0,-3.626265287399292,-235.18125915527344,-5.698948383331299,0.00390625,2.0,-655.8283386230469,163.0,1605120.0,0.010549062273154657,94.83105697631837,3.4754004001617433,0.661673351128896,0.3499348958333333,47.39132385253906,1045.0
146.0,5152.917832612991,512.0,-3.746366500854492,-229.4957733154297,0.03966442868113518,0.005859375,3.0,-526.1404317220052,126.66666666666667,1606656.0,0.02415268203864495,41.22369575500488,3.471149237950643,0.5456309080123901,0.3880208333333333,20.60128911336263,1046.0
147.0,5179.6056163311005,512.0,-2.5209903717041016,-188.3037872314453,1.7438888549804688,0.001953125,1.0,-370.3262023925781,69.0,1608192.0,-0.015498722670599818,59.162135442097984,3.4696860710779824,0.24405363202095032,0.29544270833333336,29.530872344970703,1047.0
148.0,5205.528109788895,512.0,-3.7860987186431885,-231.1260223388672,-1.0925947427749634,0.005859375,3.0,-580.021240234375,144.0,1609728.0,0.008531487764169772,27.63309637705485,3.4709415197372437,0.4328780551751455,0.39739583333333334,13.790370273590089,1048.0
149.0,5233.807891130447,512.0,-1.6921783685684204,-159.58885192871094,17.026451110839844,0.00390625,2.0,-417.50108337402344,250.0,1611264.0,-0.0218446245106558,1383.7747924804687,3.469391965866089,0.6098699788252513,0.3421875,691.8308634440104,1049.0
150.0,5262.233819484711,512.0,-1.827019214630127,-176.42041015625,8.53449535369873,0.001953125,1.0,-689.53369140625,412.0,1612800.0,0.002954870353763302,776.224540201823,3.466943629582723,0.6412511656681696,0.3348307291666667,388.08055725097654,1050.0,-698.5824096679687,219.3362758745058,195.2,0.0,1.0,0.0,0.0
151.0,5340.252597808838,512.0,-2.9546995162963867,-198.2755584716797,-0.8512125015258789,0.00390625,2.0,-720.8546142578125,242.0,1614336.0,0.01414966859544317,131.67537892659504,3.466450015703837,0.28058213243881863,0.28951822916666664,65.81717427571614,1051.0
152.0,5368.181692361832,512.0,-3.977583646774292,-235.5995330810547,-4.050906658172607,0.005859375,3.0,-627.3328755696615,151.33333333333334,1615872.0,0.017613758084674677,84.7702242533366,3.4692964712778727,1.0504340827465057,0.4783203125,42.36803207397461,1052.0
153.0,5396.025552272797,512.0,-2.887711763381958,-217.11631774902344,-1.1117764711380005,0.001953125,1.0,-834.3427734375,225.0,1617408.0,-0.0015170909309138855,79.60155868530273,3.4686972856521607,0.9642672618230184,0.41920572916666665,39.76457557678223,1053.0
154.0,5423.713381767273,512.0,-2.7861688137054443,-200.0872344970703,-5.893446445465088,0.001953125,1.0,-1082.97607421875,397.0,1618944.0,-0.012108272965997457,481.23760375976565,3.4657845656077066,0.8215004781881968,0.3649088541666667,240.57203572591146,1054.0
155.0,5450.948515892029,512.0,-2.968829870223999,-203.3779754638672,-9.366474151611328,0.001953125,1.0,-1446.1422119140625,483.0,1620480.0,-0.025923838978633283,1649.813094075521,3.46583780447642,1.2573942005634309,0.41282552083333335,824.845957438151,1055.0
156.0,5478.459029436111,512.0,-1.4546276330947876,-181.5296173095703,17.65921974182129,0.001953125,1.0,-350.8490905761719,359.0,1622016.0,-0.008801902970299124,864.6711791992187,3.466681472460429,0.44546830852826436,0.41165364583333336,432.2921203613281,1056.0
157.0,5506.785170316696,512.0,-1.866536259651184,-167.40419006347656,1.6074234247207642,0.0,0.0,0.0,0.0,1623552.0,-0.011871020992596943,364.96866607666016,3.4703439474105835,0.9201616287231446,0.45091145833333335,182.4377586364746,1057.0
158.0,5534.935576677322,512.0,-2.6009953022003174,-200.60252380371094,-2.2542905807495117,0.001953125,1.0,-1202.9871826171875,461.0,1625088.0,0.0018777711782604456,438.09424743652346,3.472618842124939,1.783148952325185,0.5612630208333333,219.01427205403647,1058.0
159.0,5563.1112179756165,512.0,-3.5187132358551025,-234.3143310546875,-4.671441555023193,0.00390625,2.0,-863.5672912597656,241.0,1626624.0,0.031935040031870206,67.42604128519694,3.4709848324457804,0.950177405277888,0.462109375,33.710245323181155,1059.0
160.0,5588.914830446243,512.0,-3.1898443698883057,-232.76454162597656,-6.00208854675293,0.001953125,1.0,-797.62841796875,207.0,1628160.0,0.018848782281080882,140.36577250162762,3.4656764904658,1.7058970928192139,0.5698567708333333,70.1670778910319,1060.0,-1120.5096496582032,570.1588742311749,319.0,0.0,0.8,0.2,0.0
161.0,5686.030785560608,512.0,-3.330317258834839,-243.07763671875,-8.207218170166016,0.001953125,1.0,-1433.5904541015625,405.0,1629696.0,0.003909721566985051,221.67233225504557,3.45964728196462,1.0500725944836935,0.5401692708333333,110.80547803243002,1061.0
162.0,5715.450854539871,512.0,-3.3668015003204346,-237.1239013671875,-0.295104444026947,0.00390625,2.0,-705.6862487792969,194.0,1631232.0,0.07104895456383625,18.610950406392416,3.4549245754877727,0.655937322974205,0.49505208333333334,9.341974878311158,1062.0
163.0,5744.9040858745575,512.0,-3.7672462463378906,-242.4322967529297,-7.120704650878906,0.00390625,2.0,-694.1225891113281,157.5,1632768.0,-0.00044725767026344935,103.72228520711263,3.4549533764521283,1.3145522236824037,0.5064453125,51.826145299275716,1063.0
164.0,5774.138300180435,512.0,-2.9541492462158203,-230.991943359375,-1.0227594375610352,0.001953125,1.0,-848.0146484375,235.0,1634304.0,-0.0017174639118214448,36.40447705586751,3.450745860735575,0.7258956531683604,0.45013020833333334,18.166013463338217,1064.0
165.0,5802.2599313259125,512.0,-3.225348711013794,-229.5998992919922,1.0288037061691284,0.00390625,2.0,-626.3205261230469,172.5,1635840.0,0.005235005542635918,33.76848583221435,3.443675899505615,0.41253535648187,0.5076822916666667,16.855041281382242,1065.0
166.0,5828.774050474167,512.0,-3.585904836654663,-240.71189880371094,-3.9767093658447266,0.00390625,2.0,-707.3215026855469,183.5,1637376.0,0.0010453808431824048,65.84164733886719,3.4340385595957437,0.7529771566390991,0.51171875,32.887528546651204,1066.0
167.0,5856.022763490677,512.0,-3.8928394317626953,-247.8524932861328,-18.720895767211914,0.001953125,1.0,-1775.91650390625,427.0,1638912.0,0.07556986386577288,682.7664652506511,3.429826513926188,0.684924970070521,0.6641927083333333,341.42450561523435,1067.0
168.0,5883.839998960495,512.0,-3.740591049194336,-222.0751190185547,-25.313444137573242,0.0,0.0,0.0,0.0,1640448.0,0.01152240177616477,1236.249090576172,3.4276159524917604,0.49807158509890237,0.4627604166666667,618.1017873128255,1068.0
169.0,5911.688469171524,512.0,-2.991356611251831,-219.4417724609375,-12.585057258605957,0.0,0.0,0.0,0.0,1641984.0,0.010545106573651234,903.1179565429687,3.4244410514831545,1.234018071492513,0.6294270833333333,451.5352762858073,1069.0
170.0,5939.255348682404,512.0,-3.466465711593628,-239.2427978515625,-1.3531254529953003,0.00390625,2.0,-621.6885986328125,152.5,1643520.0,0.019923148273179928,41.552957916259764,3.421077585220337,0.17809577931960424,0.38326822916666664,20.762191200256346,1070.0,-846.7219848632812,524.469046843176,219.0,0.0,1.0,0.0,0.0
171.0,6022.105787038803,512.0,-2.8303096294403076,-227.18836975097656,-0.8961957097053528,0.001953125,1.0,-976.2766723632812,334.0,1645056.0,-0.018033179640769958,51.26283810933431,3.417580238978068,0.22498857527971267,0.31614583333333335,25.579209899902345,1071.0
172.0,6052.048305988312,512.0,-3.052989959716797,-232.0236358642578,-3.802638292312622,0.001953125,1.0,-644.2683715820312,160.0,1646592.0,-0.03190417795752486,78.38339233398438,3.410455354054769,0.5137068500121434,0.39140625,39.12568734486898,1072.0
173.0,6081.343378067017,512.0,-3.2840919494628906,-233.00767517089844,0.5019300580024719,0.00390625,2.0,-711.0609741210938,206.0,1648128.0,0.0178571122388045,19.58069133758545,3.405224418640137,0.26727937956651054,0.3946614583333333,9.774150562286376,1073.0
174.0,6110.884996175766,512.0,-3.9838428497314453,-240.0146026611328,-2.8833789825439453,0.005859375,3.0,-642.6971130371094,156.0,1649664.0,-0.0012741300898293654,78.95772972106934,3.4035919904708862,0.5216816673676173,0.38125,39.443554941813154,1074.0
175.0,6140.77071762085,512.0,-2.697119951248169,-199.22705078125,-9.484590530395508,0.0,0.0,0.0,0.0,1651200.0,-0.02390483682975173,1129.3457112630208,3.4047990640004477,0.55972238779068,0.3455078125,564.6148915608724,1075.0
176.0,6169.502733707428,512.0,-2.76800537109375,-206.3658447265625,-4.29763126373291,0.001953125,1.0,-1252.7872314453125,449.0,1652736.0,-0.021544960451622804,200.3268280029297,3.4054173946380617,0.12654412761330605,0.2579427083333333,100.10781351725261,1076.0
177.0,6199.361238479614,512.0,-3.6794521808624268,-226.9027099609375,-13.897239685058594,0.001953125,1.0,-636.184326171875,163.0,1654272.0,-0.011262093142916759,1642.1169881184896,3.399833639462789,0.330273828903834,0.3600260416666667,821.0132344563802,1077.0
178.0,6229.855730772018,512.0,-1.8545360565185547,-177.6197509765625,2.8282508850097656,0.0,0.0,0.0,0.0,1655808.0,0.0013984411023557186,187.5537368774414,3.392811322212219,0.357429168621699,0.3682942708333333,93.74433924357096,1078.0
179.0,6260.543348073959,512.0,-3.5920207500457764,-242.09765625,-4.026459693908691,0.00390625,2.0,-827.2097473144531,219.5,1657344.0,0.05549839492887258,64.20007680257162,3.3872644901275635,0.7677238434553146,0.5814453125,32.121663856506345,1079.0
180.0,6290.808900117874,512.0,-3.643012762069702,-239.3848419189453,-5.564945220947266,0.00390625,2.0,-840.3013305664062,220.0,1658880.0,0.02171780806966126,95.20826314290365,3.3862330595652264,0.971465665102005,0.5231119791666666,47.59198684692383,1080.0,-944.8692077636719,411.6806745738645,313.6,0.0,0.8,0.2,0.0
181.0,6404.667747020721,512.0,-2.412386178970337,-213.7129669189453,-1.6053086519241333,0.0,0.0,0.0,0.0,1660416.0,0.004692364608248075,147.46499303181966,3.385462172826131,1.765343689918518,0.5697916666666667,73.70333531697591,1081.0
182.0,6434.4783411026,512.0,-3.1005859375,-242.4745330810547,-3.391582727432251,0.001953125,1.0,-637.9734497070312,161.0,1661952.0,0.05561564145609736,43.61346537272136,3.385237940152486,0.900261809428533,0.6509114583333333,21.82849578857422,1082.0
183.0,6464.780046701431,512.0,-3.928513288497925,-242.5609893798828,-1.0462383031845093,0.005859375,3.0,-620.8839925130209,152.0,1663488.0,0.020860506462243696,29.64591719309489,3.3830890099207562,0.329302583138148,0.4723307291666667,14.809988212585449,1083.0
184.0,6494.084489583969,512.0,-3.294193983078003,-233.5397186279297,0.8566562533378601,0.00390625,2.0,-695.8697357177734,195.0,1665024.0,0.082576884329319,21.87777105967204,3.381062658627828,0.7421558678150177,0.6014322916666667,10.987651920318603,1084.0
185.0,6523.34952378273,512.0,-3.069925546646118,-239.93359375,-3.1061058044433594,0.001953125,1.0,-1228.190185546875,374.0,1666560.0,-0.0011492176291843256,35.07272815704346,3.3798533995946247,0.6479818403720856,0.5382161458333333,17.501416397094726,1085.0
186.0,6545.419039487839,512.0,-3.0169360637664795,-235.8411407470703,-2.7881953716278076,0.001953125,1.0,-1019.4376831054688,313.0,1668096.0,0.013049632823094726,19.68930943806966,3.369016695022583,0.35354996621608736,0.4866536458333333,9.824014155069987,1086.0
187.0,6567.965124607086,512.0,-2.8448007106781006,-231.8139190673828,-9.025589942932129,0.0,0.0,0.0,0.0,1669632.0,0.1067944571065406,124.60752131144206,3.353947671254476,1.3748589754104614,0.6041666666666666,62.37701594034831,1087.0
188.0,6588.028538942337,512.0,-3.0048065185546875,-230.96856689453125,-2.1378867626190186,0.001953125,1.0,-591.8742065429688,158.0,1671168.0,0.017479081094885867,121.77155456542968,3.3400071382522585,0.47124116818110146,0.5263671875,60.86985626220703,1088.0
189.0,6610.500173091888,512.0,-2.910094976425171,-234.79298400878906,-1.3908261060714722,0.001953125,1.0,-1099.4984130859375,363.0,1672704.0,0.013813303240264455,22.025060399373373,3.3331413507461547,0.9139058927694956,0.5112630208333333,10.993012205759685,1089.0
190.0,6632.483728885651,512.0,-3.5149829387664795,-241.5995635986328,-2.3590352535247803,0.00390625,2.0,-816.7366638183594,224.0,1674240.0,0.02062608761092027,25.71348991394043,3.322920862833659,0.2843077977498372,0.4439453125,12.8441419283549,1090.0,-957.9442077636719,432.49279640266764,294.0,0.0,0.8,0.2,0.0
191.0,6710.15071439743,512.0,-3.3095290660858154,-242.0125274658203,-6.914823532104492,0.001953125,1.0,-1234.149658203125,325.0,1675776.0,-0.0067015767252693575,104.10583674112955,3.316063928604126,0.7096633553504944,0.43951822916666666,52.01305554707845,1091.0
192.0,6732.236865758896,512.0,-3.6337502002716064,-241.9119873046875,-4.934290409088135,0.00390625,2.0,-883.9787292480469,238.0,1677312.0,-0.00934134932855765,77.34151662190756,3.30447891553243,0.7571012775103251,0.47955729166666666,38.62837187449137,1092.0
193.0,6754.849801063538,512.0,-3.4260637760162354,-245.3593292236328,-9.187829971313477,0.001953125,1.0,-716.0896606445312,187.0,1678848.0,0.009509523554394642,120.68932444254557,3.2951056162516275,0.8327543318271637,0.5087890625,60.321220779418944,1093.0
194.0,6777.644965171814,512.0,-3.0417511463165283,-231.79603576660156,-2.8188412189483643,0.001953125,1.0,-614.7483520507812,164.0,1680384.0,-0.02603082680143416,51.556924438476564,3.288260078430176,0.41571640769640605,0.4275390625,25.71954886118571,1094.0
195.0,6800.91074514389,512.0,-3.352483034133911,-233.3870391845703,-1.1103318929672241,0.00390625,2.0,-835.8441162109375,247.0,1681920.0,0.03771463301964104,29.78666261037191,3.2821982304255166,0.5050324241320292,0.49661458333333336,14.898223845163981,1095.0
196.0,6824.906621694565,512.0,-2.9820683002471924,-229.7367401123047,-3.2107794284820557,0.001953125,1.0,-1015.7921752929688,312.0,1683456.0,-0.02084526897718509,58.8907221476237,3.2775617599487306,0.45365949273109435,0.40631510416666666,29.39173978169759,1096.0
197.0,6849.10583782196,512.0,-3.429182767868042,-239.2803497314453,-0.5590875744819641,0.00390625,2.0,-678.7260131835938,178.5,1684992.0,0.029859307998170454,26.267581113179524,3.2698957363764447,0.5365729530652364,0.5158854166666667,13.130950927734375,1097.0
198.0,6872.124045848846,512.0,-3.358868360519409,-235.3634796142578,-0.09759656339883804,0.00390625,2.0,-716.1560516357422,197.0,1686528.0,0.04176597042630116,19.52217343648275,3.2646698633829754,0.5074269255002339,0.5067057291666667,9.770205974578857,1098.0
199.0,6893.878900527954,512.0,-3.0100479125976562,-238.1100616455078,-2.377657175064087,0.001953125,1.0,-690.5901489257812,203.0,1688064.0,0.02286441419273615,31.72452278137207,3.2626658995946247,1.125388256708781,0.4327473958333333,15.852499039967855,1099.0
200.0,6914.215660095215,512.0,-3.4228084087371826,-232.6909637451172,-2.5607454776763916,0.00390625,2.0,-806.5082855224609,227.5,1689600.0,0.017744159853706757,61.24520645141602,3.2606772343317667,0.5425890485445658,0.476953125,30.60774014790853,1100.0,-589.0409606933594,141.19698258674757,151.8,0.0,1.0,0.0,0.0
201.0,6968.457353115082,512.0,-1.521751880645752,-190.3275604248047,11.036799430847168,0.0,0.0,0.0,0.0,1691136.0,-0.014152309236427149,338.1364461263021,3.2578493038813274,0.44721716245015464,0.3623046875,169.02149251302083,1101.0
202.0,6995.522728443146,512.0,-3.508427858352661,-238.0715789794922,-3.0380325317382812,0.00390625,2.0,-768.7607421875,205.5,1692672.0,0.0005578974106659492,49.87131767272949,3.253096270561218,0.655143462618192,0.40813802083333334,24.90368588765462,1102.0
203.0,7019.207938671112,512.0,-3.473375082015991,-240.1439208984375,-1.6179852485656738,0.00390625,2.0,-653.1861114501953,168.5,1694208.0,0.03904975311209758,34.28275178273519,3.252171190579732,0.40541991194089255,0.5127604166666667,17.147903951009116,1103.0
204.0,7042.982151508331,512.0,-3.273326873779297,-227.47740173339844,0.13928461074829102,0.00390625,2.0,-615.3078002929688,171.0,1695744.0,-0.012267442885786295,49.2058609008789,3.2534146308898926,0.22775040666262308,0.301171875,24.558128992716473,1104.0
205.0,7066.332895278931,512.0,-2.9871718883514404,-216.3877410888672,-6.788842678070068,0.001953125,1.0,-1402.484375,462.0,1697280.0,0.015388466402267416,137.70188751220704,3.2517022132873534,0.14183256675799688,0.34153645833333335,68.83381462097168,1105.0
206.0,7094.163010597229,512.0,-2.5644867420196533,-200.1637725830078,-1.6904497146606445,0.001953125,1.0,-1204.2147216796875,469.0,1698816.0,0.004738636035472155,125.71168924967448,3.2531429370244345,0.14693467020988465,0.3189453125,62.8280522664388,1106.0
207.0,7120.482264280319,512.0,-2.786961793899536,-229.23236083984375,0.5232518315315247,0.001953125,1.0,-1094.06982421875,379.0,1700352.0,-0.0017934514209628106,23.105464363098143,3.2553272167841594,0.3410328368345896,0.33515625,11.51838534673055,1107.0
208.0,7149.539435625076,512.0,-3.714197874069214,-232.2881622314453,0.7326276898384094,0.005859375,3.0,-614.6221008300781,163.0,1701888.0,-0.0027901417886217433,28.589988390604656,3.2550583203633625,0.19074198206265766,0.2970703125,14.259653504689535,1108.0
209.0,7178.9733328819275,512.0,-4.515893459320068,-242.5238800048828,-3.7430639266967773,0.0078125,4.0,-550.2400436401367,116.5,1703424.0,0.0068981479077289505,117.82301813761393,3.2503541469573975,0.25994658867518106,0.4309895833333333,58.88590316772461,1109.0
210.0,7208.634943962097,512.0,-4.106367588043213,-235.2978515625,3.3030121326446533,0.0078125,4.0,-408.001953125,80.5,1704960.0,0.006230668475230535,37.919528834025066,3.247404623031616,0.11143906439344088,0.3253255208333333,18.933521016438803,1110.0,-1029.885919189453,468.02642555896,320.8,0.0,0.8,0.2,0.0
211.0,7316.766839981079,512.0,-3.1019515991210938,-230.02886962890625,-6.231008052825928,0.001953125,1.0,-1046.9542236328125,315.0,1706496.0,-0.020308553194627165,135.2081398010254,3.244364293416341,0.2757188881436984,0.3357421875,67.5513173421224,1111.0
212.0,7344.885081529617,512.0,-2.5277178287506104,-196.2727508544922,-7.825296878814697,0.0,0.0,0.0,0.0,1708032.0,-0.031511302043994265,573.3052113850912,3.241221523284912,0.5860146820545197,0.37376302083333335,286.58868408203125,1112.0
213.0,7371.926960229874,512.0,-3.516759157180786,-241.1839141845703,-2.5478389263153076,0.00390625,2.0,-537.7664489746094,128.0,1709568.0,-0.006875128221387665,49.42836201985677,3.2412990013758343,0.3429078181584676,0.4036458333333333,24.674892934163413,1113.0
214.0,7397.171718120575,512.0,-3.1821935176849365,-231.7204132080078,-6.6473388671875,0.001953125,1.0,-352.6919860839844,63.0,1711104.0,-0.023480817566936214,313.5494028727214,3.2364659786224363,0.6661123891671499,0.42864583333333334,156.7188570658366,1114.0
215.0,7419.01996254921,512.0,-3.3933513164520264,-238.75645446777344,-0.9810478687286377,0.00390625,2.0,-670.9386291503906,188.0,1712640.0,0.044529654054592055,27.60363375345866,3.2297021945317588,0.5194377611080806,0.42864583333333334,13.814049657185873,1115.0
216.0,7441.711576938629,512.0,-3.148050546646118,-234.21034240722656,-6.269205570220947,0.001953125,1.0,-1178.10205078125,334.0,1714176.0,-0.016555562429130078,114.83274383544922,3.2242399295171102,0.32979816198349,0.3948567708333333,57.36757367451985,1116.0
217.0,7465.333797454834,512.0,-2.879150629043579,-214.543212890625,-2.4748852252960205,0.001953125,1.0,-443.4109802246094,105.0,1715712.0,-0.03180566659818093,93.6803571065267,3.2205564816792807,0.812499604622523,0.3968098958333333,46.77616755167643,1117.0
218.0,7486.789773225784,512.0,-4.228067874908447,-240.29119873046875,-15.36552906036377,0.00390625,2.0,-397.19854736328125,75.5,1717248.0,-0.0038496508107831082,1510.858994547526,3.2190651337305707,1.1011201739311218,0.4905598958333333,755.393477376302,1118.0
219.0,7508.218535423279,512.0,-3.2187469005584717,-227.1658172607422,0.38546085357666016,0.00390625,2.0,-697.3026733398438,202.0,1718784.0,0.0020395539545764525,55.85201721191406,3.21897607644399,0.30840941319863,0.4235026041666667,27.895858573913575,1119.0
220.0,7529.514953613281,512.0,-3.727479934692383,-244.8550262451172,-15.659713745117188,0.001953125,1.0,-1397.8548583984375,323.0,1720320.0,-0.006557717422644297,1616.7708943684895,3.219339680671692,0.5388102759917577,0.46282552083333334,808.3466959635417,1120.0,-1052.9938659667969,530.2152909690379,351.4,0.0,0.6,0.4,0.0
221.0,7619.305857419968,512.0,-4.225056171417236,-237.6965789794922,1.0294344425201416,0.0078125,4.0,-492.6758270263672,108.75,1721856.0,-0.0051958311970035235,43.56821225484212,3.2225045998891195,0.22366922746102016,0.3052734375,21.746685282389322,1121.0
222.0,7642.692214250565,512.0,-3.6410138607025146,-236.475830078125,-15.446427345275879,0.001953125,1.0,-1320.6883544921875,355.0,1723392.0,-0.015128445935746034,997.4640096028646,3.2268726666768393,0.3387775639692942,0.3697265625,498.6846008300781,1122.0
223.0,7667.781542539597,512.0,-3.6238925457000732,-229.9777374267578,-7.459397792816162,0.00390625,2.0,-857.122314453125,228.5,1724928.0,-0.014001564503026505,264.802641805013,3.2271287123362224,0.26929876605669656,0.33177083333333335,132.35504760742188,1123.0
224.0,7692.819885015488,512.0,-1.8020347356796265,-190.6046600341797,6.31773042678833,0.0,0.0,0.0,0.0,1726464.0,-0.03173670591786504,462.22844848632815,3.222032904624939,0.6374296903610229,0.38958333333333334,231.0502665201823,1124.0
225.0,7716.362363100052,512.0,-2.755070686340332,-224.1529998779297,1.1611895561218262,0.001953125,1.0,-986.212890625,338.0,1728000.0,-0.009925557362536589,45.1626096089681,3.218986956278483,0.13831939299901327,0.32526041666666666,22.539189338684082,1125.0
226.0,7740.316057920456,512.0,-3.4263503551483154,-234.578857421875,-1.3629273176193237,0.00390625,2.0,-508.31138610839844,119.0,1729536.0,-0.012032117617006103,57.97049229939778,3.215985623995463,0.16701785624027252,0.3294270833333333,28.94105428059896,1126.0
227.0,7763.400105714798,512.0,-3.1878879070281982,-235.9271697998047,-6.473896026611328,0.001953125,1.0,-1100.253173828125,330.0,1731072.0,-0.015460171457380056,507.415288289388,3.214111097653707,0.5036418219407399,0.35690104166666664,253.66004740397136,1127.0
228.0,7787.007305145264,512.0,-1.7897005081176758,-175.3797149658203,3.650414228439331,0.0,0.0,0.0,0.0,1732608.0,-0.02269947403886666,727.0411295572917,3.2144261439641317,0.5551568508148194,0.392578125,363.465727742513,1128.0
229.0,7811.862226009369,512.0,-3.5949337482452393,-238.639892578125,-5.109394550323486,0.00390625,2.0,-771.1409301757812,204.5,1734144.0,0.002713991856823365,78.33719838460287,3.2133960405985516,0.7206138571103414,0.3824869791666667,39.13917859395345,1129.0
230.0,7835.302535533905,512.0,-2.0824451446533203,-201.0030059814453,8.266390800476074,0.001953125,1.0,-930.5626831054688,456.0,1735680.0,-0.004349606204777956,262.428266398112,3.212585186958313,0.3542600025733312,0.36276041666666664,131.177658589681,1130.0,-1461.1142517089843,586.686862467276,457.2,0.0,0.6,0.4,0.0
231.0,7944.162660121918,512.0,-3.1798698902130127,-228.7791290283203,-8.363970756530762,0.001953125,1.0,-1576.1766357421875,491.0,1737216.0,-0.0017467634286731481,449.06189880371096,3.2096815506617227,1.021679804722468,0.4849609375,224.4971046447754,1131.0
232.0,7966.1838302612305,512.0,-3.7820205688476562,-242.6106719970703,-8.17322063446045,0.00390625,2.0,-962.776123046875,254.0,1738752.0,0.002532921762516101,345.20642649332683,3.204385217030843,0.682835563023885,0.5046875,172.57370325724284,1132.0
233.0,7990.707770109177,512.0,-3.8515617847442627,-240.85704040527344,-0.44994449615478516,0.005859375,3.0,-426.5179951985677,87.66666666666667,1740288.0,0.000356961569438378,47.05974782307943,3.2051823298136393,0.34780853788057964,0.398046875,23.49817886352539,1133.0
234.0,8014.298530101776,512.0,-3.1763699054718018,-242.05035400390625,-5.68079948425293,0.001953125,1.0,-1548.9271240234375,480.0,1741824.0,-0.009287558123469352,72.9825003306071,3.206601087252299,0.744849435488383,0.43606770833333336,36.44989668528239,1134.0
235.0,8037.4577622413635,512.0,-3.8833210468292236,-242.22454833984375,-0.7579333186149597,0.005859375,3.0,-422.2922871907552,88.0,1743360.0,0.007834392040967942,78.06769587198893,3.203851334253947,0.5012643565734227,0.4666015625,39.00964361826579,1135.0
236.0,8060.063394784927,512.0,-3.3179051876068115,-248.03070068359375,-7.3892292976379395,0.001953125,1.0,-996.2437133789062,285.0,1744896.0,-0.006028664500142137,108.05148086547851,3.1984025478363036,0.5959604372580846,0.4108072916666667,53.98772773742676,1136.0
237.0,8082.978551149368,512.0,-2.970362424850464,-227.93031311035156,-3.5212602615356445,0.001953125,1.0,-993.964111328125,299.0,1746432.0,-0.020744330404947203,115.53917719523112,3.1937365929285684,0.19347109869122506,0.37747395833333336,57.71690686543783,1137.0
238.0,8104.994981765747,512.0,-3.226536750793457,-242.2047576904297,-5.989994525909424,0.001953125,1.0,-1048.1949462890625,282.0,1747968.0,-0.02089663369891544,201.4062578837077,3.1889616807301837,0.7763956526915232,0.4178385416666667,100.65034294128418,1138.0
239.0,8127.015897035599,512.0,-2.7574994564056396,-216.799072265625,-1.9038282632827759,0.001953125,1.0,-1047.8748779296875,364.0,1749504.0,-0.0022188575938344004,62.65117098490397,3.186230436960856,0.32548045814037324,0.3373046875,31.291504096984863,1139.0
240.0,8149.689430475235,512.0,-3.1921443939208984,-209.1436309814453,-3.127669334411621,0.00390625,2.0,-781.3730621337891,241.5,1751040.0,0.006608988593022029,94.83490829467773,3.192519021034241,0.10201940275728702,0.30572916666666666,47.39213778177897,1140.0,-1439.0790283203125,608.0831198766151,430.8,0.0,0.6,0.4,0.0
241.0,8262.319135665894,512.0,-3.282381772994995,-233.6449737548828,0.8577097058296204,0.00390625,2.0,-688.1346740722656,188.0,1752576.0,-0.000300980390359958,36.65432955423991,3.188088130950928,0.17504193435112636,0.37688802083333334,18.294983259836833,1141.0
242.0,8286.657487392426,512.0,-3.9614689350128174,-241.50059509277344,-2.41780686378479,0.005859375,3.0,-650.0660909016927,160.33333333333334,1754112.0,-0.03149401651074489,64.35318133036296,3.1773615439732867,0.9376790881156921,0.31080729166666665,32.11332289377848,1142.0
243.0,8310.627607584,512.0,-3.3985002040863037,-236.45228576660156,-0.7575209736824036,0.00390625,2.0,-641.0267639160156,161.0,1755648.0,0.019662752964844307,46.37995529174805,3.1707231680552166,0.3967513720194499,0.42649739583333335,23.17793305714925,1143.0
244.0,8332.549685239792,512.0,-3.8204727172851562,-242.6671142578125,-9.073430061340332,0.00390625,2.0,-958.6105194091797,248.5,1757184.0,0.007070549313599865,193.3379908243815,3.168796173731486,0.8751806159814198,0.42864583333333334,96.64437713623047,1144.0
245.0,8355.1490380764,512.0,-3.1997768878936768,-238.8577117919922,-5.469467639923096,0.001953125,1.0,-1296.5113525390625,362.0,1758720.0,-0.015539794539411863,87.36499735514323,3.1686227083206178,0.43224498828252156,0.35716145833333335,43.63527247111003,1145.0
246.0,8377.29837679863,512.0,-3.9883453845977783,-240.4928436279297,-3.147845506668091,0.005859375,3.0,-649.3667500813802,158.0,1760256.0,-0.010562301008030772,57.02947082519531,3.168702816963196,0.43449138005574545,0.33502604166666666,28.472486114501955,1146.0
247.0,8399.347279548645,512.0,-3.719557046890259,-231.238037109375,0.30119451880455017,0.005859375,3.0,-608.7941691080729,160.33333333333334,1761792.0,0.040538655562947196,29.647252782185873,3.16961612701416,0.14570544796685378,0.5079427083333333,14.832468827565512,1147.0
248.0,8422.843411445618,512.0,-3.779603958129883,-233.3654327392578,-0.47298988699913025,0.005859375,3.0,-636.3404337565104,167.33333333333334,1763328.0,0.016471292171627284,30.63933537801107,3.171821149190267,0.31048671503861747,0.37526041666666665,15.304420661926269,1148.0
249.0,8446.585777044296,512.0,-4.429380416870117,-241.7358856201172,-1.9742273092269897,0.0078125,4.0,-537.3297958374023,116.0,1764864.0,-0.020697020196045437,80.3224973042806,3.1706220149993896,0.20070976217587788,0.269921875,40.10884539286295,1149.0
250.0,8469.889554262161,512.0,-4.124593257904053,-240.12171936035156,-5.9780354499816895,0.005859375,3.0,-674.5735473632812,159.66666666666666,1766400.0,0.01212703250348568,91.87105712890624,3.1629939317703246,0.4392067641019821,0.3333333333333333,45.91602579752604,1150.0,-459.858740234375,79.07725442686076,99.6,0.0,1.0,0.0,0.0
251.0,8510.585814237595,512.0,-3.9499711990356445,-239.4390869140625,-2.5671708583831787,0.005859375,3.0,-616.1259765625,149.0,1767936.0,-0.015140500012785196,44.921244303385414,3.158647569020589,0.28815462241570156,0.3083984375,22.413895225524904,1151.0
252.0,8533.300987243652,512.0,-3.4330880641937256,-234.48472595214844,-2.2157278060913086,0.00390625,2.0,-622.2029724121094,159.5,1769472.0,-0.018789463583379983,44.971160634358725,3.160829226175944,0.4080251783132553,0.3243489583333333,22.435182571411133,1152.0
253.0,8556.34477353096,512.0,-3.403533697128296,-229.1182403564453,-1.0813372135162354,0.00390625,2.0,-587.1896820068359,138.0,1771008.0,0.006982009904459119,70.843861134847,3.160510857899984,0.3006161133448283,0.3727213541666667,35.397307523091634,1153.0
254.0,8579.39162349701,512.0,-3.9438273906707764,-240.506591796875,-2.2541449069976807,0.005859375,3.0,-598.6714680989584,144.33333333333334,1772544.0,0.005576623138040304,39.020257059733076,3.1549703598022463,0.24086774339278538,0.31569010416666665,19.484155146280923,1154.0
255.0,8603.370478391647,512.0,-4.1970391273498535,-237.7706756591797,1.5669841766357422,0.0078125,4.0,-490.26419830322266,109.5,1774080.0,0.016496634980042776,37.68830585479736,3.1511847178141275,0.2970360413193703,0.3243489583333333,18.829137738545736,1155.0
256.0,8627.63475561142,512.0,-4.3479228019714355,-236.6894073486328,-20.842281341552734,0.00390625,2.0,-1097.6222076416016,250.0,1775616.0,-0.029137978609651328,1306.346171061198,3.148746951421102,1.1331785917282104,0.3590494791666667,653.112461344401,1156.0
257.0,8652.748091697693,512.0,-2.215883731842041,-192.1127166748047,4.21075963973999,0.001953125,1.0,-882.6896362304688,405.0,1777152.0,-0.013262449763715267,452.1553039550781,3.1456755002339682,0.12788863529761632,0.2810546875,226.0329325358073,1157.0
258.0,8676.8334774971,512.0,-3.500486135482788,-222.8188018798828,-5.919190883636475,0.00390625,2.0,-761.3275756835938,201.5,1778688.0,-0.022830693206439417,423.86888122558594,3.1444831530253095,0.5264774829149246,0.319921875,211.88016662597656,1158.0
259.0,8701.485059976578,512.0,-3.8175621032714844,-239.0778045654297,-0.1607116013765335,0.005859375,3.0,-558.8712361653646,135.33333333333334,1780224.0,0.052440272426853576,49.47498410542806,3.1445470809936524,0.22081101164221764,0.42923177083333336,24.758486874898274,1159.0
260.0,8728.001312494278,512.0,-3.462247610092163,-234.98915100097656,-2.403184175491333,0.00390625,2.0,-685.0635375976562,181.0,1781760.0,-0.020161641854792835,71.46171010335287,3.1455621004104612,0.46216448545455935,0.28899739583333334,35.67923793792725,1160.0,-648.2084777832031,254.63467727813565,225.8,0.0,0.8,0.0,0.0
261.0,8811.322724819183,512.0,-3.6792519092559814,-234.16290283203125,-7.323422908782959,0.00390625,2.0,-817.2677001953125,202.5,1783296.0,-0.02207268209507068,336.517236328125,3.1383016029993693,0.7475729554891586,0.296875,168.20516255696614,1161.0
262.0,8839.121372699738,512.0,-3.316964864730835,-233.6656494140625,0.11690155416727066,0.00390625,2.0,-536.7164916992188,146.5,1784832.0,0.0045376526502271496,52.79182319641113,3.1286463181177777,0.94996630748113,0.40677083333333336,26.369162559509277,1162.0
263.0,8866.679334640503,512.0,-3.3730170726776123,-231.8055877685547,-2.040290117263794,0.00390625,2.0,-811.3651733398438,235.5,1786368.0,-0.013544355363895496,46.24062906901042,3.1283233801523846,0.3928519278764725,0.30130208333333336,23.075486946105958,1163.0
264.0,8894.9458258152,512.0,-3.9125442504882812,-242.94554138183594,-9.620624542236328,0.00390625,2.0,-608.8392944335938,144.0,1787904.0,-0.041558538035800056,488.98145853678386,3.1281736294428506,1.0368756850560505,0.27662760416666665,244.4178899129232,1164.0
265.0,8922.917812108994,512.0,-3.33440899848938,-239.261474609375,-8.47049617767334,0.001953125,1.0,-1435.4658203125,392.0,1789440.0,-0.013292824337258934,240.5034444173177,3.1232109944025677,0.33987884819507597,0.33548177083333336,120.20719782511394,1165.0
266.0,8949.878734588623,512.0,-3.3336658477783203,-228.87074279785156,-1.497681975364685,0.00390625,2.0,-778.6044464111328,223.5,1790976.0,-0.029812518010536828,80.50862426757813,3.122153385480245,1.0060937027136485,0.3662109375,40.193278312683105,1166.0
267.0,8976.423285961151,512.0,-3.1158294677734375,-238.50840759277344,-5.030795574188232,0.001953125,1.0,-1271.48876953125,391.0,1792512.0,-0.04560673035060366,64.38029225667317,3.1207654317220053,0.7706206242243449,0.3776041666666667,32.11333185831706,1167.0
268.0,9002.428455352783,512.0,-3.8808085918426514,-236.9681396484375,-20.62043571472168,0.001953125,1.0,-1480.5662841796875,334.0,1794048.0,-0.03362642604236801,922.8040018717448,3.1170387983322145,0.867870169878006,0.36184895833333336,461.3372090657552,1168.0
269.0,9033.236139297485,512.0,-3.1813430786132812,-232.4998321533203,-6.53526496887207,0.001953125,1.0,-853.5205688476562,211.0,1795584.0,-0.034732372810443245,132.11225814819335,3.1105990171432496,1.2016460080941518,0.44095052083333336,65.99029057820638,1169.0
270.0,9062.109889268875,512.0,-2.8042144775390625,-234.9683074951172,1.3910444974899292,0.001953125,1.0,-977.2597045898438,312.0,1797120.0,-0.004325483196104566,27.900156021118164,3.1048431237538656,1.2452347556749979,0.4147135416666667,13.914703973134358,1170.0,-1271.6197265625,532.5269374587247,489.6,0.0,0.2,0.8,0.0
271.0,9185.042997598648,512.0,-3.1924350261688232,-242.4217529296875,-5.922114849090576,0.001953125,1.0,-532.2769165039062,152.0,1798656.0,-0.017824880592525006,108.62872467041015,3.0986824591954547,1.831721584002177,0.4246744791666667,54.26555086771647,1171.0
272.0,9204.745820522308,512.0,-3.0503900051116943,-239.2112274169922,-2.9383628368377686,0.001953125,1.0,-588.0642700195312,138.0,1800192.0,-0.013214450539089739,47.01048202514649,3.0908056179682415,1.425803788503011,0.40143229166666666,23.46111838022868,1172.0
273.0,9223.090068817139,512.0,-2.5851316452026367,-240.5760040283203,-3.60417103767395,0.0,0.0,0.0,0.0,1801728.0,-0.0065318661121030646,45.2810427347819,3.086219064394633,2.046908434232076,0.457421875,22.60312703450521,1173.0
274.0,9249.122401475906,512.0,-2.6613025665283203,-210.2445831298828,-6.923973083496094,0.0,0.0,0.0,0.0,1803264.0,-0.012691224630301198,739.7080993652344,3.085582733154297,1.1866939882437388,0.391015625,369.8105010986328,1174.0
275.0,9269.596171855927,512.0,-3.346522569656372,-249.6141815185547,-7.459510803222656,0.001953125,1.0,-809.7000122070312,231.0,1804800.0,-0.016048158674190443,124.81955286661784,3.088932204246521,0.8254797220230102,0.35885416666666664,62.36283887227376,1175.0
276.0,9295.4031727314,512.0,-3.815990447998047,-253.54786682128906,-25.02799415588379,0.0,0.0,0.0,0.0,1806336.0,-0.03822830800587932,892.9359965006511,3.088911271095276,1.9245856126149496,0.46673177083333334,446.3988789876302,1176.0
277.0,9313.672782182693,512.0,-2.675450086593628,-244.24452209472656,-4.326498508453369,0.0,0.0,0.0,0.0,1807872.0,-0.03399478790039818,56.442177836100264,3.083393096923828,2.608906316757202,0.475,28.15626023610433,1177.0
278.0,9331.828473806381,512.0,-1.6588557958602905,-195.8433380126953,16.25569725036621,0.001953125,1.0,-519.3067626953125,382.0,1809408.0,-0.014097890211269259,1026.5645365397136,3.082726756731669,0.6611432919899622,0.3321614583333333,513.2373362223308,1178.0
279.0,9356.429975032806,512.0,-3.3318564891815186,-229.2939453125,-2.0574588775634766,0.00390625,2.0,-736.5618286132812,213.0,1810944.0,0.0011956678392986456,99.05919392903645,3.090506601333618,0.5860111514727274,0.4161458333333333,49.499887975056964,1179.0
280.0,9382.479828596115,512.0,-2.3975143432617188,-196.4755401611328,9.95742416381836,0.00390625,2.0,-572.6902313232422,239.0,1812480.0,8.689556270837783e-05,1199.0321166992187,3.0957392930984495,0.4760038822889328,0.44752604166666665,599.485205078125,1180.0,-1023.1546020507812,606.7963514364704,320.6,0.0,0.6,0.4,0.0
281.0,9482.909596443176,512.0,-1.2497320175170898,-165.1599578857422,27.00807762145996,0.00390625,2.0,-269.8623809814453,235.0,1814016.0,0.00887254048138857,1057.8866739908854,3.0970887899398805,0.07393316738307476,0.332421875,528.9212473551432,1181.0
282.0,9508.988723039627,512.0,-3.2658185958862305,-219.6266326904297,-0.9636475443840027,0.00390625,2.0,-633.7368316650391,171.0,1815552.0,0.007941144239157438,103.72643025716145,3.09867947101593,0.8897149384021759,0.3826822916666667,51.840169270833336,1182.0
283.0,9535.925406694412,512.0,-3.2986507415771484,-236.2890625,-7.167834758758545,0.001953125,1.0,-803.8141479492188,217.0,1817088.0,-0.013074211062242587,232.78191528320312,3.099534829457601,0.8795403659343719,0.3240234375,116.3468874613444,1183.0
284.0,9564.525007724762,512.0,-2.8587214946746826,-235.58868408203125,-7.137872695922852,0.0,0.0,0.0,0.0,1818624.0,-0.015692915674299,242.91305033365884,3.0976805210113527,0.5880063603321711,0.3796875,121.40985488891602,1184.0
285.0,9593.240626096725,512.0,-0.9461977481842041,-146.87396240234375,14.689846992492676,0.0,0.0,0.0,0.0,1820160.0,-0.0007132821095486482,496.6123474121094,3.0937312205632526,0.7671743969122569,0.41875,248.27452138264974,1185.0
286.0,9621.947553634644,512.0,-3.277956008911133,-227.1696319580078,-7.742938995361328,0.001953125,1.0,-499.130126953125,117.0,1821696.0,-0.0393740619532764,197.9157750447591,3.0884146610895793,1.7073505798975626,0.4341796875,98.88762969970703,1186.0
287.0,9651.11152791977,512.0,-3.682506799697876,-243.3780517578125,-6.148533344268799,0.00390625,2.0,-803.2020111083984,199.5,1823232.0,0.0038830510961512725,280.9982920328776,3.0836864948272704,0.5440820952256521,0.41529947916666665,140.472189839681,1187.0
288.0,9680.117999315262,512.0,-3.9472274780273438,-240.64947509765625,-2.3277108669281006,0.005859375,3.0,-605.8419494628906,144.33333333333334,1824768.0,-0.02667717213431994,82.294921875,3.0822290182113647,1.321926518281301,0.3172526041666667,41.08996162414551,1188.0
289.0,9709.105330944061,512.0,-3.7113723754882812,-238.70591735839844,1.7471390962600708,0.005859375,3.0,-589.328847249349,152.66666666666666,1826304.0,0.03561933748424053,38.5881467183431,3.0797415733337403,0.3933788587649663,0.39231770833333335,19.298895263671874,1189.0
290.0,9737.714120149612,512.0,-2.4775655269622803,-210.1918487548828,-3.091928243637085,0.0,0.0,0.0,0.0,1827840.0,-0.0034598010281721753,133.31868718465168,3.08102015654246,0.3239664445320765,0.41595052083333334,66.62507311503093,1190.0,-922.5838989257812,284.2142550582073,307.8,0.0,0.8,0.2,0.0
291.0,9842.79423570633,512.0,-2.5647881031036377,-211.64381408691406,1.567050576210022,0.001953125,1.0,-1057.3870849609375,401.0,1829376.0,0.01352038017163674,118.38433583577473,3.07979310353597,0.36151096423467,0.3938802083333333,59.17489064534505,1191.0
292.0,9871.087876319885,512.0,-2.446500301361084,-210.0436248779297,-3.1729233264923096,0.0,0.0,0.0,0.0,1830912.0,0.009180809697136283,301.3969004313151,3.0795800924301147,0.7501238246758779,0.5456380208333333,150.67683181762695,1192.0
293.0,9897.73732972145,512.0,-2.406620979309082,-196.9066619873047,0.9769805073738098,0.001953125,1.0,-1032.382568359375,434.0,1832448.0,0.007289080011347929,225.99741821289064,3.0853233416875203,0.23513595263163248,0.3821614583333333,112.97514368693034,1193.0
294.0,9923.470495462418,512.0,-2.725606918334961,-213.0500946044922,-0.5454723834991455,0.001953125,1.0,-1045.3455810546875,345.0,1833984.0,-0.0024675704538822175,92.59808451334635,3.095447548230489,0.1259515605866909,0.306640625,46.26561991373698,1194.0
295.0,9950.377687692642,512.0,-3.9001624584198,-242.80967712402344,-0.7367720007896423,0.005859375,3.0,-589.2041727701823,143.33333333333334,1835520.0,-4.0525260070959725e-05,41.583404286702475,3.1037627696990966,0.19659421692291895,0.3850911458333333,20.760623931884766,1195.0
296.0,9976.406040430069,512.0,-2.592427968978882,-214.8457794189453,4.155120372772217,0.001953125,1.0,-610.3487548828125,189.0,1837056.0,0.03132342683772246,45.87183405558268,3.104633831977844,0.25579200237989425,0.371875,22.936194038391115,1196.0
297.0,10002.070908784866,512.0,-3.6344525814056396,-231.8040313720703,-12.407245635986328,0.001953125,1.0,-855.2655639648438,236.0,1838592.0,-0.017359868219743172,1045.4096354166666,3.1033103624979654,0.588088470697403,0.3419921875,522.6564412434896,1197.0
298.0,10030.458634376526,512.0,-3.5233325958251953,-225.9772491455078,-6.325176239013672,0.00390625,2.0,-874.5194396972656,245.0,1840128.0,0.006774845796947678,135.06224517822267,3.100512146949768,0.18895205557346345,0.3099609375,67.50689137776693,1198.0
299.0,10059.334393501282,512.0,-3.569105863571167,-227.0077362060547,2.6280148029327393,0.005859375,3.0,-529.8289082845052,142.33333333333334,1841664.0,-0.002091366518288851,43.53105494181315,3.0983513911565144,0.09386948881049952,0.23658854166666668,21.732452583312988,1199.0
300.0,10088.577248811722,512.0,-2.799001693725586,-194.3566131591797,-12.314892768859863,0.0,0.0,0.0,0.0,1843200.0,-0.016638777079060675,1879.4194580078124,3.098587997754415,1.094939265648524,0.41184895833333335,939.6620869954427,1200.0,-694.7659912109375,132.6036477931396,279.2,0.0,0.8,0.2,0.0
301.0,10188.55018544197,512.0,-1.1534184217453003,-160.44676208496094,13.599308013916016,0.0,0.0,0.0,0.0,1844736.0,-0.005993016871313254,262.00689086914065,3.097068357467651,0.49144208828608194,0.3505859375,130.96647923787435,1201.0
302.0,10217.204157590866,512.0,-2.949694871902466,-219.2748260498047,-1.416326880455017,0.001953125,1.0,-958.56884765625,256.0,1846272.0,0.0011544063997765382,109.5884167989095,3.098025409380595,0.44022332727909086,0.28411458333333334,54.76438204447428,1202.0
303.0,10245.836181163788,512.0,-2.9374382495880127,-221.2574920654297,-0.6086429953575134,0.001953125,1.0,-757.8740234375,208.0,1847808.0,0.006275203389426072,33.67538051605224,3.0998917977015177,0.16839312637845674,0.32643229166666665,16.812966378529868,1203.0
304.0,10273.6126537323,512.0,-4.255590438842773,-240.7042999267578,0.9334669709205627,0.0078125,4.0,-536.3973159790039,124.75,1849344.0,0.014081185171380638,47.74284871419271,3.0994818131128947,0.10548280328512191,0.2679036458333333,23.854510752360024,1204.0
305.0,10301.766776561737,512.0,-3.565582036972046,-237.8672637939453,-4.34084415435791,0.00390625,2.0,-766.9313049316406,198.0,1850880.0,-0.014416906951616208,168.55019505818686,3.104950777689616,0.18653388967116674,0.2923828125,84.22963015238444,1205.0
306.0,10329.63838338852,512.0,-3.270519495010376,-230.00323486328125,1.4387975931167603,0.00390625,2.0,-619.9878540039062,158.0,1852416.0,-0.0008820624168341359,37.93910369873047,3.11254301071167,0.1639735219379266,0.3390625,18.937544218699138,1206.0
307.0,10357.468442678452,512.0,-2.424734592437744,-180.23773193359375,-7.384034633636475,0.0,0.0,0.0,0.0,1853952.0,-0.004485933637867371,787.5470458984375,3.1180752436319987,0.6463271051645278,0.3654296875,393.73785400390625,1207.0
308.0,10383.859823703766,512.0,-3.2000114917755127,-218.1398162841797,-1.4569953680038452,0.00390625,2.0,-773.2946472167969,237.5,1855488.0,0.003928475081920624,110.31738789876302,3.1180526415506997,0.23756918062766394,0.32981770833333335,55.13144226074219,1208.0
309.0,10409.735954284668,512.0,-3.2525289058685303,-215.8839874267578,-2.9417617321014404,0.00390625,2.0,-780.8841552734375,235.5,1857024.0,0.005517053107420604,121.00548044840495,3.117589275042216,0.2642651637395223,0.28463541666666664,60.4770814259847,1209.0
310.0,10435.291724681854,512.0,-3.526074171066284,-229.7431640625,-5.133411407470703,0.00390625,2.0,-767.0030517578125,204.0,1858560.0,-0.0010161334027846654,120.28636805216472,3.12230703830719,0.2955964833498001,0.2779296875,60.110945256551105,1210.0,-857.8527099609375,294.086543018905,350.0,0.0,0.6,0.4,0.0
311.0,10548.362245798111,512.0,-2.8612945079803467,-210.79705810546875,-11.166511535644531,0.0,0.0,0.0,0.0,1860096.0,-0.00254718828946352,543.021186319987,3.1277751048405964,1.0071803510189057,0.384765625,271.47676645914714,1211.0
312.0,10576.963942289352,512.0,-3.959890127182007,-238.6528778076172,-2.9871065616607666,0.005859375,3.0,-660.4196980794271,164.66666666666666,1861632.0,0.06627177170788248,47.98440348307292,3.1331868251164754,0.23458901792764664,0.39622395833333335,24.027141698201497,1212.0
313.0,10605.389640331268,512.0,-1.417401671409607,-166.38621520996094,9.81966495513916,0.0,0.0,0.0,0.0,1863168.0,0.028693212227274976,164.78790588378905,3.1360137701034545,0.4107435941696167,0.41165364583333336,82.3912862141927,1213.0
314.0,10634.210782051086,512.0,-2.9390790462493896,-220.1473846435547,-4.537428379058838,0.001953125,1.0,-1237.7318115234375,402.0,1864704.0,-0.005628907090673844,118.2895985921224,3.1432029724121096,0.2834566459059715,0.29876302083333334,59.10773836771647,1214.0
315.0,10662.902663469315,512.0,-3.4898040294647217,-233.5100860595703,-2.8827455043792725,0.00390625,2.0,-749.2972412109375,195.0,1866240.0,-0.012696986769636471,120.02414220174154,3.1513230005900064,0.10326663659264644,0.2576822916666667,59.96786066691081,1215.0
316.0,10691.493745088577,512.0,-2.5096566677093506,-208.57249450683594,1.1658884286880493,0.001953125,1.0,-1141.3717041015625,456.0,1867776.0,-0.0023226993158459663,172.3721903483073,3.1594292163848876,0.16953742653131484,0.3017578125,86.15217895507813,1216.0
317.0,10720.140500545502,512.0,-3.4530704021453857,-232.7064971923828,-2.541924238204956,0.00390625,2.0,-713.3536987304688,185.5,1869312.0,-0.015869435699035723,99.25115509033203,3.16407577196757,0.23858134547869364,0.2517578125,49.57806714375814,1217.0
318.0,10747.808443069458,512.0,-3.3187999725341797,-230.5105438232422,0.08858251571655273,0.00390625,2.0,-614.7122955322266,160.5,1870848.0,0.0014462966782351335,34.10020376841227,3.166710623105367,0.3267896682024002,0.3244140625,17.019881216684976,1218.0
319.0,10774.791898012161,512.0,-3.312269926071167,-221.9407958984375,-2.6432528495788574,0.00390625,2.0,-776.6987609863281,227.0,1872384.0,-0.0057156444527208805,83.51770044962565,3.168756628036499,0.421332973241806,0.3455729166666667,41.72144711812337,1219.0
320.0,10801.7962641716,512.0,-3.7442500591278076,-232.1406707763672,-0.12847542762756348,0.005859375,3.0,-623.8725992838541,164.66666666666666,1873920.0,-0.01114204789046198,31.612686157226562,3.171844148635864,0.4536756743987401,0.284765625,15.763482602437337,1220.0,-789.1548583984375,298.4210852049997,235.0,0.0,1.0,0.0,0.0
321.0,10886.17811512947,512.0,-3.4806902408599854,-227.84423828125,-5.052877426147461,0.00390625,2.0,-849.2838439941406,238.5,1875456.0,-0.0036449608393013476,112.18580958048503,3.1699414332707723,0.4109882871309916,0.26510416666666664,56.05756009419759,1221.0
322.0,10912.67032122612,512.0,-2.7539472579956055,-217.4669647216797,1.495181679725647,0.001953125,1.0,-847.337158203125,221.0,1876992.0,0.0023343232770760853,140.39397099812825,3.164076638221741,0.47641792595386506,0.39869791666666665,70.16767807006836,1222.0
323.0,10938.626308918,512.0,-3.7629470825195312,-228.45115661621094,-8.002120018005371,0.00390625,2.0,-677.6286926269531,141.5,1878528.0,-0.005622494810571273,506.3570170084635,3.158888649940491,0.587064262231191,0.3662109375,253.14129740397135,1223.0
324.0,10964.597094297409,512.0,-3.395115852355957,-228.69090270996094,-1.877915382385254,0.00390625,2.0,-657.0653076171875,165.0,1880064.0,-0.006797742564231157,94.83551584879557,3.1572647094726562,0.48650673230489094,0.3336588541666667,47.37938766479492,1224.0
325.0,10993.284409999847,512.0,-0.9359337687492371,-154.2123260498047,16.844327926635742,0.0,0.0,0.0,0.0,1881600.0,-0.006972161556283633,475.85687561035155,3.1531257470448812,0.1988357072075208,0.3306640625,237.88993225097656,1225.0
326.0,11022.96320605278,512.0,-3.334552049636841,-220.77789306640625,-2.6647331714630127,0.00390625,2.0,-684.0898742675781,186.5,1883136.0,-0.01292505116822819,108.52297617594401,3.151282525062561,0.6407537221908569,0.34153645833333335,54.21705017089844,1226.0
327.0,11051.179869174957,512.0,-3.414022207260132,-231.1125946044922,-3.0411016941070557,0.00390625,2.0,-871.1122741699219,255.0,1884672.0,0.0011780635608981053,61.489970143636064,3.152751604715983,0.561972959836324,0.3587890625,30.714635594685873,1227.0
328.0,11081.58770775795,512.0,-3.570981740951538,-236.4300537109375,-4.672992706298828,0.00390625,2.0,-671.3438262939453,168.5,1886208.0,-0.007173367993285259,79.61010297139485,3.149378546079,0.3556208262840907,0.347265625,39.76638418833415,1228.0
329.0,11114.062938928604,512.0,-3.8498783111572266,-237.9362030029297,-0.6481890082359314,0.005859375,3.0,-535.1290995279948,128.0,1887744.0,-0.014195549107777575,38.34684740702311,3.150019669532776,0.4167157769203186,0.3391927083333333,19.127728017171226,1229.0
330.0,11146.670798540115,512.0,-3.2348759174346924,-230.86585998535156,-7.160985946655273,0.001953125,1.0,-1022.3883666992188,248.0,1889280.0,-0.017426901155461867,180.1577901204427,3.151868136723836,0.6022371778885524,0.365234375,90.02994893391927,1230.0,-531.7193969726562,119.34186301911745,229.6,0.0,0.8,0.2,0.0
331.0,11246.915108442307,512.0,-3.7549126148223877,-233.2713623046875,-0.018788298591971397,0.005859375,3.0,-625.0645446777344,164.33333333333334,1890816.0,-0.004320437181740999,53.64418678283691,3.1520563840866087,0.407659317056338,0.3568359375,26.786252530415855,1231.0
332.0,11279.508269309998,512.0,-3.3150947093963623,-232.91943359375,-10.259453773498535,0.001953125,1.0,-1658.7962646484375,497.0,1892352.0,0.02170804881801208,319.4616709391276,3.1519548575083416,1.4111898203690847,0.4410807291666667,159.7210240681966,1232.0
333.0,11312.067033290863,512.0,-3.1939830780029297,-242.0823211669922,-4.9114089012146,0.001953125,1.0,-953.8046875,269.0,1893888.0,0.0013681917451322078,48.61080551147461,3.158118979136149,0.6320642332235972,0.3597005208333333,24.275189463297526,1233.0
334.0,11344.510933637619,512.0,-3.3745410442352295,-238.0012664794922,-0.6123981475830078,0.00390625,2.0,-800.02734375,230.5,1895424.0,0.028574980919559796,24.97926877339681,3.1609165191650392,0.7501824796199799,0.376953125,12.486600240071615,1234.0
335.0,11376.942452669144,512.0,-3.5798778533935547,-236.13609313964844,-5.3645782470703125,0.00390625,2.0,-912.2710571289062,254.5,1896960.0,0.007300662125150363,79.02671025594076,3.164704513549805,1.0353322625160217,0.41067708333333336,39.48900896708171,1235.0
336.0,11409.38625216484,512.0,-3.222726583480835,-228.30010986328125,0.8233451843261719,0.00390625,2.0,-687.5231018066406,197.5,1898496.0,-0.008806385596593221,23.665570767720542,3.164406434694926,1.0747531314690908,0.35032552083333335,11.79233487447103,1236.0
337.0,11441.730607032776,512.0,-3.5835487842559814,-243.01275634765625,-3.45658016204834,0.00390625,2.0,-576.5791168212891,133.0,1900032.0,0.007610461628064513,83.4239901224772,3.160558478037516,0.8797682205835978,0.4224609375,41.68799978892009,1237.0
338.0,11471.59190416336,512.0,-3.458127975463867,-238.48516845703125,-2.1565399169921875,0.00390625,2.0,-700.2707824707031,184.0,1901568.0,-0.026369441486895084,52.36570650736491,3.1574766794840494,0.49915361205736797,0.31126302083333335,26.12490895589193,1238.0
339.0,11497.88457775116,512.0,-3.2635536193847656,-225.9291229248047,-0.47519469261169434,0.00390625,2.0,-720.3519592285156,205.5,1903104.0,-0.009190752062325676,72.62892634073893,3.1508471727371217,0.7176306585470835,0.3318359375,36.27376384735108,1239.0
340.0,11525.119736909866,512.0,-2.8941848278045654,-224.49180603027344,-0.8944995403289795,0.001953125,1.0,-734.5510864257812,190.0,1904640.0,-0.003891739963243405,75.84141260782877,3.143305198351542,0.9545784652233124,0.36861979166666664,37.88538163503011,1240.0,-1318.9266784667968,477.199226417748,457.8,0.0,0.4,0.6,0.0
341.0,11661.609439849854,512.0,-2.544978380203247,-223.0349578857422,-4.215476989746094,0.0,0.0,0.0,0.0,1906176.0,0.03970664752026399,212.25880025227863,3.1399081627527874,1.9599368095397949,0.5979166666666667,106.1377077738444,1241.0
342.0,11690.345308065414,512.0,-2.858549118041992,-236.0218505859375,-9.13201904296875,0.0,0.0,0.0,0.0,1907712.0,0.010760859989871582,178.50783131917316,3.139711356163025,2.0441322207450865,0.5248697916666667,89.23328170776367,1242.0
343.0,11718.76177072525,512.0,-3.0020382404327393,-234.1757354736328,-3.452871561050415,0.001953125,1.0,-1218.7362060546875,398.0,1909248.0,0.008493884125103553,64.90546391805013,3.1378376960754393,1.2108925044536591,0.44290364583333336,32.42984778086345,1243.0
344.0,11746.380626916885,512.0,-2.716789960861206,-243.9628143310547,-5.154101848602295,0.0,0.0,0.0,0.0,1910784.0,-0.016737411714469394,37.21057357788086,3.1338558355967203,1.984624203046163,0.5973307291666666,18.55721092224121,1244.0
345.0,11776.259155750275,512.0,-2.9760067462921143,-235.73626708984375,-2.4648854732513428,0.001953125,1.0,-1150.1551513671875,373.0,1912320.0,0.03778663783644636,28.203240394592285,3.1303173542022704,1.4538803378740945,0.6650390625,14.108103688557943,1245.0
346.0,11805.248371124268,512.0,-3.1077687740325928,-241.3391571044922,-3.510012626647949,0.001953125,1.0,-693.0346069335938,192.0,1913856.0,-0.013753135316073894,144.37457834879558,3.1316625356674193,1.8648144682248433,0.46490885416666666,72.14221979777018,1246.0
347.0,11832.00086593628,512.0,-3.20538592338562,-245.0877227783203,-4.950570583343506,0.001953125,1.0,-1035.6280517578125,306.0,1915392.0,0.0229142966059347,81.7066546122233,3.136650005976359,1.5703622420628867,0.5825520833333333,40.844875208536784,1247.0
348.0,11859.623975753784,512.0,-2.3582193851470947,-209.2015838623047,5.8398566246032715,0.001953125,1.0,-302.3807678222656,40.0,1916928.0,-0.012588049378246069,408.19591369628904,3.139047392209371,0.6635475685199101,0.3473307291666667,204.0539774576823,1248.0
349.0,11886.409247636795,512.0,-2.4114630222320557,-232.94773864746094,-0.5030021667480469,0.0,0.0,0.0,0.0,1918464.0,-0.009752827882766723,121.9163314819336,3.1388981421788533,1.3837718526522318,0.45403645833333334,60.91702423095703,1249.0
350.0,11914.47418498993,512.0,-2.8599865436553955,-246.52081298828125,-7.513591766357422,0.0,0.0,0.0,0.0,1920000.0,-0.026372830973317225,67.37435506184896,3.1335142771402995,1.0262645959854126,0.41673177083333335,33.62946949005127,1250.0,-818.8712463378906,476.6798671268869,244.8,0.0,0.8,0.2,0.0
351.0,12006.699554681778,512.0,-2.9638760089874268,-236.17681884765625,-2.314392328262329,0.001953125,1.0,-1013.9699096679688,316.0,1921536.0,0.005879859781513611,24.431816164652506,3.137005066871643,0.8352545022964477,0.45852864583333336,12.190417861938476,1251.0
352.0,12034.673246383667,512.0,-2.5014495849609375,-232.59637451171875,-2.830819845199585,0.0,0.0,0.0,0.0,1923072.0,0.0005203942457834879,23.99941291809082,3.1419084866841636,2.224381359418233,0.4434895833333333,11.968807729085286,1252.0
353.0,12062.934918165207,512.0,-2.870152473449707,-233.13275146484375,-0.731402575969696,0.001953125,1.0,-1049.8441162109375,343.0,1924608.0,-0.006397474619249503,15.015888023376466,3.1408418814341226,0.929755671819051,0.37591145833333334,7.470138136545817,1253.0
354.0,12090.376562356949,512.0,-2.7414982318878174,-230.9691162109375,-7.502450942993164,0.0,0.0,0.0,0.0,1926144.0,-0.008810278183470169,284.37816467285154,3.1407631794611612,1.9668803811073303,0.4295572916666667,142.14886398315429,1254.0
355.0,12118.246635913849,512.0,-2.393425226211548,-205.9623565673828,5.837235927581787,0.001953125,1.0,-518.9298706054688,124.0,1927680.0,-0.012452531978487969,305.30419108072914,3.1438334385553994,0.9809632281462352,0.38190104166666666,152.60820566813152,1255.0
356.0,12146.260801792145,512.0,-1.9745407104492188,-184.05201721191406,0.724341094493866,0.0,0.0,0.0,0.0,1929216.0,-0.019088182753572863,1165.8808532714843,3.1519243240356447,0.9245331128438313,0.34303385416666665,582.8898193359375,1256.0
357.0,12174.39161157608,512.0,-0.9747378826141357,-152.7812957763672,15.361882209777832,0.0,0.0,0.0,0.0,1930752.0,-0.01921872381741802,421.8937927246094,3.1483235120773316,0.5447525362173716,0.3311848958333333,210.8961939493815,1257.0
358.0,12202.138620138168,512.0,-3.5106260776519775,-234.2450408935547,-3.703108549118042,0.00390625,2.0,-752.3262786865234,192.5,1932288.0,-0.0059660595376044515,117.008810933431,3.145580768585205,1.2429400861263276,0.36627604166666666,58.466983286539715,1258.0
359.0,12230.543091535568,512.0,-2.834404945373535,-230.9566192626953,-0.7038909792900085,0.001953125,1.0,-1202.29248046875,416.0,1933824.0,-0.013065100663031142,16.064884249369303,3.148584175109863,0.47315940062205,0.3346354166666667,7.987891165415446,1259.0
360.0,12258.26268696785,512.0,-2.680504083633423,-229.69056701660156,-5.828654766082764,0.0,0.0,0.0,0.0,1935360.0,0.014177318631360928,207.36053975423178,3.150515627861023,1.8617433905601501,0.4694010416666667,103.66294275919596,1260.0,-1145.5042785644532,648.7012545375453,379.8,0.0,0.6,0.4,0.0
361.0,12373.321614265442,512.0,-2.050001382827759,-207.14756774902344,3.1892688274383545,0.0,0.0,0.0,0.0,1936896.0,-0.030464877529690664,404.3296213785807,3.1485671520233156,1.3816227833429973,0.42721354166666664,202.1028569539388,1261.0
362.0,12397.630677938461,512.0,-3.3245646953582764,-230.46385192871094,-1.4689286947250366,0.00390625,2.0,-757.8412170410156,219.5,1938432.0,0.0021688087998578947,58.53513793945312,3.1494450251261394,0.9408511499563853,0.39108072916666664,29.238243293762206,1262.0
363.0,12425.419662475586,512.0,-3.204509735107422,-241.4246826171875,-6.313514709472656,0.001953125,1.0,-863.90771484375,241.0,1939968.0,-0.005019005170712868,114.73180414835612,3.152513114611308,1.2683972199757894,0.491796875,57.32935752868652,1263.0
364.0,12455.121040821075,512.0,-1.836584448814392,-195.6498260498047,12.4812650680542,0.001953125,1.0,-462.1517639160156,351.0,1941504.0,-0.005789582369228204,1127.6267822265625,3.154114667574565,0.9041961590449016,0.39407552083333336,563.7760508219401,1264.0
365.0,12484.766870260239,512.0,-2.881890058517456,-242.32081604003906,-9.094099998474121,0.0,0.0,0.0,0.0,1943040.0,0.0017347963837285837,172.66268208821614,3.152558175722758,2.1582775870958963,0.5356119791666667,86.30155029296876,1265.0
366.0,12513.858958005905,512.0,-3.0785694122314453,-228.1219024658203,-5.324703216552734,0.001953125,1.0,-805.8245239257812,200.0,1944576.0,0.006237487650165955,173.07286682128907,3.1519307613372805,1.5252057830492656,0.481640625,86.51115163167317,1266.0
367.0,12541.0927028656,512.0,-2.6648662090301514,-228.63441467285156,-4.758789539337158,0.0,0.0,0.0,0.0,1946112.0,-0.015976037736982106,562.3593719482421,3.1506607294082642,1.1554807305336,0.4240234375,281.13220876057943,1267.0
368.0,12567.647627353668,512.0,-1.3074320554733276,-181.89234924316406,12.708598136901855,0.0,0.0,0.0,0.0,1947648.0,0.049194089292238154,291.1435516357422,3.1505515813827514,1.05474058787028,0.5171223958333333,145.58946584065754,1268.0
369.0,12594.96351313591,512.0,-1.0279327630996704,-160.53965759277344,21.061803817749023,0.001953125,1.0,-437.8111267089844,476.0,1949184.0,-0.005142084400479992,1082.3211161295574,3.1511712869008384,0.7394558270772298,0.3643880208333333,541.1239217122396,1269.0
370.0,12622.851083517075,512.0,-2.6108548641204834,-224.64305114746094,-5.573202610015869,0.0,0.0,0.0,0.0,1950720.0,-0.00385364699177444,435.73967997233075,3.154935924212138,1.6551798939704896,0.425,217.83443705240884,1270.0,-1128.798681640625,705.9230494760205,412.0,0.0,0.4,0.6,0.0
371.0,12727.723195791245,512.0,-3.8580377101898193,-233.6778106689453,-2.400965929031372,0.005859375,3.0,-572.8821614583334,139.0,1952256.0,-0.01055110019321243,84.08070551554361,3.161335651079814,0.6516500542561213,0.3694661458333333,41.998188209533694,1271.0
372.0,12749.548220157623,512.0,-3.4435431957244873,-231.0859375,-4.037871837615967,0.00390625,2.0,-872.0706329345703,252.5,1953792.0,-0.02249726327136159,82.61304791768391,3.1668453057607016,1.2875010132789613,0.47506510416666664,41.252358500162764,1272.0
373.0,12771.712807416916,512.0,-1.8500022888183594,-186.1586151123047,19.69229507446289,0.00390625,2.0,-361.05408096313477,213.0,1955328.0,-0.00980312495181958,1006.6732666015625,3.169587484995524,0.7160851120948791,0.3160807291666667,503.2951395670573,1273.0
374.0,12793.386861801147,512.0,-2.769594192504883,-209.56983947753906,-0.4390951693058014,0.001953125,1.0,-458.0276184082031,86.0,1956864.0,-0.022349346025536457,289.54932810465493,3.1706618388493855,1.938910953203837,0.44453125,144.72060724894206,1274.0
375.0,12816.044606924057,512.0,-1.6366249322891235,-171.55653381347656,6.441732883453369,0.0,0.0,0.0,0.0,1958400.0,-0.027964894473552705,343.8276875813802,3.165707723299662,1.628371826807658,0.40872395833333336,171.8542231241862,1275.0
376.0,12838.361074209213,512.0,-2.9151675701141357,-233.96453857421875,-1.990350604057312,0.001953125,1.0,-1125.712890625,379.0,1959936.0,-0.02516756169497967,140.57925084431966,3.1672168970108032,2.4251898169517516,0.49147135416666665,70.23278554280598,1276.0
377.0,12860.43914437294,512.0,-2.008387804031372,-218.8871307373047,5.015426158905029,0.0,0.0,0.0,0.0,1961472.0,-0.015219669820119937,171.60547536214193,3.1680323123931884,2.077008525530497,0.5295572916666667,85.755837504069,1277.0
378.0,12882.844113349915,512.0,-0.8903288841247559,-152.74595642089844,17.595863342285156,0.0,0.0,0.0,0.0,1963008.0,-0.025348916277289392,419.89610087076824,3.167790651321411,0.7329737424850464,0.3692708333333333,209.89102427164713,1278.0
379.0,12903.986672639847,512.0,-3.8894147872924805,-235.07586669921875,-2.771923780441284,0.005859375,3.0,-526.7825419108073,127.33333333333333,1964544.0,0.032306074940909944,109.93121795654297,3.1652520656585694,2.0624672094980876,0.59609375,54.96626269022624,1279.0
380.0,12924.230152368546,512.0,-2.757371664047241,-232.000732421875,-8.236580848693848,0.0,0.0,0.0,0.0,1966080.0,0.0008384345720211665,100.42791544596354,3.162984585762024,2.7964165449142455,0.5714192708333333,50.183166122436525,1280.0,-1143.266668701172,617.1479648390639,426.6,0.0,0.4,0.6,0.0
381.0,13023.814854860306,512.0,-1.7735038995742798,-189.3228302001953,6.382734298706055,0.0,0.0,0.0,0.0,1967616.0,-0.02492626551538706,259.45331522623695,3.1609037558237714,0.9748261988162994,0.39401041666666664,129.67012303670248,1281.0
382.0,13045.35894727707,512.0,-2.4185097217559814,-221.9540557861328,-2.7722504138946533,0.0,0.0,0.0,0.0,1969152.0,-0.011253005731850863,36.88978652954101,3.1633106311162313,1.7717907547950744,0.4827473958333333,18.402007230122884,1282.0
383.0,13067.183937072754,512.0,-2.0833749771118164,-219.796630859375,4.024876117706299,0.0,0.0,0.0,0.0,1970688.0,-0.01410786680256327,152.5006317138672,3.1634655316670734,1.7403463840484619,0.51484375,76.20457394917806,1283.0
384.0,13088.235554218292,512.0,-3.7685558795928955,-233.4640350341797,-0.001783609390258789,0.005859375,3.0,-536.9374694824219,129.0,1972224.0,0.035664498495558895,43.991807047526045,3.164390055338542,1.8926355202992757,0.5021484375,21.999924023946125,1284.0
385.0,13109.25964140892,512.0,-1.0494143962860107,-169.33766174316406,24.14641571044922,0.001953125,1.0,-232.172119140625,365.0,1973760.0,0.0006309817855556806,902.8586486816406,3.168233784039815,0.29088205297787983,0.35859375,451.3982777913412,1285.0
386.0,13132.499763250351,512.0,-3.362149477005005,-224.08802795410156,-3.075932502746582,0.00390625,2.0,-721.2621917724609,195.5,1975296.0,-0.012849784813200434,149.1352633158366,3.1715089241663614,1.9594500144322713,0.4827473958333333,74.52306696573893,1286.0
387.0,13154.59760761261,512.0,-2.399277687072754,-192.4624786376953,0.40355777740478516,0.001953125,1.0,-1053.5330810546875,434.0,1976832.0,-0.0211210737315317,244.61309611002605,3.1641873757044476,1.330403482913971,0.471484375,122.25378621419271,1287.0
388.0,13175.506711959839,512.0,-1.2305071353912354,-170.0792236328125,13.227705955505371,0.0,0.0,0.0,0.0,1978368.0,-0.017318645026534796,394.565761311849,3.1551682551701865,1.4379435459772745,0.45501302083333334,197.2340108235677,1288.0
389.0,13198.126642942429,512.0,-2.118359088897705,-179.3778076171875,6.983179569244385,0.001953125,1.0,-381.3310546875,68.0,1979904.0,-0.0050122114674498635,264.82559458414715,3.151198705037435,1.2177698493003846,0.56484375,132.37627182006835,1289.0
390.0,13222.243869543076,512.0,-3.3181018829345703,-239.3715057373047,-8.169899940490723,0.001953125,1.0,-785.2031860351562,195.0,1981440.0,0.00777558491875728,118.42803243001302,3.149214482307434,2.163379490375519,0.5467447916666667,59.19029973347982,1290.0,-810.0375549316407,365.6290523592357,232.4,0.0,1.0,0.0,0.0
391.0,13299.980922460556,512.0,-2.336318254470825,-209.59925842285156,-2.2917211055755615,0.0,0.0,0.0,0.0,1982976.0,0.0016136912318567434,77.727534866333,3.1459882418314615,2.803608202934265,0.5585286458333333,38.83392117818197,1291.0
392.0,13325.76355791092,512.0,-1.5335369110107422,-151.2880401611328,5.197231292724609,0.0,0.0,0.0,0.0,1984512.0,0.02758053069313367,1028.6336222330729,3.1405736049016317,2.3156710267066956,0.5090494791666667,514.3129903157552,1292.0
393.0,13352.839739322662,512.0,-3.285567045211792,-230.25352478027344,-0.0908149853348732,0.00390625,2.0,-709.7121276855469,197.0,1986048.0,0.014919199080516895,20.80307699839274,3.1390101750691732,4.058325568834941,0.5024739583333333,10.385067621866861,1293.0
394.0,13380.760102272034,512.0,-3.318610429763794,-227.1424560546875,-2.25412917137146,0.00390625,2.0,-735.2436828613281,210.0,1987584.0,0.004752586844066779,49.45323664347331,3.137900988260905,4.810749983787536,0.5112630208333333,24.699991607666014,1294.0
395.0,13409.910935163498,512.0,-3.0723371505737305,-219.4211883544922,2.85090708732605,0.00390625,2.0,-498.13218688964844,122.0,1989120.0,-0.006707107275724411,91.90369567871093,3.1416223208109537,4.317913277943929,0.5270833333333333,45.913723945617676,1295.0
396.0,13439.865310430527,512.0,-3.0905001163482666,-234.7763214111328,-5.389111042022705,0.001953125,1.0,-1191.9952392578125,364.0,1990656.0,0.033696942838529746,73.0581652323405,3.141977882385254,5.849166536331177,0.5501302083333334,36.53136005401611,1296.0
397.0,13469.579151391983,512.0,-3.21539568901062,-223.3217315673828,-0.5844652056694031,0.00390625,2.0,-749.4060974121094,224.0,1992192.0,-0.012251722735042374,32.12693188985189,3.140071137746175,5.921383730570475,0.5038411458333333,16.01981350580851,1297.0
398.0,13498.832634925842,512.0,-2.683677911758423,-222.0523681640625,1.482993721961975,0.001953125,1.0,-518.0728149414062,146.0,1993728.0,-0.005156644899398088,18.40629316965739,3.1351757446924844,3.656672970453898,0.5041666666666667,9.166638056437174,1298.0
399.0,13527.860691785812,512.0,-4.121639728546143,-248.6378936767578,-22.180566787719727,0.001953125,1.0,-704.6935424804688,192.0,1995264.0,0.028569044972149033,2447.534318033854,3.13044273853302,5.267412598927816,0.5247395833333334,1223.764422607422,1299.0
400.0,13554.710982561111,512.0,-2.929523468017578,-233.0919952392578,-11.56170654296875,0.0,0.0,0.0,0.0,1996800.0,0.06920122570979098,420.13889973958334,3.126073479652405,6.367095279693603,0.641796875,210.10739135742188,1300.0,-669.8155944824218,190.94338056608598,238.4,0.0,0.8,0.2,0.0
401.0,13638.218181371689,512.0,-2.485732316970825,-199.378173828125,-5.5944132804870605,0.0,0.0,0.0,0.0,1998336.0,0.006158656549329559,734.7615376790365,3.125090257326762,3.6120125452677407,0.48723958333333334,367.3556772867839,1301.0
402.0,13666.038846492767,512.0,-2.916623830795288,-234.5467529296875,-1.1274528503417969,0.001953125,1.0,-713.32373046875,191.0,1999872.0,0.017065759841352703,109.29599151611328,3.1241925319035846,4.771700286865235,0.5399088541666667,54.633820088704425,1302.0
403.0,13693.595704317093,512.0,-2.925875663757324,-229.81935119628906,-2.1452252864837646,0.001953125,1.0,-552.9088134765625,130.0,2001408.0,0.02643428131317099,58.93308016459147,3.1257681608200074,5.111551141738891,0.6513671875,29.46171696980794,1303.0
404.0,13720.977869272232,512.0,-1.6040431261062622,-166.41954040527344,5.663893222808838,0.0,0.0,0.0,0.0,2002944.0,-0.02079223464243114,198.97044881184897,3.122599132855733,3.2601571559906004,0.490234375,99.43320643107096,1304.0
405.0,13745.164322137833,512.0,-3.4028518199920654,-232.7714385986328,-2.61820912361145,0.00390625,2.0,-836.4144897460938,242.0,2004480.0,0.018468286221226055,45.179354731241865,3.1194387833277384,4.350038274129232,0.5239583333333333,22.57695134480794,1305.0
406.0,13768.1095328331,512.0,-2.4895341396331787,-206.3695068359375,3.901646375656128,0.001953125,1.0,-528.6142578125,130.0,2006016.0,-0.01441063970948259,104.45374857584635,3.111936855316162,4.837768952051799,0.5311848958333333,52.18134435017904,1306.0
407.0,13791.874815225601,512.0,-3.0361011028289795,-233.3751220703125,-4.390079975128174,0.001953125,1.0,-1048.572021484375,304.0,2007552.0,0.023761073080822825,67.70111757914225,3.1019041617711385,5.84580028851827,0.575,33.8433006922404,1307.0
408.0,13817.09316277504,512.0,-1.3806990385055542,-168.75527954101562,10.813302040100098,0.0,0.0,0.0,0.0,2009088.0,-0.020656782823304336,294.62329050699867,3.092462722460429,3.091511042912801,0.4775390625,147.26006495157878,1308.0
409.0,13844.393340826035,512.0,-4.085072994232178,-245.2063751220703,-13.70685863494873,0.00390625,2.0,-853.9060974121094,186.5,2010624.0,0.03335987178919216,1473.7784057617187,3.0881488800048826,5.734066677093506,0.56875,736.8916798909505,1309.0
410.0,13873.317934036255,512.0,-3.3336212635040283,-232.55384826660156,-8.074858665466309,0.001953125,1.0,-629.6533813476562,164.0,2012160.0,0.007841063135613998,1334.8178833007812,3.0859515349070232,4.340623879432679,0.5871744791666667,667.3859059651693,1310.0,-1040.5981567382812,330.0812587705736,348.0,0.0,0.8,0.2,0.0
411.0,13987.443675756454,512.0,-2.7347657680511475,-227.2122039794922,1.242329716682434,0.001953125,1.0,-1100.43212890625,375.0,2013696.0,-0.01086037311082085,11.419724877675375,3.0857811689376833,4.77568793296814,0.5352864583333333,5.668144241968791,1311.0
412.0,14014.470335006714,512.0,-3.3773434162139893,-243.4303436279297,-8.595252990722656,0.001953125,1.0,-1021.6810913085938,315.0,2015232.0,0.018322699315225083,806.6245056152344,3.083472649256388,5.52045750617981,0.5804036458333334,403.29974975585935,1312.0
413.0,14042.109190702438,512.0,-3.6683967113494873,-226.3500518798828,-0.24599307775497437,0.005859375,3.0,-564.2171732584635,146.66666666666666,2016768.0,0.0024168098888670405,41.31491635640462,3.0819650888442993,2.351456348101298,0.44993489583333335,20.629055086771647,1313.0
414.0,14069.26079249382,512.0,-3.596085786819458,-236.39002990722656,-5.718690395355225,0.00390625,2.0,-742.6531066894531,184.0,2018304.0,0.02648446176511546,109.25680999755859,3.077804668744405,3.9012051820755005,0.5504557291666666,54.624111048380534,1314.0
415.0,14094.038348913193,512.0,-3.8340580463409424,-235.1276397705078,-1.4195995330810547,0.005859375,3.0,-559.7714335123698,136.33333333333334,2019840.0,0.039545518330608806,32.823690287272136,3.078391369183858,2.5565605401992797,0.5018229166666667,16.42060661315918,1315.0
416.0,14113.751019716263,512.0,-2.313302755355835,-205.0045166015625,-1.1020970344543457,0.0,0.0,0.0,0.0,2021376.0,-0.002167691228290399,281.2385538736979,3.0757485548655192,4.184146285057068,0.5201171875,140.58635177612305,1316.0
417.0,14139.358001470566,512.0,-3.4722816944122314,-236.07322692871094,-2.5440571308135986,0.00390625,2.0,-660.7000122070312,161.5,2022912.0,0.05201883412276705,41.97236963907878,3.073270543416341,3.1246723731358848,0.5771484375,21.00747102101644,1317.0
418.0,14162.619096755981,512.0,-2.587411403656006,-215.1525115966797,2.3351943492889404,0.001953125,1.0,-534.00732421875,127.0,2024448.0,-0.0004340699252982934,115.8138552347819,3.071836471557617,2.878209948539734,0.5962890625,57.87577527364095,1318.0
419.0,14190.63196015358,512.0,-3.932330369949341,-240.3946533203125,-11.775116920471191,0.00390625,2.0,-974.8835754394531,243.0,2025984.0,0.02410389898965756,267.74983774820964,3.0682738463083905,3.6815495173136394,0.533984375,133.86834081013998,1319.0
420.0,14216.75512599945,512.0,-3.471531629562378,-232.1553497314453,-4.253513336181641,0.00390625,2.0,-845.0090637207031,237.5,2027520.0,0.0021934926509857176,112.70308151245118,3.064860971768697,2.5876983801523843,0.49485677083333335,56.323085657755534,1320.0,-776.8884460449219,248.3268964829174,365.0,0.0,0.6,0.4,0.0
421.0,14325.452588796616,512.0,-3.1114113330841064,-234.51806640625,-5.0805439949035645,0.001953125,1.0,-703.6174926757812,150.0,2029056.0,0.03285975825662414,74.64186045328776,3.062147291501363,2.440897293885549,0.5544270833333333,37.32316888173421,1321.0
422.0,14353.280833005905,512.0,-2.9327003955841064,-216.7484893798828,-5.794986724853516,0.001953125,1.0,-1255.9124755859375,419.0,2030592.0,0.011559976947804291,128.18733088175455,3.062471357981364,1.0466659426689149,0.4386067708333333,64.0746011098226,1322.0
423.0,14380.849801778793,512.0,-2.7936010360717773,-220.000244140625,-2.2739415168762207,0.001953125,1.0,-1225.46484375,433.0,2032128.0,-0.012729165734102328,48.950142033894856,3.061918679873149,1.4217721939086914,0.4520182291666667,24.431722577412923,1323.0
424.0,14408.514300823212,512.0,-2.728991746902466,-226.07948303222656,-8.193039894104004,0.0,0.0,0.0,0.0,2033664.0,-0.011190845227489869,111.46625569661458,3.0591887553532917,1.5243506948153178,0.48971354166666664,55.691344833374025,1324.0
425.0,14436.35384964943,512.0,-3.751420259475708,-234.7976837158203,-8.488076210021973,0.00390625,2.0,-427.2201690673828,86.5,2035200.0,-0.015990322890381017,1246.2547505696614,3.0549826939900715,1.0761145214239756,0.44524739583333334,623.0808349609375,1325.0
426.0,14464.065706968307,512.0,-3.5372116565704346,-243.2681121826172,-12.261197090148926,0.001953125,1.0,-1151.0025634765625,295.0,2036736.0,0.015679743327200412,332.6814290364583,3.0543017387390137,0.8401250382264455,0.487890625,166.32585169474285,1326.0
427.0,14492.112591028214,512.0,-3.5737569332122803,-240.4613800048828,-13.964957237243652,0.001953125,1.0,-1587.5306396484375,418.0,2038272.0,-0.023055164081354936,342.2805409749349,3.050622495015462,0.7632837573687236,0.3846354166666667,171.08670806884766,1327.0
428.0,14519.777104854584,512.0,-2.4898016452789307,-233.4550018310547,-2.754403829574585,0.0,0.0,0.0,0.0,2039808.0,-0.017149619509776434,36.726227633158366,3.051088245709737,0.5913175051410993,0.3702473958333333,18.31545311609904,1328.0
429.0,14547.277950048447,512.0,-3.626683473587036,-239.0929718017578,-5.88864278793335,0.00390625,2.0,-871.7702331542969,236.0,2041344.0,-0.030150462624927363,76.16203333536784,3.0502597729365033,0.44276475310325625,0.3600260416666667,38.02036348978678,1329.0
430.0,14574.942255735397,512.0,-2.918123245239258,-230.396728515625,-0.8671183586120605,0.001953125,1.0,-599.1716918945312,133.0,2042880.0,-2.868783970673879e-06,45.87002423604329,3.043631609280904,0.6710592945416768,0.4236328125,22.904572931925454,1330.0,-760.8647155761719,572.5107031832689,286.4,0.0,0.6,0.2,0.0
431.0,14669.27831363678,512.0,-2.6358072757720947,-191.5821533203125,-4.73742151260376,0.001953125,1.0,-1061.6065673828125,394.0,2044416.0,-0.021281853162993986,690.6047017415365,3.042099928855896,0.5038867712020874,0.42584635416666666,345.25064748128256,1331.0
432.0,14695.515369653702,512.0,-2.6517722606658936,-237.1026153564453,-5.295760631561279,0.0,0.0,0.0,0.0,2045952.0,-0.0013704185684521994,48.36418851216634,3.036776073773702,0.5460480153560638,0.39303385416666664,24.15035603841146,1332.0
433.0,14720.288031578064,512.0,-3.3979971408843994,-249.3580780029297,-8.56179141998291,0.001953125,1.0,-1671.84033203125,485.0,2047488.0,0.0036950014531612397,92.864187113444,3.03519393603007,0.5567386786142985,0.4371744791666667,46.40543683369955,1333.0
434.0,14744.8286216259,512.0,-3.5959136486053467,-233.2897186279297,-3.9822113513946533,0.00390625,2.0,-470.99041748046875,98.0,2049024.0,-0.006870562365899484,465.13710225423176,3.0415454308191934,0.6797979493935903,0.4344401041666667,232.53126576741536,1334.0
435.0,14769.295788764954,512.0,-3.1935184001922607,-242.0421905517578,-5.870243072509766,0.001953125,1.0,-559.2982788085938,131.0,2050560.0,-0.013458556433518728,224.14053802490236,3.044474657376607,0.466258363922437,0.40305989583333335,112.02636362711588,1335.0
436.0,14793.640659570694,512.0,-2.871798276901245,-233.2148895263672,-0.42399391531944275,0.001953125,1.0,-777.4515991210938,219.0,2052096.0,0.028309734584763647,22.061187807718913,3.042497706413269,0.1689048449198405,0.32786458333333335,11.028478654225667,1336.0
437.0,14819.841578960419,512.0,-2.831676483154297,-226.263916015625,-1.3872522115707397,0.001953125,1.0,-1182.1904296875,406.0,2053632.0,-0.024639928558220465,45.78428688049316,3.0472039937973023,0.265784852206707,0.3529296875,22.837031332651772,1337.0
438.0,14846.969274282455,512.0,-2.179931640625,-199.6126708984375,0.8439124226570129,0.0,0.0,0.0,0.0,2055168.0,-0.008163458621129393,131.7294138590495,3.0508563121159873,0.2208577940861384,0.34427083333333336,65.82603543599447,1338.0
439.0,14874.294280529022,512.0,-3.4458987712860107,-240.2265625,-10.801419258117676,0.001953125,1.0,-1196.95263671875,362.0,2056704.0,-0.0200443755214413,458.28851725260415,3.0504940430323284,0.4534511208534241,0.3854166666666667,229.09370981852214,1339.0
440.0,14901.78918671608,512.0,-3.2511425018310547,-205.7025604248047,-20.082380294799805,0.0,0.0,0.0,0.0,2058240.0,-0.020406390028074383,1108.8019307454426,3.0411605993906656,0.4444697380065918,0.4139322916666667,554.3501424153645,1340.0,-986.6161071777344,563.2966262001032,417.2,0.0,0.6,0.4,0.0
441.0,15034.956123828888,512.0,-3.9669487476348877,-246.22828674316406,-10.739668846130371,0.00390625,2.0,-797.6068572998047,166.5,2059776.0,-0.025956541703393062,1513.6361307779948,3.029655027389526,0.19907195667425792,0.31516927083333335,756.761811319987,1341.0
442.0,15062.34674501419,512.0,-3.353536367416382,-230.5167694091797,-1.3950153589248657,0.00390625,2.0,-679.6138305664062,192.5,2061312.0,-0.0012987703705827395,115.35207710266113,3.019508377710978,0.2630270168185234,0.40286458333333336,57.64454434712728,1342.0
443.0,15088.705369472504,512.0,-1.6063286066055298,-166.59832763671875,14.933079719543457,0.001953125,1.0,-284.1976013183594,31.0,2062848.0,0.013468181357408564,279.3525151570638,3.021547770500183,0.06264757389823596,0.28372395833333336,139.65951029459634,1343.0
444.0,15115.081642627716,512.0,-3.16229248046875,-220.8115234375,-0.006333708763122559,0.00390625,2.0,-696.5729370117188,212.0,2064384.0,-0.027554720329741638,55.99010073343913,3.024344563484192,0.3553910553455353,0.3212890625,27.93725242614746,1344.0
445.0,15141.70696425438,512.0,-3.053145170211792,-228.5252685546875,-4.085487365722656,0.001953125,1.0,-796.7468872070312,210.0,2065920.0,-0.010900519012163082,103.09792887369791,3.023891886075338,0.4041280517975489,0.33841145833333336,51.507825215657554,1345.0
446.0,15167.611970186234,512.0,-1.1984566450119019,-151.99000549316406,16.001962661743164,0.001953125,1.0,-471.9736022949219,455.0,2067456.0,-0.003534986854841312,382.53814188639325,3.0227782487869264,0.06959709282964469,0.2891927083333333,191.2353068033854,1346.0
447.0,15192.766350030899,512.0,-2.7824840545654297,-214.4221649169922,-11.302627563476562,0.0,0.0,0.0,0.0,2068992.0,-0.0386454353419443,282.825634765625,3.0216413577397665,0.7003757099310557,0.3865885416666667,141.34395599365234,1347.0
448.0,15218.848244190216,512.0,-3.698824167251587,-237.155517578125,-7.35922384262085,0.00390625,2.0,-590.3122406005859,153.0,2070528.0,-0.01502091195434332,480.98277791341144,3.016109800338745,0.5196563959121704,0.3465494791666667,240.4462102254232,1348.0
449.0,15244.117166996002,512.0,-3.4372222423553467,-235.59156799316406,-2.138697624206543,0.00390625,2.0,-577.3957214355469,135.0,2072064.0,0.002783143303046624,65.95817604064942,3.0134305159250894,0.4202554186185201,0.3889973958333333,32.95173695882161,1349.0
450.0,15268.493250608444,512.0,-2.026087522506714,-206.48187255859375,2.777372360229492,0.0,0.0,0.0,0.0,2073600.0,-0.02265551391368111,186.28040669759113,3.006128279368083,0.9374087462822597,0.43020833333333336,93.0874860127767,1350.0,-1125.7980712890626,525.5020808859338,535.8,0.0,0.2,0.8,0.0
451.0,15423.110184192657,512.0,-3.211472272872925,-226.31146240234375,0.44819942116737366,0.00390625,2.0,-480.004150390625,113.5,2075136.0,0.005809665626535813,28.06390101114909,2.9973982493082683,0.6566384633382162,0.4111328125,14.007786178588868,1351.0
452.0,15451.096928358078,512.0,-3.3243331909179688,-222.8473358154297,-12.650741577148438,0.001953125,1.0,-1493.5029296875,427.0,2076672.0,0.0004088027402758598,274.8858800252279,2.991110364596049,0.7709543148676554,0.43203125,137.41343510945637,1352.0
453.0,15479.324065685272,512.0,-3.0529327392578125,-239.7519989013672,-3.7155921459198,0.001953125,1.0,-673.4666748046875,172.0,2078208.0,0.03371032190819581,48.75068524678548,2.9917449076970417,0.6658981581528981,0.4376302083333333,24.37913570404053,1353.0
454.0,15506.575073003769,512.0,-3.204038381576538,-222.8084716796875,-0.7340914607048035,0.00390625,2.0,-724.7706909179688,219.0,2079744.0,-0.015839037174979847,46.606418991088866,2.994455623626709,0.5400083233912786,0.44329427083333334,23.25742588043213,1354.0
455.0,15533.600073575974,512.0,-2.9794740676879883,-226.8385009765625,-1.7382878065109253,0.001953125,1.0,-629.0559692382812,156.0,2081280.0,-0.02163837483773629,73.92646509806315,2.992640487353007,1.0297926127910615,0.44778645833333336,36.91166737874349,1355.0
456.0,15561.253629922867,512.0,-1.5405019521713257,-181.7476348876953,9.868825912475586,0.0,0.0,0.0,0.0,2082816.0,-0.027037393612166245,279.79311116536456,2.992204697926839,0.9065468887488047,0.4293619791666667,139.83959554036457,1356.0
457.0,15588.440792560577,512.0,-2.6094141006469727,-227.258056640625,-3.359769821166992,0.0,0.0,0.0,0.0,2084352.0,-0.014521496184170247,58.49545059204102,2.9902618487675983,1.0897991836071015,0.4251953125,29.20330104827881,1357.0
458.0,15614.979541301727,512.0,-3.533776044845581,-241.8604736328125,-3.8908398151397705,0.00390625,2.0,-782.5786285400391,212.0,2085888.0,0.00762381503979365,46.582380040486655,2.9866257905960083,1.2707260012626649,0.47174479166666666,23.268947664896647,1358.0
459.0,15638.75272989273,512.0,-2.870229482650757,-214.3397216796875,-1.059493899345398,0.001953125,1.0,-688.80517578125,194.0,2087424.0,-0.01776603494460384,50.94916051228841,2.9843095858891804,0.8194773157437643,0.4431640625,25.426971117655437,1359.0
460.0,15663.027965545654,512.0,-1.9883012771606445,-187.2177276611328,11.309627532958984,0.001953125,1.0,-511.5965576171875,124.0,2088960.0,-0.023351817578077316,222.48601379394532,2.9785740693410236,0.7686160345872243,0.36959635416666664,111.1898681640625,1360.0,-748.337451171875,262.5615263494904,236.8,0.0,1.0,0.0,0.0
461.0,15726.098091363907,512.0,-3.607501268386841,-240.81324768066406,-4.775598526000977,0.00390625,2.0,-697.9534606933594,176.5,2090496.0,-0.0007802012686928113,72.55909627278646,2.96573490301768,0.8578903138637543,0.4783203125,36.24911098480224,1361.0
462.0,15745.977751970291,512.0,-0.573347270488739,-137.61962890625,20.602258682250977,0.0,0.0,0.0,0.0,2092032.0,0.026504290321220956,371.2652913411458,2.9508807261784873,0.8389103601376215,0.3645833333333333,185.6296422322591,1362.0
463.0,15766.104784727097,512.0,-4.040562152862549,-239.2470245361328,-4.964531421661377,0.005859375,3.0,-636.3396199544271,150.0,2093568.0,0.008897386801739534,110.39238204956055,2.946596948305766,1.7622551520665486,0.4807942708333333,55.17562255859375,1363.0
464.0,15788.204095840454,512.0,-3.149183988571167,-231.3516387939453,-6.260076522827148,0.001953125,1.0,-995.1362915039062,275.0,2095104.0,0.017730469008286794,99.94180297851562,2.9431678374608357,1.6197050213813782,0.5310546875,49.95920054117838,1364.0
465.0,15814.542207717896,512.0,-3.3497397899627686,-231.47193908691406,-0.4630764424800873,0.00390625,2.0,-504.37583923339844,120.0,2096640.0,0.03329610765601198,35.72278226216634,2.9391764640808105,0.9606672008832295,0.5065104166666666,17.865295505523683,1365.0
466.0,15840.793523073196,512.0,-2.7932441234588623,-204.0951385498047,-3.05387020111084,0.001953125,1.0,-448.3173522949219,106.0,2098176.0,-0.03138005651223163,143.01406173706056,2.941436266899109,0.7767991403738658,0.4076171875,71.44623629252116,1366.0
467.0,15867.42246055603,512.0,-0.7310889363288879,-149.63853454589844,19.191741943359375,0.0,0.0,0.0,0.0,2099712.0,-0.02905061128549278,395.7336924235026,2.937962857882182,0.8075786292552948,0.3602213541666667,197.80841623942058,1367.0
468.0,15894.220475196838,512.0,-3.9658737182617188,-238.04176330566406,-3.163132667541504,0.005859375,3.0,-568.1395772298177,132.33333333333334,2101248.0,0.027074707889308533,75.50210240681966,2.929580553372701,1.3813909689585369,0.5041015625,37.74882977803548,1368.0
469.0,15920.247862815857,512.0,-1.3263441324234009,-154.0894317626953,8.825990676879883,0.0,0.0,0.0,0.0,2102784.0,0.007157276462142666,282.65057779947915,2.9287068128585814,0.6428272585074107,0.41822916666666665,141.30315958658855,1369.0
470.0,15946.3929438591,512.0,-3.7316744327545166,-226.9303741455078,-1.2578433752059937,0.005859375,3.0,-616.4298299153646,162.33333333333334,2104320.0,0.01326963840983808,52.02926940917969,2.9317471742630006,1.0003494302431741,0.4969401041666667,25.99858716328939,1370.0,-850.347021484375,171.04973782445245,288.4,0.0,0.8,0.2,0.0
471.0,16040.418416976929,512.0,-2.8236258029937744,-214.781494140625,-3.1037023067474365,0.001953125,1.0,-960.8761596679688,298.0,2105856.0,-0.00115644708275795,89.24102096557617,2.9308612664540608,0.6855294734239579,0.4192708333333333,44.59004440307617,1371.0
472.0,16067.355259895325,512.0,-3.7596828937530518,-231.8341522216797,0.2046065330505371,0.005859375,3.0,-571.9130452473959,140.0,2107392.0,0.005622828006744384,40.929307556152345,2.9304980516433714,0.9221431235472362,0.4420572916666667,20.440971755981444,1372.0
473.0,16094.510679483414,512.0,-3.6812963485717773,-225.4899444580078,-0.70257967710495,0.005859375,3.0,-589.7470092773438,155.66666666666666,2108928.0,-0.023443897782514492,53.0659725189209,2.9300856510798137,0.611800029873848,0.38138020833333336,26.480241711934408,1373.0
474.0,16121.294481754303,512.0,-2.8186779022216797,-214.9327850341797,-3.1503164768218994,0.001953125,1.0,-1051.6319580078125,365.0,2110464.0,-0.0032737100807329017,85.73330942789714,2.925758147239685,0.6360238949457805,0.44342447916666666,42.83412348429362,1374.0
475.0,16146.86012506485,512.0,-2.906263589859009,-204.02000427246094,1.4251643419265747,0.00390625,2.0,-691.1028442382812,235.0,2112000.0,-0.02228006230046352,61.089686965942384,2.916659927368164,0.3103627398610115,0.30911458333333336,30.49339682261149,1375.0
476.0,16174.02625632286,512.0,-2.5673506259918213,-202.47154235839844,2.443964958190918,0.001953125,1.0,-592.2936401367188,153.0,2113536.0,-0.03829103286067645,123.42549209594726,2.9097726424535115,0.8787905116875966,0.42766927083333334,61.64535738627116,1376.0
477.0,16200.665474176407,512.0,-4.072356700897217,-238.43817138671875,-5.653774738311768,0.005859375,3.0,-673.4729817708334,162.33333333333334,2115072.0,0.03141881429279844,128.3936996459961,2.906577134132385,0.4861578593651454,0.47662760416666666,64.1992020924886,1377.0
478.0,16232.694249153137,512.0,-3.045537233352661,-224.31959533691406,-4.286060333251953,0.001953125,1.0,-540.6080932617188,136.0,2116608.0,-0.01026786989532411,306.14673817952473,2.909057625134786,0.438751719892025,0.41360677083333336,153.03401056925455,1378.0
479.0,16264.747072458267,512.0,-3.64416241645813,-226.5009002685547,-4.946576118469238,0.00390625,2.0,-644.5334167480469,142.5,2118144.0,-0.019454502717902264,303.7420954386393,2.9099912881851195,0.4062973320484161,0.37265625,151.82249323527017,1379.0
480.0,16296.899395227432,512.0,-4.082712650299072,-241.38999938964844,-3.871077537536621,0.005859375,3.0,-522.694580078125,113.33333333333333,2119680.0,0.03001737268641591,88.07487767537435,2.905514136950175,0.2657150869568189,0.433984375,44.03840128580729,1380.0,-616.9603759765625,115.66897854788466,164.0,0.0,1.0,0.0,0.0
481.0,16378.039789676666,512.0,-2.546056032180786,-190.77113342285156,-1.8065153360366821,0.001953125,1.0,-931.2402954101562,356.0,2121216.0,0.003507785902669032,88.90177942911784,2.907078750928243,0.12360594024260839,0.32903645833333334,44.42532653808594,1381.0
482.0,16411.13456249237,512.0,-3.6847145557403564,-220.12957763671875,-1.7472199201583862,0.005859375,3.0,-608.4526977539062,162.66666666666666,2122752.0,-0.007322259930272897,80.9472442626953,2.9089019854863483,1.1045624310771625,0.4146484375,40.437210655212404,1382.0
483.0,16444.37092614174,512.0,-2.8322715759277344,-216.3443603515625,-2.0302021503448486,0.001953125,1.0,-561.5868530273438,144.0,2124288.0,-0.010352913693835338,65.6664934794108,2.9113607883453367,0.3237777362267176,0.4205078125,32.79378051757813,1383.0
484.0,16477.860303640366,512.0,-2.734750986099243,-201.7859649658203,-4.22291374206543,0.001953125,1.0,-1054.5323486328125,386.0,2125824.0,-0.009018310081834595,106.35001653035482,2.913973649342855,0.14542711277802786,0.31927083333333334,53.13685022989909,1384.0
485.0,16510.697886943817,512.0,-2.67315411567688,-223.0529327392578,-7.721343994140625,0.0,0.0,0.0,0.0,2127360.0,-0.030092883047958215,114.55519205729166,2.9130375146865846,0.4000572125116984,0.4070963541666667,57.218372853597,1385.0
486.0,16543.46423101425,512.0,-3.714996099472046,-229.04209899902344,0.5198908448219299,0.005859375,3.0,-535.0743611653646,132.33333333333334,2128896.0,-0.009727753015855949,20.966086705525715,2.9109973986943563,0.06354142837226391,0.27877604166666664,10.444205602010092,1386.0
487.0,16576.19907283783,512.0,-3.7516794204711914,-224.33209228515625,-2.1199028491973877,0.005859375,3.0,-619.6821085611979,162.33333333333334,2130432.0,-0.0014270697409907976,52.336290740966795,2.9142264763514203,0.09217116559545199,0.29733072916666664,26.1375758488973,1387.0
488.0,16608.764847755432,512.0,-1.805999755859375,-165.7735137939453,1.4833217859268188,0.0,0.0,0.0,0.0,2131968.0,0.01702780226866404,607.2072245279948,2.9121967713038126,0.589851330469052,0.4388671875,303.59151865641275,1388.0
489.0,16640.89545750618,512.0,-2.5329058170318604,-210.20556640625,-5.927003383636475,0.0,0.0,0.0,0.0,2133504.0,-0.021704749514659245,92.54046122233073,2.912807512283325,0.28572961340347924,0.40944010416666665,46.219397735595706,1389.0
490.0,16673.515566587448,512.0,-1.3953866958618164,-153.5956573486328,7.783802032470703,0.0,0.0,0.0,0.0,2135040.0,-0.00998649513348937,394.7711985270182,2.909434191385905,0.19124935070673624,0.310546875,197.34651896158854,1390.0,-779.7406372070312,191.31676550138343,334.8,0.0,0.6,0.4,0.0
491.0,16804.257749080658,512.0,-0.2568817436695099,-121.6055908203125,23.8859920501709,0.0,0.0,0.0,0.0,2136576.0,0.012333692703396081,512.3236450195312,2.9141767740249636,0.03556151262018829,0.31002604166666664,256.1450154622396,1391.0
492.0,16837.084342241287,512.0,-2.4104561805725098,-168.1044158935547,-9.866065979003906,0.0,0.0,0.0,0.0,2138112.0,-0.022953221077720323,3033.102848307292,2.918706266085307,0.3803226977586746,0.349609375,1516.4993001302084,1392.0
493.0,16870.022750616074,512.0,-4.037502765655518,-237.23101806640625,-4.300623416900635,0.005859375,3.0,-625.0147908528646,142.66666666666666,2139648.0,0.09279532188860079,78.77731882731119,2.917177176475525,1.280386969447136,0.4876953125,39.452282969156904,1393.0
494.0,16903.033051490784,512.0,-3.6936213970184326,-224.2448272705078,1.1238900423049927,0.005859375,3.0,-553.6533915201823,134.33333333333334,2141184.0,0.0073538906561831634,26.991212463378908,2.919988822937012,0.4131473143895467,0.3787760416666667,13.473760191599528,1394.0
495.0,16936.142833709717,512.0,-3.2528140544891357,-211.3482666015625,-0.12208732217550278,0.00390625,2.0,-514.1620941162109,113.5,2142720.0,0.006027293764054776,83.94657554626465,2.9194411834081015,0.747465580701828,0.3912109375,41.95012124379476,1395.0
496.0,16969.290057182312,512.0,-3.9582605361938477,-225.3415069580078,-4.6623663902282715,0.005859375,3.0,-588.9735005696615,132.33333333333334,2144256.0,-0.012743188006182512,109.32920837402344,2.9161861419677733,0.4823684304952621,0.359765625,54.6226988474528,1396.0
497.0,17001.432934761047,512.0,-4.171332359313965,-234.6326141357422,-8.47677993774414,0.005859375,3.0,-638.4163208007812,142.66666666666666,2145792.0,0.010888399711499611,148.40499038696288,2.913956658045451,0.4943202803532282,0.33795572916666666,74.18424415588379,1397.0
498.0,17004.891208171844,512.0,-3.405527114868164,-214.4266357421875,-6.690500736236572,0.00390625,2.0,-750.4248657226562,213.5,2147328.0,0.011788344445327918,152.72455393473308,2.91599862575531,0.20316833704710008,0.333984375,76.34490559895833,1398.0
499.0,17008.312190771103,512.0,-3.4101226329803467,-221.0397186279297,-5.0192999839782715,0.00390625,2.0,-754.0066528320312,209.5,2148864.0,0.00026459783936540285,132.79973347981772,2.9160656134287515,0.3323616415262222,0.380859375,66.37097053527832,1399.0
500.0,17011.75537919998,512.0,-3.1040875911712646,-189.5391082763672,-1.4835392236709595,0.00390625,2.0,-482.9784851074219,90.0,2150400.0,0.004931384402637681,557.816562906901,2.9137293895085654,0.12259763317803542,0.402734375,278.8840738932292,1400.0,-642.7453918457031,150.10289652746627,230.6,0.0,0.8,0.2,0.0
